ISO-10303-21;
HEADER;
FILE_DESCRIPTION(('FreeCAD Model'),'2;1');
FILE_NAME('Open CASCADE Shape Model','2026-09-05T00:22:49',('Author'),(
    ''),'Open CASCADE STEP processor 7.8','FreeCAD','Unknown');
FILE_SCHEMA(('AUTOMOTIVE_DESIGN { 1 0 10303 214 1 1 1 1 }'));
ENDSEC;
DATA;
#1 = APPLICATION_PROTOCOL_DEFINITION('international standard',
  'automotive_design',2000,#2);
#2 = APPLICATION_CONTEXT(
  'core data for automotive mechanical design processes');
#3 = SHAPE_DEFINITION_REPRESENTATION(#4,#10);
#4 = PRODUCT_DEFINITION_SHAPE('','',#5);
#5 = PRODUCT_DEFINITION('design','',#6,#9);
#6 = PRODUCT_DEFINITION_FORMATION('','',#7);
#7 = PRODUCT('Biell SD HT','Biell SD HT','',(#8));
#8 = PRODUCT_CONTEXT('',#2,'mechanical');
#9 = PRODUCT_DEFINITION_CONTEXT('part definition',#2,'design');
#10 = ADVANCED_BREP_SHAPE_REPRESENTATION('',(#11,#15),#3268);
#11 = AXIS2_PLACEMENT_3D('',#12,#13,#14);
#12 = CARTESIAN_POINT('',(0.,0.,0.));
#13 = DIRECTION('',(0.,0.,1.));
#14 = DIRECTION('',(1.,0.,-0.));
#15 = MANIFOLD_SOLID_BREP('',#16);
#16 = CLOSED_SHELL('',(#17,#67,#149,#174,#220,#266,#441,#465,#624,#636,
    #653,#672,#689,#791,#815,#915,#930,#947,#1119,#1307,#1331,#1390,
    #1414,#1439,#1456,#1473,#1497,#1556,#1580,#1605,#1622,#1639,#1670,
    #1824,#1841,#1858,#1875,#1892,#1906,#1925,#1942,#1959,#1976,#1993,
    #2098,#2123,#2156,#2181,#2193,#2205,#2254,#2279,#2303,#2327,#2351,
    #2414,#2448,#2472,#2490,#2515,#2540,#2565,#2590,#2615,#2640,#2657,
    #2681,#2706,#2730,#2764,#2781,#2806,#2833,#2858,#2877,#2896,#2937,
    #2950,#2973,#3001,#3036,#3057,#3066,#3075,#3084,#3104,#3113,#3133,
    #3145,#3162,#3187,#3212,#3232,#3252));
#17 = ADVANCED_FACE('',(#18),#62,.F.);
#18 = FACE_BOUND('',#19,.F.);
#19 = EDGE_LOOP('',(#20,#29,#36,#37));
#20 = ORIENTED_EDGE('',*,*,#21,.T.);
#21 = EDGE_CURVE('',#22,#24,#26,.T.);
#22 = VERTEX_POINT('',#23);
#23 = CARTESIAN_POINT('',(17.5,-205.2777480083,-8.));
#24 = VERTEX_POINT('',#25);
#25 = CARTESIAN_POINT('',(17.5,-205.2777480083,32.));
#26 = B_SPLINE_CURVE_WITH_KNOTS('',1,(#27,#28),.UNSPECIFIED.,.F.,.F.,(2,
    2),(-848.5702492766,848.57024927662),.PIECEWISE_BEZIER_KNOTS.);
#27 = CARTESIAN_POINT('',(17.5,-205.2777480083,-811.5702492766));
#28 = CARTESIAN_POINT('',(17.5,-205.2777480083,885.57024927662));
#29 = ORIENTED_EDGE('',*,*,#30,.F.);
#30 = EDGE_CURVE('',#24,#24,#31,.T.);
#31 = CIRCLE('',#32,17.5);
#32 = AXIS2_PLACEMENT_3D('',#33,#34,#35);
#33 = CARTESIAN_POINT('',(0.,-205.2777480083,32.));
#34 = DIRECTION('',(0.,0.,1.));
#35 = DIRECTION('',(1.,0.,0.));
#36 = ORIENTED_EDGE('',*,*,#21,.F.);
#37 = ORIENTED_EDGE('',*,*,#38,.T.);
#38 = EDGE_CURVE('',#22,#22,#39,.T.);
#39 = B_SPLINE_CURVE_WITH_KNOTS('',11,(#40,#41,#42,#43,#44,#45,#46,#47,
    #48,#49,#50,#51,#52,#53,#54,#55,#56,#57,#58,#59,#60,#61),
  .UNSPECIFIED.,.T.,.F.,(12,10,12),(2.251232133121E-15,54.977871437821,
    109.95574287564),.UNSPECIFIED.);
#40 = CARTESIAN_POINT('',(17.5,-205.2777480083,-8.));
#41 = CARTESIAN_POINT('',(17.5,-200.3520591131,-8.000000000001));
#42 = CARTESIAN_POINT('',(15.974900585442,-195.3590456032,
    -7.999999999998));
#43 = CARTESIAN_POINT('',(12.855577812972,-190.8607736055,
    -8.000000000005));
#44 = CARTESIAN_POINT('',(8.330285028644,-187.4611067143,-7.999999999992
    ));
#45 = CARTESIAN_POINT('',(2.873760080099,-185.6637685958,-8.000000000009
    ));
#46 = CARTESIAN_POINT('',(-2.872032150256,-185.6716712038,
    -7.999999999992));
#47 = CARTESIAN_POINT('',(-8.295274200835,-187.4776841899,
    -8.000000000006));
#48 = CARTESIAN_POINT('',(-12.78921775724,-190.8320324582,
    -7.999999999997));
#49 = CARTESIAN_POINT('',(-15.92987849836,-195.2817452909,
    -8.000000000001));
#50 = CARTESIAN_POINT('',(-17.5,-200.2797596958,-8.));
#51 = CARTESIAN_POINT('',(-17.5,-210.2757363209,-8.));
#52 = CARTESIAN_POINT('',(-15.92987849836,-215.2737507257,
    -7.999999999998));
#53 = CARTESIAN_POINT('',(-12.78921775723,-219.7234635585,
    -8.000000000004));
#54 = CARTESIAN_POINT('',(-8.295274200838,-223.0778118266,
    -7.999999999992));
#55 = CARTESIAN_POINT('',(-2.872032150255,-224.883824813,-8.00000000001)
  );
#56 = CARTESIAN_POINT('',(2.8737600801,-224.8917274207,-7.999999999989)
  );
#57 = CARTESIAN_POINT('',(8.330285028644,-223.0943893024,-8.000000000008
    ));
#58 = CARTESIAN_POINT('',(12.85557781297,-219.6947224111,-7.999999999995
    ));
#59 = CARTESIAN_POINT('',(15.974900585443,-215.1964504135,
    -8.000000000002));
#60 = CARTESIAN_POINT('',(17.5,-210.2034369036,-8.));
#61 = CARTESIAN_POINT('',(17.5,-205.2777480083,-8.));
#62 = CYLINDRICAL_SURFACE('',#63,17.5);
#63 = AXIS2_PLACEMENT_3D('',#64,#65,#66);
#64 = CARTESIAN_POINT('',(0.,-205.2777480083,37.));
#65 = DIRECTION('',(0.,0.,1.));
#66 = DIRECTION('',(1.,0.,0.));
#67 = ADVANCED_FACE('',(#68),#104,.F.);
#68 = FACE_BOUND('',#69,.F.);
#69 = EDGE_LOOP('',(#70,#77,#102,#103));
#70 = ORIENTED_EDGE('',*,*,#71,.T.);
#71 = EDGE_CURVE('',#22,#72,#74,.T.);
#72 = VERTEX_POINT('',#73);
#73 = CARTESIAN_POINT('',(22.499999999257,-205.2777480083,-13.0000861916
    ));
#74 = B_SPLINE_CURVE_WITH_KNOTS('',1,(#75,#76),.UNSPECIFIED.,.F.,.F.,(2,
    2),(0.,109.95574287564),.PIECEWISE_BEZIER_KNOTS.);
#75 = CARTESIAN_POINT('',(17.5,-205.2777480083,-8.));
#76 = CARTESIAN_POINT('',(22.499999999257,-205.2777480083,-13.0000861916
    ));
#77 = ORIENTED_EDGE('',*,*,#78,.T.);
#78 = EDGE_CURVE('',#72,#72,#79,.T.);
#79 = B_SPLINE_CURVE_WITH_KNOTS('',11,(#80,#81,#82,#83,#84,#85,#86,#87,
    #88,#89,#90,#91,#92,#93,#94,#95,#96,#97,#98,#99,#100,#101),
  .UNSPECIFIED.,.T.,.F.,(12,10,12),(2.251232133121E-15,54.977871437821,
    109.95574287564),.UNSPECIFIED.);
#80 = CARTESIAN_POINT('',(22.499999999257,-205.2777480083,-13.0000861916
    ));
#81 = CARTESIAN_POINT('',(22.499999998771,-198.9447194289,
    -13.00011441949));
#82 = CARTESIAN_POINT('',(20.539157893735,-192.525130631,-13.00014303302
    ));
#83 = CARTESIAN_POINT('',(16.528600042902,-186.7416380636,
    -13.00016881117));
#84 = CARTESIAN_POINT('',(10.710366463083,-182.3706377763,-13.0001882933
    ));
#85 = CARTESIAN_POINT('',(3.694834387509,-180.0597744827,-13.00019859284
    ));
#86 = CARTESIAN_POINT('',(-3.69261276341,-180.0699349785,-13.0001985469)
  );
#87 = CARTESIAN_POINT('',(-10.66535254165,-182.3919516735,
    -13.00018819654));
#88 = CARTESIAN_POINT('',(-16.44327997124,-186.7046851599,
    -13.00016897312));
#89 = CARTESIAN_POINT('',(-20.48127235319,-192.4257445153,
    -13.00014347261));
#90 = CARTESIAN_POINT('',(-22.49999999876,-198.8517630353,
    -13.00011483007));
#91 = CARTESIAN_POINT('',(-22.49999999975,-211.7037329814,
    -13.00005754565));
#92 = CARTESIAN_POINT('',(-20.48127235516,-218.129751502,-13.00002890345
    ));
#93 = CARTESIAN_POINT('',(-16.44327997376,-223.8508108587,
    -13.00000340361));
#94 = CARTESIAN_POINT('',(-10.66535254388,-228.1635443464,
    -12.99998418115));
#95 = CARTESIAN_POINT('',(-3.692612764309,-230.4855610427,
    -12.99997383194));
#96 = CARTESIAN_POINT('',(3.694834388396,-230.4957215383,-12.99997378724
    ));
#97 = CARTESIAN_POINT('',(10.710366465339,-228.1848582438,
    -12.99998408794));
#98 = CARTESIAN_POINT('',(16.528600045433,-223.8138579549,
    -13.00000357105));
#99 = CARTESIAN_POINT('',(20.539157895696,-218.0303653862,
    -13.00002934985));
#100 = CARTESIAN_POINT('',(22.499999999744,-211.6107765877,
    -13.00005796372));
#101 = CARTESIAN_POINT('',(22.499999999257,-205.2777480083,
    -13.0000861916));
#102 = ORIENTED_EDGE('',*,*,#71,.F.);
#103 = ORIENTED_EDGE('',*,*,#38,.F.);
#104 = B_SPLINE_SURFACE_WITH_KNOTS('',1,11,(
    (#105,#106,#107,#108,#109,#110,#111,#112,#113,#114,#115,#116,#117
      ,#118,#119,#120,#121,#122,#123,#124,#125,#126)
    ,(#127,#128,#129,#130,#131,#132,#133,#134,#135,#136,#137,#138,#139
      ,#140,#141,#142,#143,#144,#145,#146,#147,#148
  )),.UNSPECIFIED.,.F.,.T.,.F.,(2,2),(12,10,12),(0.,109.95574287564),(
    2.251232133121E-15,54.977871437821,109.95574287564),.UNSPECIFIED.);
#105 = CARTESIAN_POINT('',(17.5,-205.2777480083,-8.));
#106 = CARTESIAN_POINT('',(17.5,-200.3520591131,-8.000000000001));
#107 = CARTESIAN_POINT('',(15.974900585442,-195.3590456032,
    -7.999999999998));
#108 = CARTESIAN_POINT('',(12.855577812972,-190.8607736055,
    -8.000000000005));
#109 = CARTESIAN_POINT('',(8.330285028644,-187.4611067143,
    -7.999999999992));
#110 = CARTESIAN_POINT('',(2.873760080099,-185.6637685958,
    -8.000000000009));
#111 = CARTESIAN_POINT('',(-2.872032150256,-185.6716712038,
    -7.999999999992));
#112 = CARTESIAN_POINT('',(-8.295274200835,-187.4776841899,
    -8.000000000006));
#113 = CARTESIAN_POINT('',(-12.78921775724,-190.8320324582,
    -7.999999999997));
#114 = CARTESIAN_POINT('',(-15.92987849836,-195.2817452909,
    -8.000000000001));
#115 = CARTESIAN_POINT('',(-17.5,-200.2797596958,-8.));
#116 = CARTESIAN_POINT('',(-17.5,-210.2757363209,-8.));
#117 = CARTESIAN_POINT('',(-15.92987849836,-215.2737507257,
    -7.999999999998));
#118 = CARTESIAN_POINT('',(-12.78921775723,-219.7234635585,
    -8.000000000004));
#119 = CARTESIAN_POINT('',(-8.295274200838,-223.0778118266,
    -7.999999999992));
#120 = CARTESIAN_POINT('',(-2.872032150255,-224.883824813,-8.00000000001
    ));
#121 = CARTESIAN_POINT('',(2.8737600801,-224.8917274207,-7.999999999989)
  );
#122 = CARTESIAN_POINT('',(8.330285028644,-223.0943893024,
    -8.000000000008));
#123 = CARTESIAN_POINT('',(12.85557781297,-219.6947224111,
    -7.999999999995));
#124 = CARTESIAN_POINT('',(15.974900585443,-215.1964504135,
    -8.000000000002));
#125 = CARTESIAN_POINT('',(17.5,-210.2034369036,-8.));
#126 = CARTESIAN_POINT('',(17.5,-205.2777480083,-8.));
#127 = CARTESIAN_POINT('',(22.499999999257,-205.2777480083,
    -13.0000861916));
#128 = CARTESIAN_POINT('',(22.499999998771,-198.9447194289,
    -13.00011441949));
#129 = CARTESIAN_POINT('',(20.539157893735,-192.525130631,
    -13.00014303302));
#130 = CARTESIAN_POINT('',(16.528600042902,-186.7416380636,
    -13.00016881117));
#131 = CARTESIAN_POINT('',(10.710366463083,-182.3706377763,
    -13.0001882933));
#132 = CARTESIAN_POINT('',(3.694834387509,-180.0597744827,
    -13.00019859284));
#133 = CARTESIAN_POINT('',(-3.69261276341,-180.0699349785,-13.0001985469
    ));
#134 = CARTESIAN_POINT('',(-10.66535254165,-182.3919516735,
    -13.00018819654));
#135 = CARTESIAN_POINT('',(-16.44327997124,-186.7046851599,
    -13.00016897312));
#136 = CARTESIAN_POINT('',(-20.48127235319,-192.4257445153,
    -13.00014347261));
#137 = CARTESIAN_POINT('',(-22.49999999876,-198.8517630353,
    -13.00011483007));
#138 = CARTESIAN_POINT('',(-22.49999999975,-211.7037329814,
    -13.00005754565));
#139 = CARTESIAN_POINT('',(-20.48127235516,-218.129751502,
    -13.00002890345));
#140 = CARTESIAN_POINT('',(-16.44327997376,-223.8508108587,
    -13.00000340361));
#141 = CARTESIAN_POINT('',(-10.66535254388,-228.1635443464,
    -12.99998418115));
#142 = CARTESIAN_POINT('',(-3.692612764309,-230.4855610427,
    -12.99997383194));
#143 = CARTESIAN_POINT('',(3.694834388396,-230.4957215383,
    -12.99997378724));
#144 = CARTESIAN_POINT('',(10.710366465339,-228.1848582438,
    -12.99998408794));
#145 = CARTESIAN_POINT('',(16.528600045433,-223.8138579549,
    -13.00000357105));
#146 = CARTESIAN_POINT('',(20.539157895696,-218.0303653862,
    -13.00002934985));
#147 = CARTESIAN_POINT('',(22.499999999744,-211.6107765877,
    -13.00005796372));
#148 = CARTESIAN_POINT('',(22.499999999257,-205.2777480083,
    -13.0000861916));
#149 = ADVANCED_FACE('',(#150),#169,.F.);
#150 = FACE_BOUND('',#151,.T.);
#151 = EDGE_LOOP('',(#152,#160,#167,#168));
#152 = ORIENTED_EDGE('',*,*,#153,.F.);
#153 = EDGE_CURVE('',#154,#24,#156,.T.);
#154 = VERTEX_POINT('',#155);
#155 = CARTESIAN_POINT('',(22.5,-205.2777480083,37.));
#156 = LINE('',#157,#158);
#157 = CARTESIAN_POINT('',(17.5,-205.2777480083,32.));
#158 = VECTOR('',#159,1.);
#159 = DIRECTION('',(-0.707106781187,-0.,-0.707106781187));
#160 = ORIENTED_EDGE('',*,*,#161,.T.);
#161 = EDGE_CURVE('',#154,#154,#162,.T.);
#162 = CIRCLE('',#163,22.5);
#163 = AXIS2_PLACEMENT_3D('',#164,#165,#166);
#164 = CARTESIAN_POINT('',(0.,-205.2777480083,37.));
#165 = DIRECTION('',(0.,0.,1.));
#166 = DIRECTION('',(1.,0.,0.));
#167 = ORIENTED_EDGE('',*,*,#153,.T.);
#168 = ORIENTED_EDGE('',*,*,#30,.F.);
#169 = CONICAL_SURFACE('',#170,17.5,0.785398163397);
#170 = AXIS2_PLACEMENT_3D('',#171,#172,#173);
#171 = CARTESIAN_POINT('',(0.,-205.2777480083,32.));
#172 = DIRECTION('',(0.,0.,1.));
#173 = DIRECTION('',(1.,0.,0.));
#174 = ADVANCED_FACE('',(#175,#178),#215,.T.);
#175 = FACE_BOUND('',#176,.T.);
#176 = EDGE_LOOP('',(#177));
#177 = ORIENTED_EDGE('',*,*,#78,.T.);
#178 = FACE_BOUND('',#179,.T.);
#179 = EDGE_LOOP('',(#180,#191,#199,#208));
#180 = ORIENTED_EDGE('',*,*,#181,.T.);
#181 = EDGE_CURVE('',#182,#184,#186,.T.);
#182 = VERTEX_POINT('',#183);
#183 = CARTESIAN_POINT('',(-22.90694339023,-179.8748742387,-13.));
#184 = VERTEX_POINT('',#185);
#185 = CARTESIAN_POINT('',(-17.28735219379,-171.422062562,-13.000595954)
  );
#186 = CIRCLE('',#187,30.);
#187 = AXIS2_PLACEMENT_3D('',#188,#189,#190);
#188 = CARTESIAN_POINT('',(-44.71984751524,-159.2788257431,-13.));
#189 = DIRECTION('',(0.,0.,1.));
#190 = DIRECTION('',(1.,0.,0.));
#191 = ORIENTED_EDGE('',*,*,#192,.F.);
#192 = EDGE_CURVE('',#193,#184,#195,.T.);
#193 = VERTEX_POINT('',#194);
#194 = CARTESIAN_POINT('',(17.28711239374,-171.422062562,-13.000595954)
  );
#195 = LINE('',#196,#197);
#196 = CARTESIAN_POINT('',(22.904645233036,-171.422062562,-13.000595954)
  );
#197 = VECTOR('',#198,1.);
#198 = DIRECTION('',(-1.,-0.,-0.));
#199 = ORIENTED_EDGE('',*,*,#200,.T.);
#200 = EDGE_CURVE('',#193,#201,#203,.T.);
#201 = VERTEX_POINT('',#202);
#202 = CARTESIAN_POINT('',(22.904645233036,-179.8727791678,-13.));
#203 = CIRCLE('',#204,30.);
#204 = AXIS2_PLACEMENT_3D('',#205,#206,#207);
#205 = CARTESIAN_POINT('',(44.719678657471,-159.2789860084,-13.));
#206 = DIRECTION('',(0.,0.,1.));
#207 = DIRECTION('',(1.,0.,0.));
#208 = ORIENTED_EDGE('',*,*,#209,.F.);
#209 = EDGE_CURVE('',#182,#201,#210,.T.);
#210 = CIRCLE('',#211,34.);
#211 = AXIS2_PLACEMENT_3D('',#212,#213,#214);
#212 = CARTESIAN_POINT('',(0.,-205.,-13.));
#213 = DIRECTION('',(0.,0.,1.));
#214 = DIRECTION('',(1.,0.,0.));
#215 = PLANE('',#216);
#216 = AXIS2_PLACEMENT_3D('',#217,#218,#219);
#217 = CARTESIAN_POINT('',(-1.212442633288E-04,-201.6631080836,
    -13.00010230108));
#218 = DIRECTION('',(-8.319574909904E-11,-4.457248814847E-06,
    -0.99999999999));
#219 = DIRECTION('',(0.,-0.99999999999,4.457248814847E-06));
#220 = ADVANCED_FACE('',(#221,#224),#261,.T.);
#221 = FACE_BOUND('',#222,.T.);
#222 = EDGE_LOOP('',(#223));
#223 = ORIENTED_EDGE('',*,*,#161,.F.);
#224 = FACE_BOUND('',#225,.T.);
#225 = EDGE_LOOP('',(#226,#237,#246,#255));
#226 = ORIENTED_EDGE('',*,*,#227,.F.);
#227 = EDGE_CURVE('',#228,#230,#232,.T.);
#228 = VERTEX_POINT('',#229);
#229 = CARTESIAN_POINT('',(-22.90694339023,-179.8748742387,37.));
#230 = VERTEX_POINT('',#231);
#231 = CARTESIAN_POINT('',(-17.2894142404,-171.4267198139,37.));
#232 = CIRCLE('',#233,30.);
#233 = AXIS2_PLACEMENT_3D('',#234,#235,#236);
#234 = CARTESIAN_POINT('',(-44.71984751524,-159.2788257431,37.));
#235 = DIRECTION('',(0.,0.,1.));
#236 = DIRECTION('',(1.,0.,0.));
#237 = ORIENTED_EDGE('',*,*,#238,.T.);
#238 = EDGE_CURVE('',#228,#239,#241,.T.);
#239 = VERTEX_POINT('',#240);
#240 = CARTESIAN_POINT('',(22.904645233036,-179.8727791678,37.));
#241 = CIRCLE('',#242,34.);
#242 = AXIS2_PLACEMENT_3D('',#243,#244,#245);
#243 = CARTESIAN_POINT('',(0.,-205.,37.));
#244 = DIRECTION('',(0.,0.,1.));
#245 = DIRECTION('',(1.,0.,0.));
#246 = ORIENTED_EDGE('',*,*,#247,.F.);
#247 = EDGE_CURVE('',#248,#239,#250,.T.);
#248 = VERTEX_POINT('',#249);
#249 = CARTESIAN_POINT('',(17.289174407801,-171.4267198139,37.));
#250 = CIRCLE('',#251,30.);
#251 = AXIS2_PLACEMENT_3D('',#252,#253,#254);
#252 = CARTESIAN_POINT('',(44.719678657471,-159.2789860084,37.));
#253 = DIRECTION('',(0.,0.,1.));
#254 = DIRECTION('',(1.,0.,0.));
#255 = ORIENTED_EDGE('',*,*,#256,.F.);
#256 = EDGE_CURVE('',#230,#248,#257,.T.);
#257 = LINE('',#258,#259);
#258 = CARTESIAN_POINT('',(11.452175140738,-171.4267198139,37.));
#259 = VECTOR('',#260,1.);
#260 = DIRECTION('',(1.,0.,0.));
#261 = PLANE('',#262);
#262 = AXIS2_PLACEMENT_3D('',#263,#264,#265);
#263 = CARTESIAN_POINT('',(-1.212452869852E-04,-201.6648180648,37.));
#264 = DIRECTION('',(0.,0.,1.));
#265 = DIRECTION('',(1.,0.,0.));
#266 = ADVANCED_FACE('',(#267),#436,.F.);
#267 = FACE_BOUND('',#268,.T.);
#268 = EDGE_LOOP('',(#269,#270,#278,#309,#324,#332,#341,#349,#358,#367,
    #380,#423,#429,#430));
#269 = ORIENTED_EDGE('',*,*,#227,.T.);
#270 = ORIENTED_EDGE('',*,*,#271,.F.);
#271 = EDGE_CURVE('',#272,#230,#274,.T.);
#272 = VERTEX_POINT('',#273);
#273 = CARTESIAN_POINT('',(-17.2894142404,-171.4267198139,
    33.586359816215));
#274 = LINE('',#275,#276);
#275 = CARTESIAN_POINT('',(-17.2894142404,-171.4267198139,37.));
#276 = VECTOR('',#277,1.);
#277 = DIRECTION('',(0.,0.,1.));
#278 = ORIENTED_EDGE('',*,*,#279,.T.);
#279 = EDGE_CURVE('',#272,#280,#282,.T.);
#280 = VERTEX_POINT('',#281);
#281 = CARTESIAN_POINT('',(-14.95182268934,-163.0023587381,24.));
#282 = B_SPLINE_CURVE_WITH_KNOTS('',7,(#283,#284,#285,#286,#287,#288,
    #289,#290,#291,#292,#293,#294,#295,#296,#297,#298,#299,#300,#301,
    #302,#303,#304,#305,#306,#307,#308),.UNSPECIFIED.,.F.,.F.,(8,6,6,6,8
    ),(0.,0.53798607781,0.653181153116,0.794539477332,1.),
  .UNSPECIFIED.);
#283 = CARTESIAN_POINT('',(-17.2894142404,-171.4267198139,
    33.586359816215));
#284 = CARTESIAN_POINT('',(-17.27721347451,-171.3991699939,
    32.634780377972));
#285 = CARTESIAN_POINT('',(-17.21826568764,-171.2659763113,
    31.687731595403));
#286 = CARTESIAN_POINT('',(-17.11346371347,-171.02795129,30.752914723917
    ));
#287 = CARTESIAN_POINT('',(-16.96591708906,-170.684012626,
    29.838367901095));
#288 = CARTESIAN_POINT('',(-16.78105043235,-170.2317323464,
    28.953688015469));
#289 = CARTESIAN_POINT('',(-16.56689588683,-169.6676248443,
    28.110928652311));
#290 = CARTESIAN_POINT('',(-16.28468046049,-168.8425553887,
    27.158847395269));
#291 = CARTESIAN_POINT('',(-16.23404457364,-168.6916769954,
    26.993537064824));
#292 = CARTESIAN_POINT('',(-16.18264477191,-168.5353672818,
    26.830974916824));
#293 = CARTESIAN_POINT('',(-16.13058921248,-168.3735636337,
    26.671326629781));
#294 = CARTESIAN_POINT('',(-16.07799377075,-168.2062030585,
    26.514774167034));
#295 = CARTESIAN_POINT('',(-16.02498204027,-168.0332221853,
    26.361515776751));
#296 = CARTESIAN_POINT('',(-15.9062838108,-167.6353137453,26.02800484955
    ));
#297 = CARTESIAN_POINT('',(-15.84044530475,-167.4074840895,
    25.849504487229));
#298 = CARTESIAN_POINT('',(-15.77442145139,-167.1709762133,
    25.676690684922));
#299 = CARTESIAN_POINT('',(-15.70848620532,-166.9257148227,
    25.510031217646));
#300 = CARTESIAN_POINT('',(-15.6429344158,-166.6716419585,
    25.350036255959));
#301 = CARTESIAN_POINT('',(-15.57808040349,-166.4087175405,
    25.197258766435));
#302 = CARTESIAN_POINT('',(-15.42149026417,-165.7418693684,
    24.84159384849));
#303 = CARTESIAN_POINT('',(-15.33067706854,-165.3271246524,
    24.646894445432));
#304 = CARTESIAN_POINT('',(-15.24315634931,-164.893730446,
    24.470851860317));
#305 = CARTESIAN_POINT('',(-15.16027500971,-164.44296263,24.315934377776
    ));
#306 = CARTESIAN_POINT('',(-15.08332906793,-163.9763146846,
    24.184432347766));
#307 = CARTESIAN_POINT('',(-15.01350526778,-163.4954840921,
    24.078467123603));
#308 = CARTESIAN_POINT('',(-14.95182268934,-163.0023587381,24.));
#309 = ORIENTED_EDGE('',*,*,#310,.T.);
#310 = EDGE_CURVE('',#280,#311,#313,.T.);
#311 = VERTEX_POINT('',#312);
#312 = CARTESIAN_POINT('',(-14.76135039367,-160.856307983,
    23.892277237926));
#313 = B_SPLINE_CURVE_WITH_KNOTS('',5,(#314,#315,#316,#317,#318,#319,
    #320,#321,#322,#323),.UNSPECIFIED.,.F.,.F.,(6,4,6),(0.,
    0.896340751103,1.),.UNSPECIFIED.);
#314 = CARTESIAN_POINT('',(-14.95455587506,-163.0241446314,
    24.003491263219));
#315 = CARTESIAN_POINT('',(-14.90688821953,-162.6453139601,
    23.942353632447));
#316 = CARTESIAN_POINT('',(-14.86444201244,-162.2593264001,
    23.898705537073));
#317 = CARTESIAN_POINT('',(-14.82793864729,-161.8686126324,
    23.873770317006));
#318 = CARTESIAN_POINT('',(-14.79780997933,-161.4757140797,
    23.868144805032));
#319 = CARTESIAN_POINT('',(-14.77142245862,-161.0377756969,
    23.88338272002));
#320 = CARTESIAN_POINT('',(-14.76877393495,-160.9923868165,
    23.885220082157));
#321 = CARTESIAN_POINT('',(-14.76621236048,-160.947009715,
    23.887315139848));
#322 = CARTESIAN_POINT('',(-14.76373783458,-160.9016486782,
    23.889667649147));
#323 = CARTESIAN_POINT('',(-14.76135039367,-160.856307983,
    23.892277237926));
#324 = ORIENTED_EDGE('',*,*,#325,.F.);
#325 = EDGE_CURVE('',#326,#311,#328,.T.);
#326 = VERTEX_POINT('',#327);
#327 = CARTESIAN_POINT('',(-14.76135160566,-160.8563309999,24.));
#328 = LINE('',#329,#330);
#329 = CARTESIAN_POINT('',(-14.76135039367,-160.856307983,0.));
#330 = VECTOR('',#331,1.);
#331 = DIRECTION('',(-0.,-0.,-1.));
#332 = ORIENTED_EDGE('',*,*,#333,.T.);
#333 = EDGE_CURVE('',#326,#334,#336,.T.);
#334 = VERTEX_POINT('',#335);
#335 = CARTESIAN_POINT('',(-17.9658961404,-145.7058347009,24.));
#336 = CIRCLE('',#337,30.);
#337 = AXIS2_PLACEMENT_3D('',#338,#339,#340);
#338 = CARTESIAN_POINT('',(-44.71984751524,-159.2788257431,24.));
#339 = DIRECTION('',(0.,0.,1.));
#340 = DIRECTION('',(1.,0.,0.));
#341 = ORIENTED_EDGE('',*,*,#342,.F.);
#342 = EDGE_CURVE('',#343,#334,#345,.T.);
#343 = VERTEX_POINT('',#344);
#344 = CARTESIAN_POINT('',(-17.9658961404,-145.7058347009,0.));
#345 = LINE('',#346,#347);
#346 = CARTESIAN_POINT('',(-17.9658961404,-145.7058347009,0.));
#347 = VECTOR('',#348,1.);
#348 = DIRECTION('',(0.,0.,1.));
#349 = ORIENTED_EDGE('',*,*,#350,.F.);
#350 = EDGE_CURVE('',#351,#343,#353,.T.);
#351 = VERTEX_POINT('',#352);
#352 = CARTESIAN_POINT('',(-14.76135160566,-160.8563309999,0.));
#353 = CIRCLE('',#354,30.);
#354 = AXIS2_PLACEMENT_3D('',#355,#356,#357);
#355 = CARTESIAN_POINT('',(-44.71984751524,-159.2788257431,0.));
#356 = DIRECTION('',(0.,0.,1.));
#357 = DIRECTION('',(1.,0.,0.));
#358 = ORIENTED_EDGE('',*,*,#359,.F.);
#359 = EDGE_CURVE('',#360,#351,#362,.T.);
#360 = VERTEX_POINT('',#361);
#361 = CARTESIAN_POINT('',(-14.76190343372,-160.8667761228,0.));
#362 = CIRCLE('',#363,30.);
#363 = AXIS2_PLACEMENT_3D('',#364,#365,#366);
#364 = CARTESIAN_POINT('',(-44.71984751524,-159.2788257431,0.));
#365 = DIRECTION('',(0.,0.,1.));
#366 = DIRECTION('',(1.,0.,0.));
#367 = ORIENTED_EDGE('',*,*,#368,.T.);
#368 = EDGE_CURVE('',#360,#369,#371,.T.);
#369 = VERTEX_POINT('',#370);
#370 = CARTESIAN_POINT('',(-14.842885412,-161.9930725045,0.));
#371 = B_SPLINE_CURVE_WITH_KNOTS('',4,(#372,#373,#374,#375,#376,#377,
    #378,#379),.UNSPECIFIED.,.F.,.F.,(5,3,5),(0.,0.186705339824,1.),
  .UNSPECIFIED.);
#372 = CARTESIAN_POINT('',(-14.76135039367,-160.856307983,
    -5.959539999942E-04));
#373 = CARTESIAN_POINT('',(-14.76429038743,-160.9121423957,
    2.612081234264E-03));
#374 = CARTESIAN_POINT('',(-14.76737124062,-160.9680096276,
    5.404277964529E-03));
#375 = CARTESIAN_POINT('',(-14.7705928655,-161.0238994608,
    7.779749315848E-03));
#376 = CARTESIAN_POINT('',(-14.78859991296,-161.3233133039,
    1.82693386718E-02));
#377 = CARTESIAN_POINT('',(-14.80590918262,-161.567062301,
    1.888729191795E-02));
#378 = CARTESIAN_POINT('',(-14.82584913021,-161.8101857939,
    1.15708506384E-02));
#379 = CARTESIAN_POINT('',(-14.84828698135,-162.0518874572,
    -3.491263218847E-03));
#380 = ORIENTED_EDGE('',*,*,#381,.T.);
#381 = EDGE_CURVE('',#369,#382,#384,.T.);
#382 = VERTEX_POINT('',#383);
#383 = CARTESIAN_POINT('',(-17.28735219379,-171.422062562,
    -9.587679827542));
#384 = B_SPLINE_CURVE_WITH_KNOTS('',7,(#385,#386,#387,#388,#389,#390,
    #391,#392,#393,#394,#395,#396,#397,#398,#399,#400,#401,#402,#403,
    #404,#405,#406,#407,#408,#409,#410,#411,#412,#413,#414,#415,#416,
    #417,#418,#419,#420,#421,#422),.UNSPECIFIED.,.F.,.F.,(8,6,6,6,6,6,8)
  ,(0.,2.0452225602E-02,0.170802725383,0.270901033894,0.402358093674,
    0.509572506207,1.),.UNSPECIFIED.);
#385 = CARTESIAN_POINT('',(-14.76135160566,-160.8563194915,
    -5.959539999925E-04));
#386 = CARTESIAN_POINT('',(-14.76433997327,-160.913071758,
    2.664752242282E-03));
#387 = CARTESIAN_POINT('',(-14.7674316448,-160.9694533963,
    5.531099219214E-03));
#388 = CARTESIAN_POINT('',(-14.77067914705,-161.0263183181,
    8.042466517073E-03));
#389 = CARTESIAN_POINT('',(-14.77404497486,-161.0830827556,
    1.017559170317E-02));
#390 = CARTESIAN_POINT('',(-14.77752262429,-161.1396292757,
    1.192325632041E-02));
#391 = CARTESIAN_POINT('',(-14.78114540085,-161.1964652328,
    1.330452712155E-02));
#392 = CARTESIAN_POINT('',(-14.81235924569,-161.669737099,
    2.16727446558E-02));
#393 = CARTESIAN_POINT('',(-14.84657954611,-162.0855888388,
    8.767874649569E-03));
#394 = CARTESIAN_POINT('',(-14.88738588068,-162.4985640489,
    -2.42516314044E-02));
#395 = CARTESIAN_POINT('',(-14.93442254521,-162.906552028,
    -7.686915442859E-02));
#396 = CARTESIAN_POINT('',(-14.98714010107,-163.3074925723,
    -0.14821193289));
#397 = CARTESIAN_POINT('',(-15.04481674568,-163.6994075482,
    -0.237049340746));
#398 = CARTESIAN_POINT('',(-15.14772839472,-164.334101388,-0.4115151354)
  );
#399 = CARTESIAN_POINT('',(-15.19071398967,-164.5831629523,
    -0.488351840408));
#400 = CARTESIAN_POINT('',(-15.23536309779,-164.8273940704,
    -0.571941345639));
#401 = CARTESIAN_POINT('',(-15.28147815563,-165.0665928195,
    -0.661923082478));
#402 = CARTESIAN_POINT('',(-15.32885718554,-165.3005752942,
    -0.757929411827));
#403 = CARTESIAN_POINT('',(-15.37729615097,-165.5291752543,
    -0.859584960064));
#404 = CARTESIAN_POINT('',(-15.49132963731,-166.0451950936,
    -1.106923109198));
#405 = CARTESIAN_POINT('',(-15.55755571025,-166.3286562801,
    -1.256445181215));
#406 = CARTESIAN_POINT('',(-15.62487850564,-166.602599825,-1.41436085293
    ));
#407 = CARTESIAN_POINT('',(-15.69292519978,-166.8670254488,
    -1.580005961444));
#408 = CARTESIAN_POINT('',(-15.76134377845,-167.1219592614,
    -1.752762795963));
#409 = CARTESIAN_POINT('',(-15.82980564524,-167.3674529236,
    -1.932059394666));
#410 = CARTESIAN_POINT('',(-15.95363323814,-167.7961668132,
    -2.268504455938));
#411 = CARTESIAN_POINT('',(-16.00909524496,-167.9825553045,
    -2.423665827832));
#412 = CARTESIAN_POINT('',(-16.06423867136,-168.1628156761,
    -2.582593938256));
#413 = CARTESIAN_POINT('',(-16.11891759341,-168.3370167113,
    -2.745050516015));
#414 = CARTESIAN_POINT('',(-16.17299574212,-168.5052285838,
    -2.910818037735));
#415 = CARTESIAN_POINT('',(-16.2263465035,-168.6675228574,
    -3.079699727869));
#416 = CARTESIAN_POINT('',(-16.51903135079,-169.5396150718,
    -4.037469572529));
#417 = CARTESIAN_POINT('',(-16.74214757562,-170.1347699648,
    -4.886883655004));
#418 = CARTESIAN_POINT('',(-16.93620172248,-170.613430093,
    -5.781475196972));
#419 = CARTESIAN_POINT('',(-17.09245768654,-170.9795351324,
    -6.708264325888));
#420 = CARTESIAN_POINT('',(-17.20499901289,-171.2358507836,
    -7.657073248989));
#421 = CARTESIAN_POINT('',(-17.27034847238,-171.3836498624,
    -8.61952686118));
#422 = CARTESIAN_POINT('',(-17.28735219379,-171.422062562,
    -9.587679827542));
#423 = ORIENTED_EDGE('',*,*,#424,.F.);
#424 = EDGE_CURVE('',#184,#382,#425,.T.);
#425 = LINE('',#426,#427);
#426 = CARTESIAN_POINT('',(-17.28735219379,-171.422062562,37.));
#427 = VECTOR('',#428,1.);
#428 = DIRECTION('',(0.,0.,1.));
#429 = ORIENTED_EDGE('',*,*,#181,.F.);
#430 = ORIENTED_EDGE('',*,*,#431,.T.);
#431 = EDGE_CURVE('',#182,#228,#432,.T.);
#432 = LINE('',#433,#434);
#433 = CARTESIAN_POINT('',(-22.90694339023,-179.8748742387,0.));
#434 = VECTOR('',#435,1.);
#435 = DIRECTION('',(0.,0.,1.));
#436 = CYLINDRICAL_SURFACE('',#437,30.);
#437 = AXIS2_PLACEMENT_3D('',#438,#439,#440);
#438 = CARTESIAN_POINT('',(-44.71984751524,-159.2788257431,0.));
#439 = DIRECTION('',(-0.,-0.,-1.));
#440 = DIRECTION('',(1.,0.,0.));
#441 = ADVANCED_FACE('',(#442),#460,.F.);
#442 = FACE_BOUND('',#443,.F.);
#443 = EDGE_LOOP('',(#444,#452,#453,#454));
#444 = ORIENTED_EDGE('',*,*,#445,.F.);
#445 = EDGE_CURVE('',#382,#446,#448,.T.);
#446 = VERTEX_POINT('',#447);
#447 = CARTESIAN_POINT('',(17.28711239374,-171.422062562,-9.587679827542
    ));
#448 = LINE('',#449,#450);
#449 = CARTESIAN_POINT('',(22.904645233036,-171.422062562,
    -9.587679827542));
#450 = VECTOR('',#451,1.);
#451 = DIRECTION('',(1.,0.,0.));
#452 = ORIENTED_EDGE('',*,*,#424,.F.);
#453 = ORIENTED_EDGE('',*,*,#192,.F.);
#454 = ORIENTED_EDGE('',*,*,#455,.T.);
#455 = EDGE_CURVE('',#193,#446,#456,.T.);
#456 = LINE('',#457,#458);
#457 = CARTESIAN_POINT('',(17.28711239374,-171.422062562,37.));
#458 = VECTOR('',#459,1.);
#459 = DIRECTION('',(0.,0.,1.));
#460 = PLANE('',#461);
#461 = AXIS2_PLACEMENT_3D('',#462,#463,#464);
#462 = CARTESIAN_POINT('',(22.904645233036,-171.422062562,
    -11.29413789077));
#463 = DIRECTION('',(-0.,-1.,-0.));
#464 = DIRECTION('',(0.,0.,-1.));
#465 = ADVANCED_FACE('',(#466),#619,.F.);
#466 = FACE_BOUND('',#467,.T.);
#467 = EDGE_LOOP('',(#468,#469,#475,#476,#477,#520,#533,#542,#550,#559,
    #567,#582,#613));
#468 = ORIENTED_EDGE('',*,*,#247,.T.);
#469 = ORIENTED_EDGE('',*,*,#470,.T.);
#470 = EDGE_CURVE('',#239,#201,#471,.T.);
#471 = LINE('',#472,#473);
#472 = CARTESIAN_POINT('',(22.904645233036,-179.8727791678,0.));
#473 = VECTOR('',#474,1.);
#474 = DIRECTION('',(0.,0.,-1.));
#475 = ORIENTED_EDGE('',*,*,#200,.F.);
#476 = ORIENTED_EDGE('',*,*,#455,.T.);
#477 = ORIENTED_EDGE('',*,*,#478,.F.);
#478 = EDGE_CURVE('',#479,#446,#481,.T.);
#479 = VERTEX_POINT('',#480);
#480 = CARTESIAN_POINT('',(14.842701994966,-161.9930725045,0.));
#481 = B_SPLINE_CURVE_WITH_KNOTS('',7,(#482,#483,#484,#485,#486,#487,
    #488,#489,#490,#491,#492,#493,#494,#495,#496,#497,#498,#499,#500,
    #501,#502,#503,#504,#505,#506,#507,#508,#509,#510,#511,#512,#513,
    #514,#515,#516,#517,#518,#519),.UNSPECIFIED.,.F.,.F.,(8,6,6,6,6,6,8)
  ,(0.,2.045223171756E-02,0.17080269429,0.270900934265,0.402357907577,
    0.509572276772,1.),.UNSPECIFIED.);
#482 = CARTESIAN_POINT('',(14.761174309329,-160.8563194915,
    -5.959539999925E-04));
#483 = CARTESIAN_POINT('',(14.764162372132,-160.9130717511,
    2.664751842781E-03));
#484 = CARTESIAN_POINT('',(14.767253741519,-160.9694533933,
    5.531099087722E-03));
#485 = CARTESIAN_POINT('',(14.770500937974,-161.0263183095,
    8.04246617128E-03));
#486 = CARTESIAN_POINT('',(14.773866460791,-161.0830827455,
    1.017559131595E-02));
#487 = CARTESIAN_POINT('',(14.777343806885,-161.139629271,
    1.192325622299E-02));
#488 = CARTESIAN_POINT('',(14.78096627787,-161.1964652277,
    1.330452703136E-02));
#489 = CARTESIAN_POINT('',(14.812177565687,-161.6697369088,
    2.167274129324E-02));
#490 = CARTESIAN_POINT('',(14.846395609497,-162.0855885402,
    8.767887863737E-03));
#491 = CARTESIAN_POINT('',(14.887199696892,-162.4985637133,
    -2.425159630936E-02));
#492 = CARTESIAN_POINT('',(14.934234136247,-162.9065517157,
    -7.686910342256E-02));
#493 = CARTESIAN_POINT('',(14.98694950042,-163.3074923318,
    -0.148211879899));
#494 = CARTESIAN_POINT('',(15.044623997142,-163.6994074157,
    -0.237049304335));
#495 = CARTESIAN_POINT('',(15.147532138743,-164.3341013653,
    -0.411515129153));
#496 = CARTESIAN_POINT('',(15.190516341335,-164.5831629191,
    -0.488351829783));
#497 = CARTESIAN_POINT('',(15.235164078486,-164.8273940361,
    -0.571941333162));
#498 = CARTESIAN_POINT('',(15.281277787639,-165.0665927908,
    -0.661923070806));
#499 = CARTESIAN_POINT('',(15.328655491888,-165.3005752749,
    -0.757929403218));
#500 = CARTESIAN_POINT('',(15.377093155243,-165.5291752455,
    -0.859584955837));
#501 = CARTESIAN_POINT('',(15.491123686796,-166.045195113,-1.10692311853
    ));
#502 = CARTESIAN_POINT('',(15.557348124154,-166.3286563154,
    -1.256445199981));
#503 = CARTESIAN_POINT('',(15.624669325138,-166.6025998707,
    -1.414360879753));
#504 = CARTESIAN_POINT('',(15.69271446602,-166.8670254976,
    -1.580005993025));
#505 = CARTESIAN_POINT('',(15.761131532512,-167.1219593043,
    -1.752762826621));
#506 = CARTESIAN_POINT('',(15.829591928089,-167.3674529507,
    -1.932059415892));
#507 = CARTESIAN_POINT('',(15.953416938148,-167.79616684,-2.268504476947
    ));
#508 = CARTESIAN_POINT('',(16.008877819648,-167.9825553484,
    -2.423665864791));
#509 = CARTESIAN_POINT('',(16.064020147798,-168.1628157278,-2.5825939848
    ));
#510 = CARTESIAN_POINT('',(16.118697998653,-168.3370167618,
    -2.74505056461));
#511 = CARTESIAN_POINT('',(16.172775103352,-168.5052286247,
    -2.910818079822));
#512 = CARTESIAN_POINT('',(16.226124848114,-168.6675228812,
    -3.079699754004));
#513 = CARTESIAN_POINT('',(16.518804392574,-169.5396155871,
    -4.037470138359));
#514 = CARTESIAN_POINT('',(16.74191682683,-170.1347705987,-4.88688463302
    ));
#515 = CARTESIAN_POINT('',(16.935967742831,-170.6134306212,
    -5.781476354169));
#516 = CARTESIAN_POINT('',(17.092221116474,-170.9795354648,
    -6.708265433223));
#517 = CARTESIAN_POINT('',(17.204760575637,-171.2358509246,
    -7.657074110354));
#518 = CARTESIAN_POINT('',(17.270108949002,-171.3836498811,
    -8.619527332949));
#519 = CARTESIAN_POINT('',(17.28711239374,-171.422062562,-9.587679827542
    ));
#520 = ORIENTED_EDGE('',*,*,#521,.F.);
#521 = EDGE_CURVE('',#522,#479,#524,.T.);
#522 = VERTEX_POINT('',#523);
#523 = CARTESIAN_POINT('',(14.761174309329,-160.856331,0.));
#524 = B_SPLINE_CURVE_WITH_KNOTS('',4,(#525,#526,#527,#528,#529,#530,
    #531,#532),.UNSPECIFIED.,.F.,.F.,(5,3,5),(0.,0.186705371994,1.),
  .UNSPECIFIED.);
#525 = CARTESIAN_POINT('',(14.76117309747,-160.856307983,
    -5.959539999942E-04));
#526 = CARTESIAN_POINT('',(14.764112791587,-160.9121423934,
    2.612081104457E-03));
#527 = CARTESIAN_POINT('',(14.767193344911,-160.9680096246,
    5.404277825221E-03));
#528 = CARTESIAN_POINT('',(14.770414669771,-161.0238994585,
    7.77974923674E-03));
#529 = CARTESIAN_POINT('',(14.78842010665,-161.3233132622,
    1.8269337209E-02));
#530 = CARTESIAN_POINT('',(14.805728062816,-161.567062246,
    1.888729273213E-02));
#531 = CARTESIAN_POINT('',(14.825666699214,-161.8101857539,
    1.157085313139E-02));
#532 = CARTESIAN_POINT('',(14.848103246128,-162.0518874572,
    -3.491263218847E-03));
#533 = ORIENTED_EDGE('',*,*,#534,.F.);
#534 = EDGE_CURVE('',#535,#522,#537,.T.);
#535 = VERTEX_POINT('',#536);
#536 = CARTESIAN_POINT('',(17.965812136871,-145.7058277098,0.));
#537 = CIRCLE('',#538,30.);
#538 = AXIS2_PLACEMENT_3D('',#539,#540,#541);
#539 = CARTESIAN_POINT('',(44.719678657471,-159.2789860084,0.));
#540 = DIRECTION('',(0.,0.,1.));
#541 = DIRECTION('',(1.,0.,0.));
#542 = ORIENTED_EDGE('',*,*,#543,.T.);
#543 = EDGE_CURVE('',#535,#544,#546,.T.);
#544 = VERTEX_POINT('',#545);
#545 = CARTESIAN_POINT('',(17.965812136871,-145.7058277098,24.));
#546 = LINE('',#547,#548);
#547 = CARTESIAN_POINT('',(17.965812136871,-145.7058277098,0.));
#548 = VECTOR('',#549,1.);
#549 = DIRECTION('',(0.,0.,1.));
#550 = ORIENTED_EDGE('',*,*,#551,.T.);
#551 = EDGE_CURVE('',#544,#552,#554,.T.);
#552 = VERTEX_POINT('',#553);
#553 = CARTESIAN_POINT('',(14.761174309329,-160.856331,24.));
#554 = CIRCLE('',#555,30.);
#555 = AXIS2_PLACEMENT_3D('',#556,#557,#558);
#556 = CARTESIAN_POINT('',(44.719678657471,-159.2789860084,24.));
#557 = DIRECTION('',(0.,0.,1.));
#558 = DIRECTION('',(1.,0.,0.));
#559 = ORIENTED_EDGE('',*,*,#560,.T.);
#560 = EDGE_CURVE('',#552,#561,#563,.T.);
#561 = VERTEX_POINT('',#562);
#562 = CARTESIAN_POINT('',(14.761173097469,-160.856307983,
    23.892277237926));
#563 = LINE('',#564,#565);
#564 = CARTESIAN_POINT('',(14.76117309747,-160.856307983,0.));
#565 = VECTOR('',#566,1.);
#566 = DIRECTION('',(-0.,-0.,-1.));
#567 = ORIENTED_EDGE('',*,*,#568,.F.);
#568 = EDGE_CURVE('',#569,#561,#571,.T.);
#569 = VERTEX_POINT('',#570);
#570 = CARTESIAN_POINT('',(14.951633785225,-163.0023587381,24.));
#571 = B_SPLINE_CURVE_WITH_KNOTS('',5,(#572,#573,#574,#575,#576,#577,
    #578,#579,#580,#581),.UNSPECIFIED.,.F.,.F.,(6,4,6),(0.,
    0.896340716071,1.),.UNSPECIFIED.);
#572 = CARTESIAN_POINT('',(14.954366851803,-163.0241446314,
    24.003491263219));
#573 = CARTESIAN_POINT('',(14.906701254184,-162.6453138479,
    23.942353614331));
#574 = CARTESIAN_POINT('',(14.86425714111,-162.2593262216,
    23.898705519308));
#575 = CARTESIAN_POINT('',(14.827755892565,-161.868612444,
    23.873770310596));
#576 = CARTESIAN_POINT('',(14.79762934897,-161.4757139478,
    23.868144809622));
#577 = CARTESIAN_POINT('',(14.771244188388,-161.037775695,
    23.883382720085));
#578 = CARTESIAN_POINT('',(14.768595908376,-160.9923868137,
    23.885220082276));
#579 = CARTESIAN_POINT('',(14.766034577485,-160.9470097122,
    23.887315139988));
#580 = CARTESIAN_POINT('',(14.763560295051,-160.9016486763,
    23.889667649255));
#581 = CARTESIAN_POINT('',(14.76117309747,-160.856307983,23.892277237926
    ));
#582 = ORIENTED_EDGE('',*,*,#583,.F.);
#583 = EDGE_CURVE('',#584,#569,#586,.T.);
#584 = VERTEX_POINT('',#585);
#585 = CARTESIAN_POINT('',(17.289174407801,-171.4267198139,
    33.586359816215));
#586 = B_SPLINE_CURVE_WITH_KNOTS('',7,(#587,#588,#589,#590,#591,#592,
    #593,#594,#595,#596,#597,#598,#599,#600,#601,#602,#603,#604,#605,
    #606,#607,#608,#609,#610,#611,#612),.UNSPECIFIED.,.F.,.F.,(8,6,6,6,8
    ),(0.,0.537986339647,0.653181373575,0.79453960888,1.),
  .UNSPECIFIED.);
#587 = CARTESIAN_POINT('',(17.289174407801,-171.4267198139,
    33.586359816215));
#588 = CARTESIAN_POINT('',(17.276973840093,-171.3991700067,
    32.634780818427));
#589 = CARTESIAN_POINT('',(17.218027030116,-171.2659764284,
    31.687732381959));
#590 = CARTESIAN_POINT('',(17.113226795535,-171.0279515937,
    30.75291579294));
#591 = CARTESIAN_POINT('',(16.965682602567,-170.6840130888,
    29.838368969734));
#592 = CARTESIAN_POINT('',(16.780819020867,-170.2317329341,
    28.953688965698));
#593 = CARTESIAN_POINT('',(16.56666808647,-169.6676253163,28.11092919697
    ));
#594 = CARTESIAN_POINT('',(16.28445770961,-168.8425554107,
    27.158847420678));
#595 = CARTESIAN_POINT('',(16.233822773823,-168.6916770334,
    26.993537105958));
#596 = CARTESIAN_POINT('',(16.182423948667,-168.5353673288,
    26.830974964601));
#597 = CARTESIAN_POINT('',(16.130369391088,-168.3735636819,
    26.671326675848));
#598 = CARTESIAN_POINT('',(16.077774976315,-168.2062030996,
    26.514774203894));
#599 = CARTESIAN_POINT('',(16.024764297863,-168.0332222105,
    26.361515797887));
#600 = CARTESIAN_POINT('',(15.906068484932,-167.6353137735,
    26.02800487319));
#601 = CARTESIAN_POINT('',(15.840231356201,-167.4074841356,
    25.849504522676));
#602 = CARTESIAN_POINT('',(15.774208918107,-167.1709762673,
    25.676690722971));
#603 = CARTESIAN_POINT('',(15.708275125324,-166.9257148753,
    25.510031251464));
#604 = CARTESIAN_POINT('',(15.642724827198,-166.6716420009,
    25.350036280827));
#605 = CARTESIAN_POINT('',(15.577872344517,-166.4087175649,
    25.197258779497));
#606 = CARTESIAN_POINT('',(15.421286053219,-165.7418693372,
    24.841593831882));
#607 = CARTESIAN_POINT('',(15.330475222537,-165.32712457,24.646894405635
    ));
#608 = CARTESIAN_POINT('',(15.242956950443,-164.893730309,
    24.470851804394));
#609 = CARTESIAN_POINT('',(15.160078135995,-164.4429624539,
    24.315934320269));
#610 = CARTESIAN_POINT('',(15.083134791263,-163.9763145056,
    24.184432304183));
#611 = CARTESIAN_POINT('',(15.013313651484,-163.4954839661,
    24.078467103558));
#612 = CARTESIAN_POINT('',(14.951633785224,-163.0023587381,24.));
#613 = ORIENTED_EDGE('',*,*,#614,.T.);
#614 = EDGE_CURVE('',#584,#248,#615,.T.);
#615 = LINE('',#616,#617);
#616 = CARTESIAN_POINT('',(17.289174407801,-171.4267198139,37.));
#617 = VECTOR('',#618,1.);
#618 = DIRECTION('',(0.,0.,1.));
#619 = CYLINDRICAL_SURFACE('',#620,30.);
#620 = AXIS2_PLACEMENT_3D('',#621,#622,#623);
#621 = CARTESIAN_POINT('',(44.719678657471,-159.2789860084,0.));
#622 = DIRECTION('',(-0.,-0.,-1.));
#623 = DIRECTION('',(1.,0.,0.));
#624 = ADVANCED_FACE('',(#625),#631,.T.);
#625 = FACE_BOUND('',#626,.F.);
#626 = EDGE_LOOP('',(#627,#628,#629,#630));
#627 = ORIENTED_EDGE('',*,*,#470,.T.);
#628 = ORIENTED_EDGE('',*,*,#209,.F.);
#629 = ORIENTED_EDGE('',*,*,#431,.T.);
#630 = ORIENTED_EDGE('',*,*,#238,.T.);
#631 = CYLINDRICAL_SURFACE('',#632,34.);
#632 = AXIS2_PLACEMENT_3D('',#633,#634,#635);
#633 = CARTESIAN_POINT('',(0.,-205.,0.));
#634 = DIRECTION('',(-0.,-0.,-1.));
#635 = DIRECTION('',(1.,0.,0.));
#636 = ADVANCED_FACE('',(#637),#648,.F.);
#637 = FACE_BOUND('',#638,.F.);
#638 = EDGE_LOOP('',(#639,#645,#646,#647));
#639 = ORIENTED_EDGE('',*,*,#640,.F.);
#640 = EDGE_CURVE('',#584,#272,#641,.T.);
#641 = LINE('',#642,#643);
#642 = CARTESIAN_POINT('',(22.904645233036,-171.4267198139,
    33.586359816215));
#643 = VECTOR('',#644,1.);
#644 = DIRECTION('',(-1.,-0.,-0.));
#645 = ORIENTED_EDGE('',*,*,#614,.T.);
#646 = ORIENTED_EDGE('',*,*,#256,.F.);
#647 = ORIENTED_EDGE('',*,*,#271,.F.);
#648 = PLANE('',#649);
#649 = AXIS2_PLACEMENT_3D('',#650,#651,#652);
#650 = CARTESIAN_POINT('',(22.904645233036,-171.4267198139,
    35.456223908108));
#651 = DIRECTION('',(-0.,-1.,-0.));
#652 = DIRECTION('',(0.,0.,-1.));
#653 = ADVANCED_FACE('',(#654),#667,.F.);
#654 = FACE_BOUND('',#655,.F.);
#655 = EDGE_LOOP('',(#656,#657,#658,#664,#665,#666));
#656 = ORIENTED_EDGE('',*,*,#279,.T.);
#657 = ORIENTED_EDGE('',*,*,#310,.T.);
#658 = ORIENTED_EDGE('',*,*,#659,.T.);
#659 = EDGE_CURVE('',#311,#561,#660,.T.);
#660 = LINE('',#661,#662);
#661 = CARTESIAN_POINT('',(22.904645233036,-160.856307983,
    23.892277237926));
#662 = VECTOR('',#663,1.);
#663 = DIRECTION('',(1.,0.,0.));
#664 = ORIENTED_EDGE('',*,*,#568,.F.);
#665 = ORIENTED_EDGE('',*,*,#583,.F.);
#666 = ORIENTED_EDGE('',*,*,#640,.T.);
#667 = CYLINDRICAL_SURFACE('',#668,10.);
#668 = AXIS2_PLACEMENT_3D('',#669,#670,#671);
#669 = CARTESIAN_POINT('',(22.904645233036,-161.4309081789,
    33.875755319978));
#670 = DIRECTION('',(1.,0.,0.));
#671 = DIRECTION('',(0.,1.,0.));
#672 = ADVANCED_FACE('',(#673),#684,.F.);
#673 = FACE_BOUND('',#674,.F.);
#674 = EDGE_LOOP('',(#675,#676,#677,#683));
#675 = ORIENTED_EDGE('',*,*,#659,.F.);
#676 = ORIENTED_EDGE('',*,*,#325,.F.);
#677 = ORIENTED_EDGE('',*,*,#678,.F.);
#678 = EDGE_CURVE('',#552,#326,#679,.T.);
#679 = LINE('',#680,#681);
#680 = CARTESIAN_POINT('',(11.452258820342,-160.856307983,24.));
#681 = VECTOR('',#682,1.);
#682 = DIRECTION('',(-1.,0.,0.));
#683 = ORIENTED_EDGE('',*,*,#560,.T.);
#684 = PLANE('',#685);
#685 = AXIS2_PLACEMENT_3D('',#686,#687,#688);
#686 = CARTESIAN_POINT('',(22.904645233036,-160.856307983,
    30.609182618963));
#687 = DIRECTION('',(0.,1.,0.));
#688 = DIRECTION('',(0.,0.,1.));
#689 = ADVANCED_FACE('',(#690),#786,.T.);
#690 = FACE_BOUND('',#691,.T.);
#691 = EDGE_LOOP('',(#692,#703,#711,#720,#728,#737,#745,#754,#762,#771,
    #777,#778,#779,#780));
#692 = ORIENTED_EDGE('',*,*,#693,.F.);
#693 = EDGE_CURVE('',#694,#696,#698,.T.);
#694 = VERTEX_POINT('',#695);
#695 = CARTESIAN_POINT('',(29.339628529572,21.920200218078,24.));
#696 = VERTEX_POINT('',#697);
#697 = CARTESIAN_POINT('',(26.977334871474,-0.437248447255,24.));
#698 = CIRCLE('',#699,94.);
#699 = AXIS2_PLACEMENT_3D('',#700,#701,#702);
#700 = CARTESIAN_POINT('',(120.96731406928,0.93527127763,24.));
#701 = DIRECTION('',(0.,0.,1.));
#702 = DIRECTION('',(1.,0.,0.));
#703 = ORIENTED_EDGE('',*,*,#704,.F.);
#704 = EDGE_CURVE('',#705,#694,#707,.T.);
#705 = VERTEX_POINT('',#706);
#706 = CARTESIAN_POINT('',(1.872117090186,21.920200218078,24.));
#707 = LINE('',#708,#709);
#708 = CARTESIAN_POINT('',(-6.994403580859E-05,21.920200218078,24.));
#709 = VECTOR('',#710,1.);
#710 = DIRECTION('',(1.,0.,0.));
#711 = ORIENTED_EDGE('',*,*,#712,.F.);
#712 = EDGE_CURVE('',#713,#705,#715,.T.);
#713 = VERTEX_POINT('',#714);
#714 = CARTESIAN_POINT('',(22.,0.,24.));
#715 = CIRCLE('',#716,22.);
#716 = AXIS2_PLACEMENT_3D('',#717,#718,#719);
#717 = CARTESIAN_POINT('',(0.,0.,24.));
#718 = DIRECTION('',(0.,0.,1.));
#719 = DIRECTION('',(1.,0.,0.));
#720 = ORIENTED_EDGE('',*,*,#721,.T.);
#721 = EDGE_CURVE('',#713,#722,#724,.T.);
#722 = VERTEX_POINT('',#723);
#723 = CARTESIAN_POINT('',(13.,-145.,24.));
#724 = LINE('',#725,#726);
#725 = CARTESIAN_POINT('',(22.,0.,24.));
#726 = VECTOR('',#727,1.);
#727 = DIRECTION('',(-6.1949747779E-02,-0.998079269773,0.));
#728 = ORIENTED_EDGE('',*,*,#729,.F.);
#729 = EDGE_CURVE('',#730,#722,#732,.T.);
#730 = VERTEX_POINT('',#731);
#731 = CARTESIAN_POINT('',(-13.,-145.,24.));
#732 = CIRCLE('',#733,13.);
#733 = AXIS2_PLACEMENT_3D('',#734,#735,#736);
#734 = CARTESIAN_POINT('',(0.,-145.,24.));
#735 = DIRECTION('',(0.,0.,1.));
#736 = DIRECTION('',(1.,0.,0.));
#737 = ORIENTED_EDGE('',*,*,#738,.F.);
#738 = EDGE_CURVE('',#739,#730,#741,.T.);
#739 = VERTEX_POINT('',#740);
#740 = CARTESIAN_POINT('',(-21.99999999999,-7.621024546E-06,24.));
#741 = LINE('',#742,#743);
#742 = CARTESIAN_POINT('',(-21.99999999999,-7.62102454563E-06,24.));
#743 = VECTOR('',#744,1.);
#744 = DIRECTION('',(6.19497510225E-02,-0.998079269571,0.));
#745 = ORIENTED_EDGE('',*,*,#746,.F.);
#746 = EDGE_CURVE('',#747,#739,#749,.T.);
#747 = VERTEX_POINT('',#748);
#748 = CARTESIAN_POINT('',(-1.872117090186,21.920200218078,24.));
#749 = CIRCLE('',#750,22.);
#750 = AXIS2_PLACEMENT_3D('',#751,#752,#753);
#751 = CARTESIAN_POINT('',(0.,0.,24.));
#752 = DIRECTION('',(0.,0.,1.));
#753 = DIRECTION('',(1.,0.,0.));
#754 = ORIENTED_EDGE('',*,*,#755,.F.);
#755 = EDGE_CURVE('',#756,#747,#758,.T.);
#756 = VERTEX_POINT('',#757);
#757 = CARTESIAN_POINT('',(-29.34039956953,21.920200218078,24.));
#758 = LINE('',#759,#760);
#759 = CARTESIAN_POINT('',(-6.994403580859E-05,21.920200218078,24.));
#760 = VECTOR('',#761,1.);
#761 = DIRECTION('',(1.,0.,0.));
#762 = ORIENTED_EDGE('',*,*,#763,.F.);
#763 = EDGE_CURVE('',#764,#756,#766,.T.);
#764 = VERTEX_POINT('',#765);
#765 = CARTESIAN_POINT('',(-26.97810591141,-0.437248447957,24.));
#766 = CIRCLE('',#767,94.);
#767 = AXIS2_PLACEMENT_3D('',#768,#769,#770);
#768 = CARTESIAN_POINT('',(-120.9680851092,0.935271277515,24.));
#769 = DIRECTION('',(0.,0.,1.));
#770 = DIRECTION('',(1.,0.,0.));
#771 = ORIENTED_EDGE('',*,*,#772,.T.);
#772 = EDGE_CURVE('',#764,#334,#773,.T.);
#773 = LINE('',#774,#775);
#774 = CARTESIAN_POINT('',(-26.97810591141,-0.437248447957,24.));
#775 = VECTOR('',#776,1.);
#776 = DIRECTION('',(6.191921498289E-02,-0.998081164443,0.));
#777 = ORIENTED_EDGE('',*,*,#333,.F.);
#778 = ORIENTED_EDGE('',*,*,#678,.F.);
#779 = ORIENTED_EDGE('',*,*,#551,.F.);
#780 = ORIENTED_EDGE('',*,*,#781,.F.);
#781 = EDGE_CURVE('',#696,#544,#782,.T.);
#782 = LINE('',#783,#784);
#783 = CARTESIAN_POINT('',(26.977334871474,-0.437248447255,24.));
#784 = VECTOR('',#785,1.);
#785 = DIRECTION('',(-6.191451569973E-02,-0.998081455967,0.));
#786 = PLANE('',#787);
#787 = AXIS2_PLACEMENT_3D('',#788,#789,#790);
#788 = CARTESIAN_POINT('',(-1.275923518491E-04,-88.36992856028,24.));
#789 = DIRECTION('',(0.,0.,1.));
#790 = DIRECTION('',(1.,0.,0.));
#791 = ADVANCED_FACE('',(#792),#810,.F.);
#792 = FACE_BOUND('',#793,.F.);
#793 = EDGE_LOOP('',(#794,#802,#803,#804));
#794 = ORIENTED_EDGE('',*,*,#795,.T.);
#795 = EDGE_CURVE('',#796,#764,#798,.T.);
#796 = VERTEX_POINT('',#797);
#797 = CARTESIAN_POINT('',(-26.97810591141,-0.437248447957,0.));
#798 = LINE('',#799,#800);
#799 = CARTESIAN_POINT('',(-26.97810591141,-0.437248447957,0.));
#800 = VECTOR('',#801,1.);
#801 = DIRECTION('',(0.,0.,1.));
#802 = ORIENTED_EDGE('',*,*,#772,.T.);
#803 = ORIENTED_EDGE('',*,*,#342,.F.);
#804 = ORIENTED_EDGE('',*,*,#805,.F.);
#805 = EDGE_CURVE('',#796,#343,#806,.T.);
#806 = LINE('',#807,#808);
#807 = CARTESIAN_POINT('',(-26.97810591141,-0.437248447957,0.));
#808 = VECTOR('',#809,1.);
#809 = DIRECTION('',(6.191921498289E-02,-0.998081164443,0.));
#810 = PLANE('',#811);
#811 = AXIS2_PLACEMENT_3D('',#812,#813,#814);
#812 = CARTESIAN_POINT('',(-26.97810591141,-0.437248447957,0.));
#813 = DIRECTION('',(0.998081164443,6.191921498289E-02,0.));
#814 = DIRECTION('',(6.191921498289E-02,-0.998081164443,0.));
#815 = ADVANCED_FACE('',(#816),#910,.F.);
#816 = FACE_BOUND('',#817,.F.);
#817 = EDGE_LOOP('',(#818,#829,#837,#846,#854,#863,#871,#880,#888,#895,
    #896,#897,#903,#904));
#818 = ORIENTED_EDGE('',*,*,#819,.F.);
#819 = EDGE_CURVE('',#820,#822,#824,.T.);
#820 = VERTEX_POINT('',#821);
#821 = CARTESIAN_POINT('',(29.339628529572,21.920200218078,0.));
#822 = VERTEX_POINT('',#823);
#823 = CARTESIAN_POINT('',(26.977334871474,-0.437248447255,0.));
#824 = CIRCLE('',#825,94.);
#825 = AXIS2_PLACEMENT_3D('',#826,#827,#828);
#826 = CARTESIAN_POINT('',(120.96731406928,0.93527127763,0.));
#827 = DIRECTION('',(0.,0.,1.));
#828 = DIRECTION('',(1.,0.,0.));
#829 = ORIENTED_EDGE('',*,*,#830,.F.);
#830 = EDGE_CURVE('',#831,#820,#833,.T.);
#831 = VERTEX_POINT('',#832);
#832 = CARTESIAN_POINT('',(1.872117090186,21.920200218078,0.));
#833 = LINE('',#834,#835);
#834 = CARTESIAN_POINT('',(-6.994403580487E-05,21.920200218078,0.));
#835 = VECTOR('',#836,1.);
#836 = DIRECTION('',(1.,0.,0.));
#837 = ORIENTED_EDGE('',*,*,#838,.T.);
#838 = EDGE_CURVE('',#831,#839,#841,.T.);
#839 = VERTEX_POINT('',#840);
#840 = CARTESIAN_POINT('',(22.,-2.23E-13,0.));
#841 = CIRCLE('',#842,22.);
#842 = AXIS2_PLACEMENT_3D('',#843,#844,#845);
#843 = CARTESIAN_POINT('',(0.,0.,0.));
#844 = DIRECTION('',(0.,0.,-1.));
#845 = DIRECTION('',(1.,0.,0.));
#846 = ORIENTED_EDGE('',*,*,#847,.T.);
#847 = EDGE_CURVE('',#839,#848,#850,.T.);
#848 = VERTEX_POINT('',#849);
#849 = CARTESIAN_POINT('',(12.999999999998,-145.,0.));
#850 = LINE('',#851,#852);
#851 = CARTESIAN_POINT('',(22.,4.2718E-13,0.));
#852 = VECTOR('',#853,1.);
#853 = DIRECTION('',(-6.194974777901E-02,-0.998079269773,0.));
#854 = ORIENTED_EDGE('',*,*,#855,.T.);
#855 = EDGE_CURVE('',#848,#856,#858,.T.);
#856 = VERTEX_POINT('',#857);
#857 = CARTESIAN_POINT('',(-12.99999999999,-145.,0.));
#858 = CIRCLE('',#859,12.999999999998);
#859 = AXIS2_PLACEMENT_3D('',#860,#861,#862);
#860 = CARTESIAN_POINT('',(0.,-145.,0.));
#861 = DIRECTION('',(0.,0.,-1.));
#862 = DIRECTION('',(1.,0.,0.));
#863 = ORIENTED_EDGE('',*,*,#864,.F.);
#864 = EDGE_CURVE('',#865,#856,#867,.T.);
#865 = VERTEX_POINT('',#866);
#866 = CARTESIAN_POINT('',(-22.,4.27E-13,0.));
#867 = LINE('',#868,#869);
#868 = CARTESIAN_POINT('',(-22.,4.2718E-13,0.));
#869 = VECTOR('',#870,1.);
#870 = DIRECTION('',(6.194974777901E-02,-0.998079269773,0.));
#871 = ORIENTED_EDGE('',*,*,#872,.T.);
#872 = EDGE_CURVE('',#865,#873,#875,.T.);
#873 = VERTEX_POINT('',#874);
#874 = CARTESIAN_POINT('',(-1.872117090186,21.920200218078,0.));
#875 = CIRCLE('',#876,22.);
#876 = AXIS2_PLACEMENT_3D('',#877,#878,#879);
#877 = CARTESIAN_POINT('',(0.,0.,0.));
#878 = DIRECTION('',(0.,0.,-1.));
#879 = DIRECTION('',(1.,0.,0.));
#880 = ORIENTED_EDGE('',*,*,#881,.F.);
#881 = EDGE_CURVE('',#882,#873,#884,.T.);
#882 = VERTEX_POINT('',#883);
#883 = CARTESIAN_POINT('',(-29.34039956953,21.920200218078,0.));
#884 = LINE('',#885,#886);
#885 = CARTESIAN_POINT('',(-6.994403580487E-05,21.920200218078,0.));
#886 = VECTOR('',#887,1.);
#887 = DIRECTION('',(1.,0.,0.));
#888 = ORIENTED_EDGE('',*,*,#889,.F.);
#889 = EDGE_CURVE('',#796,#882,#890,.T.);
#890 = CIRCLE('',#891,94.);
#891 = AXIS2_PLACEMENT_3D('',#892,#893,#894);
#892 = CARTESIAN_POINT('',(-120.9680851092,0.935271277515,0.));
#893 = DIRECTION('',(0.,0.,1.));
#894 = DIRECTION('',(1.,0.,0.));
#895 = ORIENTED_EDGE('',*,*,#805,.T.);
#896 = ORIENTED_EDGE('',*,*,#350,.F.);
#897 = ORIENTED_EDGE('',*,*,#898,.F.);
#898 = EDGE_CURVE('',#522,#351,#899,.T.);
#899 = LINE('',#900,#901);
#900 = CARTESIAN_POINT('',(22.904645233036,-160.856331,0.));
#901 = VECTOR('',#902,1.);
#902 = DIRECTION('',(-1.,0.,0.));
#903 = ORIENTED_EDGE('',*,*,#534,.F.);
#904 = ORIENTED_EDGE('',*,*,#905,.F.);
#905 = EDGE_CURVE('',#822,#535,#906,.T.);
#906 = LINE('',#907,#908);
#907 = CARTESIAN_POINT('',(26.977334871474,-0.437248447255,0.));
#908 = VECTOR('',#909,1.);
#909 = DIRECTION('',(-6.191451569973E-02,-0.998081455967,0.));
#910 = PLANE('',#911);
#911 = AXIS2_PLACEMENT_3D('',#912,#913,#914);
#912 = CARTESIAN_POINT('',(-1.398880716097E-04,-25.41987947746,0.));
#913 = DIRECTION('',(0.,0.,1.));
#914 = DIRECTION('',(1.,0.,0.));
#915 = ADVANCED_FACE('',(#916),#925,.F.);
#916 = FACE_BOUND('',#917,.F.);
#917 = EDGE_LOOP('',(#918,#919,#920,#921,#922,#923,#924));
#918 = ORIENTED_EDGE('',*,*,#381,.T.);
#919 = ORIENTED_EDGE('',*,*,#445,.T.);
#920 = ORIENTED_EDGE('',*,*,#478,.F.);
#921 = ORIENTED_EDGE('',*,*,#521,.F.);
#922 = ORIENTED_EDGE('',*,*,#898,.T.);
#923 = ORIENTED_EDGE('',*,*,#359,.F.);
#924 = ORIENTED_EDGE('',*,*,#368,.T.);
#925 = CYLINDRICAL_SURFACE('',#926,10.);
#926 = AXIS2_PLACEMENT_3D('',#927,#928,#929);
#927 = CARTESIAN_POINT('',(22.904645233036,-161.4299243136,
    -9.984130613887));
#928 = DIRECTION('',(1.,0.,0.));
#929 = DIRECTION('',(0.,1.,0.));
#930 = ADVANCED_FACE('',(#931),#942,.T.);
#931 = FACE_BOUND('',#932,.T.);
#932 = EDGE_LOOP('',(#933,#939,#940,#941));
#933 = ORIENTED_EDGE('',*,*,#934,.T.);
#934 = EDGE_CURVE('',#822,#696,#935,.T.);
#935 = LINE('',#936,#937);
#936 = CARTESIAN_POINT('',(26.977334871474,-0.437248447255,0.));
#937 = VECTOR('',#938,1.);
#938 = DIRECTION('',(0.,0.,1.));
#939 = ORIENTED_EDGE('',*,*,#781,.T.);
#940 = ORIENTED_EDGE('',*,*,#543,.F.);
#941 = ORIENTED_EDGE('',*,*,#905,.F.);
#942 = PLANE('',#943);
#943 = AXIS2_PLACEMENT_3D('',#944,#945,#946);
#944 = CARTESIAN_POINT('',(26.977334871474,-0.437248447255,0.));
#945 = DIRECTION('',(0.998081455967,-6.191451569973E-02,0.));
#946 = DIRECTION('',(-6.191451569973E-02,-0.998081455967,0.));
#947 = ADVANCED_FACE('',(#948),#1114,.F.);
#948 = FACE_BOUND('',#949,.T.);
#949 = EDGE_LOOP('',(#950,#960,#969,#977,#996,#1004,#1013,#1028,#1034,
    #1035,#1036,#1037,#1045,#1057,#1066,#1074,#1099,#1107));
#950 = ORIENTED_EDGE('',*,*,#951,.F.);
#951 = EDGE_CURVE('',#952,#954,#956,.T.);
#952 = VERTEX_POINT('',#953);
#953 = CARTESIAN_POINT('',(42.432041735011,52.59,39.5));
#954 = VERTEX_POINT('',#955);
#955 = CARTESIAN_POINT('',(42.432041735011,52.59,-15.5));
#956 = LINE('',#957,#958);
#957 = CARTESIAN_POINT('',(42.432041735011,52.59,0.));
#958 = VECTOR('',#959,1.);
#959 = DIRECTION('',(-0.,-0.,-1.));
#960 = ORIENTED_EDGE('',*,*,#961,.T.);
#961 = EDGE_CURVE('',#952,#962,#964,.T.);
#962 = VERTEX_POINT('',#963);
#963 = CARTESIAN_POINT('',(32.712379687231,33.293679106502,39.5));
#964 = CIRCLE('',#965,94.);
#965 = AXIS2_PLACEMENT_3D('',#966,#967,#968);
#966 = CARTESIAN_POINT('',(120.96731406928,0.93527127763,39.5));
#967 = DIRECTION('',(0.,0.,1.));
#968 = DIRECTION('',(1.,0.,0.));
#969 = ORIENTED_EDGE('',*,*,#970,.F.);
#970 = EDGE_CURVE('',#971,#962,#973,.T.);
#971 = VERTEX_POINT('',#972);
#972 = CARTESIAN_POINT('',(32.712379687231,33.293679106502,
    33.492410106802));
#973 = LINE('',#974,#975);
#974 = CARTESIAN_POINT('',(32.712379687231,33.293679106502,0.));
#975 = VECTOR('',#976,1.);
#976 = DIRECTION('',(0.,0.,1.));
#977 = ORIENTED_EDGE('',*,*,#978,.F.);
#978 = EDGE_CURVE('',#979,#971,#981,.T.);
#979 = VERTEX_POINT('',#980);
#980 = CARTESIAN_POINT('',(30.102538512723,25.01,24.019506894565));
#981 = B_SPLINE_CURVE_WITH_KNOTS('',7,(#982,#983,#984,#985,#986,#987,
    #988,#989,#990,#991,#992,#993,#994,#995),.UNSPECIFIED.,.F.,.F.,(8,6,
    8),(0.,0.461601007967,1.),.UNSPECIFIED.);
#982 = CARTESIAN_POINT('',(30.102538512723,25.010000000001,
    24.019506894565));
#983 = CARTESIAN_POINT('',(30.380860410186,26.060464868665,
    24.201722818429));
#984 = CARTESIAN_POINT('',(30.65908510179,27.053334831712,
    24.508539878685));
#985 = CARTESIAN_POINT('',(30.930995921123,27.975702531692,
    24.92161671281));
#986 = CARTESIAN_POINT('',(31.190490892478,28.818685008452,
    25.423303475459));
#987 = CARTESIAN_POINT('',(31.432210543697,29.576598453783,
    25.996378312118));
#988 = CARTESIAN_POINT('',(31.652007733512,30.246583320842,
    26.623964470783));
#989 = CARTESIAN_POINT('',(32.074995891051,31.507621441379,
    28.066040136583));
#990 = CARTESIAN_POINT('',(32.271401646276,32.073143577552,
    28.901284173196));
#991 = CARTESIAN_POINT('',(32.433505505151,32.528212559361,
    29.778766074698));
#992 = CARTESIAN_POINT('',(32.559467008509,32.875921089394,
    30.686089808316));
#993 = CARTESIAN_POINT('',(32.648230941069,33.11866596302,31.61313872155
    ));
#994 = CARTESIAN_POINT('',(32.699259286349,33.257894276634,
    32.551293162811));
#995 = CARTESIAN_POINT('',(32.712379687231,33.293679106502,
    33.492410106802));
#996 = ORIENTED_EDGE('',*,*,#997,.F.);
#997 = EDGE_CURVE('',#998,#979,#1000,.T.);
#998 = VERTEX_POINT('',#999);
#999 = CARTESIAN_POINT('',(30.102538512723,25.010000000001,24.));
#1000 = LINE('',#1001,#1002);
#1001 = CARTESIAN_POINT('',(30.102538512723,25.010000000001,0.));
#1002 = VECTOR('',#1003,1.);
#1003 = DIRECTION('',(0.,0.,1.));
#1004 = ORIENTED_EDGE('',*,*,#1005,.T.);
#1005 = EDGE_CURVE('',#998,#1006,#1008,.T.);
#1006 = VERTEX_POINT('',#1007);
#1007 = CARTESIAN_POINT('',(30.071740826368,24.89345912316,24.));
#1008 = CIRCLE('',#1009,94.);
#1009 = AXIS2_PLACEMENT_3D('',#1010,#1011,#1012);
#1010 = CARTESIAN_POINT('',(120.96731406928,0.93527127763,24.));
#1011 = DIRECTION('',(0.,0.,1.));
#1012 = DIRECTION('',(1.,0.,0.));
#1013 = ORIENTED_EDGE('',*,*,#1014,.F.);
#1014 = EDGE_CURVE('',#1015,#1006,#1017,.T.);
#1015 = VERTEX_POINT('',#1016);
#1016 = CARTESIAN_POINT('',(29.339628529572,21.920200218078,
    23.968148678883));
#1017 = B_SPLINE_CURVE_WITH_KNOTS('',5,(#1018,#1019,#1020,#1021,#1022,
    #1023,#1024,#1025,#1026,#1027),.UNSPECIFIED.,.F.,.F.,(6,4,6),(0.,
    0.262882687982,1.),.UNSPECIFIED.);
#1018 = CARTESIAN_POINT('',(29.339628529572,21.920200218078,
    23.968148678883));
#1019 = CARTESIAN_POINT('',(29.375584196332,22.07719548533,
    23.94626272743));
#1020 = CARTESIAN_POINT('',(29.41203799741,22.234820664579,
    23.927460121549));
#1021 = CARTESIAN_POINT('',(29.448962662935,22.392928630021,
    23.911777331515));
#1022 = CARTESIAN_POINT('',(29.486327521859,22.551369148808,
    23.899236907339));
#1023 = CARTESIAN_POINT('',(29.630007504724,23.154755143753,
    23.863519726257));
#1024 = CARTESIAN_POINT('',(29.739071170534,23.600770684802,
    23.861975259252));
#1025 = CARTESIAN_POINT('',(29.850590149563,24.044887691882,
    23.885351709417));
#1026 = CARTESIAN_POINT('',(29.96369382602,24.483940060412,
    23.93299947372));
#1027 = CARTESIAN_POINT('',(30.077407611967,24.914948176624,
    24.003490504404));
#1028 = ORIENTED_EDGE('',*,*,#1029,.F.);
#1029 = EDGE_CURVE('',#694,#1015,#1030,.T.);
#1030 = LINE('',#1031,#1032);
#1031 = CARTESIAN_POINT('',(29.339628529572,21.920200218078,0.));
#1032 = VECTOR('',#1033,1.);
#1033 = DIRECTION('',(-0.,-0.,-1.));
#1034 = ORIENTED_EDGE('',*,*,#693,.T.);
#1035 = ORIENTED_EDGE('',*,*,#934,.F.);
#1036 = ORIENTED_EDGE('',*,*,#819,.F.);
#1037 = ORIENTED_EDGE('',*,*,#1038,.F.);
#1038 = EDGE_CURVE('',#1039,#820,#1041,.T.);
#1039 = VERTEX_POINT('',#1040);
#1040 = CARTESIAN_POINT('',(29.339628529572,21.920200218078,
    1.0431347252E-02));
#1041 = LINE('',#1042,#1043);
#1042 = CARTESIAN_POINT('',(29.339628529572,21.920200218078,0.));
#1043 = VECTOR('',#1044,1.);
#1044 = DIRECTION('',(-0.,-0.,-1.));
#1045 = ORIENTED_EDGE('',*,*,#1046,.F.);
#1046 = EDGE_CURVE('',#1047,#1039,#1049,.T.);
#1047 = VERTEX_POINT('',#1048);
#1048 = CARTESIAN_POINT('',(30.040385362692,24.774181403437,0.));
#1049 = B_SPLINE_CURVE_WITH_KNOTS('',6,(#1050,#1051,#1052,#1053,#1054,
    #1055,#1056),.UNSPECIFIED.,.F.,.F.,(7,7),(0.,1.),
  .PIECEWISE_BEZIER_KNOTS.);
#1050 = CARTESIAN_POINT('',(30.04652552915,24.797589087102,
    -3.490504403541E-03));
#1051 = CARTESIAN_POINT('',(29.923271784549,24.327964646632,
    6.710707742295E-02));
#1052 = CARTESIAN_POINT('',(29.800854631656,23.84967285484,
    0.111639755581));
#1053 = CARTESIAN_POINT('',(29.680372598505,23.366151307239,
    0.128575993624));
#1054 = CARTESIAN_POINT('',(29.562818398327,22.880996597186,
    0.117181064979));
#1055 = CARTESIAN_POINT('',(29.449019462961,22.397840055407,
    7.751418125297E-02));
#1056 = CARTESIAN_POINT('',(29.339628529572,21.920200218078,
    1.0431347252E-02));
#1057 = ORIENTED_EDGE('',*,*,#1058,.F.);
#1058 = EDGE_CURVE('',#1059,#1047,#1061,.T.);
#1059 = VERTEX_POINT('',#1060);
#1060 = CARTESIAN_POINT('',(30.102538512723,25.010000000002,-2.E-15));
#1061 = CIRCLE('',#1062,94.);
#1062 = AXIS2_PLACEMENT_3D('',#1063,#1064,#1065);
#1063 = CARTESIAN_POINT('',(120.96731406928,0.93527127763,0.));
#1064 = DIRECTION('',(0.,0.,1.));
#1065 = DIRECTION('',(1.,0.,0.));
#1066 = ORIENTED_EDGE('',*,*,#1067,.F.);
#1067 = EDGE_CURVE('',#1068,#1059,#1070,.T.);
#1068 = VERTEX_POINT('',#1069);
#1069 = CARTESIAN_POINT('',(30.102538512723,25.01,-3.776241293721E-02));
#1070 = LINE('',#1071,#1072);
#1071 = CARTESIAN_POINT('',(30.102538512723,25.010000000001,0.));
#1072 = VECTOR('',#1073,1.);
#1073 = DIRECTION('',(0.,0.,1.));
#1074 = ORIENTED_EDGE('',*,*,#1075,.F.);
#1075 = EDGE_CURVE('',#1076,#1068,#1078,.T.);
#1076 = VERTEX_POINT('',#1077);
#1077 = CARTESIAN_POINT('',(32.712379687231,33.293679106502,
    -9.303806700664));
#1078 = B_SPLINE_CURVE_WITH_KNOTS('',7,(#1079,#1080,#1081,#1082,#1083,
    #1084,#1085,#1086,#1087,#1088,#1089,#1090,#1091,#1092,#1093,#1094,
    #1095,#1096,#1097,#1098),.UNSPECIFIED.,.F.,.F.,(8,6,6,8),(0.,
    0.537485866966,0.72351521102,1.),.UNSPECIFIED.);
#1079 = CARTESIAN_POINT('',(32.712379687231,33.293679106502,
    -9.303806700664));
#1080 = CARTESIAN_POINT('',(32.692384509588,33.239143880288,
    -8.378843518974));
#1081 = CARTESIAN_POINT('',(32.63573663526,33.084519493144,
    -7.458067520271));
#1082 = CARTESIAN_POINT('',(32.54265380473,32.829598044689,
    -6.549245081017));
#1083 = CARTESIAN_POINT('',(32.413699630005,32.472893423231,
    -5.660689089237));
#1084 = CARTESIAN_POINT('',(32.249935601362,32.012047501548,
    -4.802199280826));
#1085 = CARTESIAN_POINT('',(32.053180237239,31.444085776409,
    -3.985805351854));
#1086 = CARTESIAN_POINT('',(31.747820239683,30.531607698172,
    -2.965116093396));
#1087 = CARTESIAN_POINT('',(31.665692465197,30.283799053371,
    -2.70961145603));
#1088 = CARTESIAN_POINT('',(31.580087250456,30.022730194234,
    -2.461769453491));
#1089 = CARTESIAN_POINT('',(31.491162723415,29.748356128141,
    -2.222369671045));
#1090 = CARTESIAN_POINT('',(31.399099443845,29.460661377224,
    -1.992248357589));
#1091 = CARTESIAN_POINT('',(31.304101253222,29.159667671385,
    -1.772304405385));
#1092 = CARTESIAN_POINT('',(31.061182572404,28.378425439895,
    -1.253179189364));
#1093 = CARTESIAN_POINT('',(30.90961596523,27.880978880811,
    -0.966673072491));
#1094 = CARTESIAN_POINT('',(30.752885336898,27.354649726175,
    -0.708453692496));
#1095 = CARTESIAN_POINT('',(30.59235037753,26.801536234982,
    -0.482712547941));
#1096 = CARTESIAN_POINT('',(30.429468207543,26.224252411433,
    -0.29334769034));
#1097 = CARTESIAN_POINT('',(30.265720151626,25.625893253251,
    -0.143945491845));
#1098 = CARTESIAN_POINT('',(30.102538512723,25.010000000001,
    -3.77624129373E-02));
#1099 = ORIENTED_EDGE('',*,*,#1100,.F.);
#1100 = EDGE_CURVE('',#1101,#1076,#1103,.T.);
#1101 = VERTEX_POINT('',#1102);
#1102 = CARTESIAN_POINT('',(32.712379687231,33.293679106502,-15.5));
#1103 = LINE('',#1104,#1105);
#1104 = CARTESIAN_POINT('',(32.712379687231,33.293679106502,0.));
#1105 = VECTOR('',#1106,1.);
#1106 = DIRECTION('',(0.,0.,1.));
#1107 = ORIENTED_EDGE('',*,*,#1108,.F.);
#1108 = EDGE_CURVE('',#954,#1101,#1109,.T.);
#1109 = CIRCLE('',#1110,94.);
#1110 = AXIS2_PLACEMENT_3D('',#1111,#1112,#1113);
#1111 = CARTESIAN_POINT('',(120.96731406928,0.93527127763,-15.5));
#1112 = DIRECTION('',(0.,0.,1.));
#1113 = DIRECTION('',(1.,0.,0.));
#1114 = CYLINDRICAL_SURFACE('',#1115,94.);
#1115 = AXIS2_PLACEMENT_3D('',#1116,#1117,#1118);
#1116 = CARTESIAN_POINT('',(120.96731406928,0.93527127763,0.));
#1117 = DIRECTION('',(-0.,-0.,-1.));
#1118 = DIRECTION('',(1.,0.,0.));
#1119 = ADVANCED_FACE('',(#1120),#1302,.F.);
#1120 = FACE_BOUND('',#1121,.F.);
#1121 = EDGE_LOOP('',(#1122,#1123,#1131,#1143,#1152,#1160,#1185,#1193,
    #1202,#1210,#1218,#1226,#1235,#1243,#1262,#1270,#1279,#1294,#1300,
    #1301));
#1122 = ORIENTED_EDGE('',*,*,#889,.T.);
#1123 = ORIENTED_EDGE('',*,*,#1124,.F.);
#1124 = EDGE_CURVE('',#1125,#882,#1127,.T.);
#1125 = VERTEX_POINT('',#1126);
#1126 = CARTESIAN_POINT('',(-29.34039956953,21.920200218078,
    1.0431347252E-02));
#1127 = LINE('',#1128,#1129);
#1128 = CARTESIAN_POINT('',(-29.34039956953,21.920200218078,0.));
#1129 = VECTOR('',#1130,1.);
#1130 = DIRECTION('',(-0.,-0.,-1.));
#1131 = ORIENTED_EDGE('',*,*,#1132,.F.);
#1132 = EDGE_CURVE('',#1133,#1125,#1135,.T.);
#1133 = VERTEX_POINT('',#1134);
#1134 = CARTESIAN_POINT('',(-30.04115640265,24.774181403437,0.));
#1135 = B_SPLINE_CURVE_WITH_KNOTS('',6,(#1136,#1137,#1138,#1139,#1140,
    #1141,#1142),.UNSPECIFIED.,.F.,.F.,(7,7),(0.,1.),
  .PIECEWISE_BEZIER_KNOTS.);
#1136 = CARTESIAN_POINT('',(-30.04729656911,24.797589087102,
    -3.490504403542E-03));
#1137 = CARTESIAN_POINT('',(-29.92404282451,24.327964646621,
    6.710707742462E-02));
#1138 = CARTESIAN_POINT('',(-29.80162567162,23.849672854843,
    0.11163975558));
#1139 = CARTESIAN_POINT('',(-29.68114363847,23.36615130725,
    0.128575993624));
#1140 = CARTESIAN_POINT('',(-29.56358943828,22.880996597189,
    0.117181064981));
#1141 = CARTESIAN_POINT('',(-29.44979050292,22.397840055396,
    7.751418125139E-02));
#1142 = CARTESIAN_POINT('',(-29.34039956953,21.920200218078,
    1.0431347252E-02));
#1143 = ORIENTED_EDGE('',*,*,#1144,.T.);
#1144 = EDGE_CURVE('',#1133,#1145,#1147,.T.);
#1145 = VERTEX_POINT('',#1146);
#1146 = CARTESIAN_POINT('',(-30.10330955268,25.010000000002,-2.E-15));
#1147 = CIRCLE('',#1148,94.);
#1148 = AXIS2_PLACEMENT_3D('',#1149,#1150,#1151);
#1149 = CARTESIAN_POINT('',(-120.9680851092,0.935271277515,0.));
#1150 = DIRECTION('',(0.,0.,1.));
#1151 = DIRECTION('',(1.,0.,0.));
#1152 = ORIENTED_EDGE('',*,*,#1153,.T.);
#1153 = EDGE_CURVE('',#1145,#1154,#1156,.T.);
#1154 = VERTEX_POINT('',#1155);
#1155 = CARTESIAN_POINT('',(-30.10330955268,25.01,-3.776241293721E-02));
#1156 = LINE('',#1157,#1158);
#1157 = CARTESIAN_POINT('',(-30.10330955268,25.010000000001,0.));
#1158 = VECTOR('',#1159,1.);
#1159 = DIRECTION('',(-0.,-0.,-1.));
#1160 = ORIENTED_EDGE('',*,*,#1161,.F.);
#1161 = EDGE_CURVE('',#1162,#1154,#1164,.T.);
#1162 = VERTEX_POINT('',#1163);
#1163 = CARTESIAN_POINT('',(-32.7131507272,33.293679106502,
    -9.303806700664));
#1164 = B_SPLINE_CURVE_WITH_KNOTS('',7,(#1165,#1166,#1167,#1168,#1169,
    #1170,#1171,#1172,#1173,#1174,#1175,#1176,#1177,#1178,#1179,#1180,
    #1181,#1182,#1183,#1184),.UNSPECIFIED.,.F.,.F.,(8,6,6,8),(0.,
    0.537485872883,0.723515218985,1.),.UNSPECIFIED.);
#1165 = CARTESIAN_POINT('',(-32.7131507272,33.293679106502,
    -9.303806700664));
#1166 = CARTESIAN_POINT('',(-32.69315554956,33.239143880288,
    -8.378843518973));
#1167 = CARTESIAN_POINT('',(-32.63650767523,33.084519493145,
    -7.458067520276));
#1168 = CARTESIAN_POINT('',(-32.5434248447,32.829598044687,
    -6.549245081012));
#1169 = CARTESIAN_POINT('',(-32.41447066998,32.472893423232,
    -5.66068908924));
#1170 = CARTESIAN_POINT('',(-32.25070664133,32.012047501547,
    -4.802199280826));
#1171 = CARTESIAN_POINT('',(-32.05395127721,31.444085776409,
    -3.985805351854));
#1172 = CARTESIAN_POINT('',(-31.74859127965,30.531607698171,
    -2.965116093395));
#1173 = CARTESIAN_POINT('',(-31.66646350516,30.283799053371,
    -2.70961145603));
#1174 = CARTESIAN_POINT('',(-31.58085829042,30.022730194234,
    -2.461769453491));
#1175 = CARTESIAN_POINT('',(-31.49193376338,29.748356128142,
    -2.222369671046));
#1176 = CARTESIAN_POINT('',(-31.39987048381,29.460661377224,
    -1.992248357589));
#1177 = CARTESIAN_POINT('',(-31.30487229319,29.159667671384,
    -1.772304405384));
#1178 = CARTESIAN_POINT('',(-31.06195361815,28.378425458495,
    -1.253179201724));
#1179 = CARTESIAN_POINT('',(-30.9103869987,27.880978857762,
    -0.966673064473));
#1180 = CARTESIAN_POINT('',(-30.75365637213,27.354649710837,
    -0.70845368276));
#1181 = CARTESIAN_POINT('',(-30.59312142298,26.801536255525,
    -0.482712551903));
#1182 = CARTESIAN_POINT('',(-30.43023925385,26.224252433405,
    -0.293347699551));
#1183 = CARTESIAN_POINT('',(-30.26649118477,25.625893227509,
    -0.143945487406));
#1184 = CARTESIAN_POINT('',(-30.10330955268,25.010000000001,
    -3.776241293737E-02));
#1185 = ORIENTED_EDGE('',*,*,#1186,.F.);
#1186 = EDGE_CURVE('',#1187,#1162,#1189,.T.);
#1187 = VERTEX_POINT('',#1188);
#1188 = CARTESIAN_POINT('',(-32.7131507272,33.293679106502,-15.5));
#1189 = LINE('',#1190,#1191);
#1190 = CARTESIAN_POINT('',(-32.7131507272,33.293679106502,0.));
#1191 = VECTOR('',#1192,1.);
#1192 = DIRECTION('',(0.,0.,1.));
#1193 = ORIENTED_EDGE('',*,*,#1194,.T.);
#1194 = EDGE_CURVE('',#1187,#1195,#1197,.T.);
#1195 = VERTEX_POINT('',#1196);
#1196 = CARTESIAN_POINT('',(-42.43303001242,52.591392937676,-15.5));
#1197 = CIRCLE('',#1198,94.);
#1198 = AXIS2_PLACEMENT_3D('',#1199,#1200,#1201);
#1199 = CARTESIAN_POINT('',(-120.9680851092,0.935271277515,-15.5));
#1200 = DIRECTION('',(0.,0.,1.));
#1201 = DIRECTION('',(1.,0.,0.));
#1202 = ORIENTED_EDGE('',*,*,#1203,.F.);
#1203 = EDGE_CURVE('',#1204,#1195,#1206,.T.);
#1204 = VERTEX_POINT('',#1205);
#1205 = CARTESIAN_POINT('',(-42.43291581457,52.590660695043,-3.E-15));
#1206 = LINE('',#1207,#1208);
#1207 = CARTESIAN_POINT('',(-42.43303001242,52.591392937676,-6.44E-15));
#1208 = VECTOR('',#1209,1.);
#1209 = DIRECTION('',(0.,-1.2E-16,-1.));
#1210 = ORIENTED_EDGE('',*,*,#1211,.T.);
#1211 = EDGE_CURVE('',#1204,#1212,#1214,.T.);
#1212 = VERTEX_POINT('',#1213);
#1213 = CARTESIAN_POINT('',(-42.43300461079,52.591230061099,24.));
#1214 = LINE('',#1215,#1216);
#1215 = CARTESIAN_POINT('',(-42.43281277502,52.59,0.));
#1216 = VECTOR('',#1217,1.);
#1217 = DIRECTION('',(0.,0.,1.));
#1218 = ORIENTED_EDGE('',*,*,#1219,.T.);
#1219 = EDGE_CURVE('',#1212,#1220,#1222,.T.);
#1220 = VERTEX_POINT('',#1221);
#1221 = CARTESIAN_POINT('',(-42.43303001242,52.591392937676,39.5));
#1222 = LINE('',#1223,#1224);
#1223 = CARTESIAN_POINT('',(-42.43303001242,52.591392937676,24.));
#1224 = VECTOR('',#1225,1.);
#1225 = DIRECTION('',(0.,0.,1.));
#1226 = ORIENTED_EDGE('',*,*,#1227,.F.);
#1227 = EDGE_CURVE('',#1228,#1220,#1230,.T.);
#1228 = VERTEX_POINT('',#1229);
#1229 = CARTESIAN_POINT('',(-32.7131507272,33.293679106502,39.5));
#1230 = CIRCLE('',#1231,94.);
#1231 = AXIS2_PLACEMENT_3D('',#1232,#1233,#1234);
#1232 = CARTESIAN_POINT('',(-120.9680851092,0.935271277515,39.5));
#1233 = DIRECTION('',(0.,0.,1.));
#1234 = DIRECTION('',(1.,0.,0.));
#1235 = ORIENTED_EDGE('',*,*,#1236,.F.);
#1236 = EDGE_CURVE('',#1237,#1228,#1239,.T.);
#1237 = VERTEX_POINT('',#1238);
#1238 = CARTESIAN_POINT('',(-32.7131507272,33.293679106502,
    33.492410106802));
#1239 = LINE('',#1240,#1241);
#1240 = CARTESIAN_POINT('',(-32.7131507272,33.293679106502,0.));
#1241 = VECTOR('',#1242,1.);
#1242 = DIRECTION('',(0.,0.,1.));
#1243 = ORIENTED_EDGE('',*,*,#1244,.F.);
#1244 = EDGE_CURVE('',#1245,#1237,#1247,.T.);
#1245 = VERTEX_POINT('',#1246);
#1246 = CARTESIAN_POINT('',(-30.10330955268,25.01,24.019506894565));
#1247 = B_SPLINE_CURVE_WITH_KNOTS('',7,(#1248,#1249,#1250,#1251,#1252,
    #1253,#1254,#1255,#1256,#1257,#1258,#1259,#1260,#1261),
  .UNSPECIFIED.,.F.,.F.,(8,6,8),(0.,0.461601008061,1.),.UNSPECIFIED.);
#1248 = CARTESIAN_POINT('',(-30.10330955268,25.010000000001,
    24.019506894565));
#1249 = CARTESIAN_POINT('',(-30.38163145006,26.060464868339,
    24.201722818372));
#1250 = CARTESIAN_POINT('',(-30.65985614173,27.053334831678,
    24.508539878596));
#1251 = CARTESIAN_POINT('',(-30.93176696116,27.975702531941,
    24.921616712884));
#1252 = CARTESIAN_POINT('',(-31.19126193252,28.818685008667,
    25.42330347565));
#1253 = CARTESIAN_POINT('',(-31.43298158365,29.576598453727,
    25.996378312159));
#1254 = CARTESIAN_POINT('',(-31.65277877341,30.246583320623,
    26.623964470532));
#1255 = CARTESIAN_POINT('',(-32.07576693102,31.507621441378,
    28.066040136582));
#1256 = CARTESIAN_POINT('',(-32.27217268625,32.073143577554,
    28.901284173198));
#1257 = CARTESIAN_POINT('',(-32.43427654512,32.528212559358,
    29.778766074697));
#1258 = CARTESIAN_POINT('',(-32.56023804848,32.875921089395,
    30.686089808314));
#1259 = CARTESIAN_POINT('',(-32.64900198104,33.118665963019,
    31.613138721553));
#1260 = CARTESIAN_POINT('',(-32.70003032632,33.257894276634,
    32.55129316281));
#1261 = CARTESIAN_POINT('',(-32.7131507272,33.293679106502,
    33.492410106802));
#1262 = ORIENTED_EDGE('',*,*,#1263,.T.);
#1263 = EDGE_CURVE('',#1245,#1264,#1266,.T.);
#1264 = VERTEX_POINT('',#1265);
#1265 = CARTESIAN_POINT('',(-30.10330955268,25.010000000001,24.));
#1266 = LINE('',#1267,#1268);
#1267 = CARTESIAN_POINT('',(-30.10330955268,25.010000000001,0.));
#1268 = VECTOR('',#1269,1.);
#1269 = DIRECTION('',(-0.,-0.,-1.));
#1270 = ORIENTED_EDGE('',*,*,#1271,.F.);
#1271 = EDGE_CURVE('',#1272,#1264,#1274,.T.);
#1272 = VERTEX_POINT('',#1273);
#1273 = CARTESIAN_POINT('',(-30.07251186633,24.893459123161,24.));
#1274 = CIRCLE('',#1275,94.);
#1275 = AXIS2_PLACEMENT_3D('',#1276,#1277,#1278);
#1276 = CARTESIAN_POINT('',(-120.9680851092,0.935271277515,24.));
#1277 = DIRECTION('',(0.,0.,1.));
#1278 = DIRECTION('',(1.,0.,0.));
#1279 = ORIENTED_EDGE('',*,*,#1280,.F.);
#1280 = EDGE_CURVE('',#1281,#1272,#1283,.T.);
#1281 = VERTEX_POINT('',#1282);
#1282 = CARTESIAN_POINT('',(-29.34039956953,21.920200218078,
    23.968148678883));
#1283 = B_SPLINE_CURVE_WITH_KNOTS('',5,(#1284,#1285,#1286,#1287,#1288,
    #1289,#1290,#1291,#1292,#1293),.UNSPECIFIED.,.F.,.F.,(6,4,6),(0.,
    0.262882690858,1.),.UNSPECIFIED.);
#1284 = CARTESIAN_POINT('',(-29.34039956953,21.920200218078,
    23.968148678883));
#1285 = CARTESIAN_POINT('',(-29.37635523629,22.07719548533,
    23.94626272743));
#1286 = CARTESIAN_POINT('',(-29.41280903737,22.234820664579,
    23.927460121549));
#1287 = CARTESIAN_POINT('',(-29.44973370289,22.392928630021,
    23.911777331515));
#1288 = CARTESIAN_POINT('',(-29.48709856182,22.551369148808,
    23.899236907339));
#1289 = CARTESIAN_POINT('',(-29.63077854311,23.154755137154,
    23.863519726648));
#1290 = CARTESIAN_POINT('',(-29.73984221454,23.600770701191,
    23.861975259517));
#1291 = CARTESIAN_POINT('',(-29.8513611854,24.044887675682,
    23.885351708045));
#1292 = CARTESIAN_POINT('',(-29.96446486766,24.483940066769,
    23.93299947476));
#1293 = CARTESIAN_POINT('',(-30.07817865193,24.914948176624,
    24.003490504404));
#1294 = ORIENTED_EDGE('',*,*,#1295,.F.);
#1295 = EDGE_CURVE('',#756,#1281,#1296,.T.);
#1296 = LINE('',#1297,#1298);
#1297 = CARTESIAN_POINT('',(-29.34039956953,21.920200218078,0.));
#1298 = VECTOR('',#1299,1.);
#1299 = DIRECTION('',(-0.,-0.,-1.));
#1300 = ORIENTED_EDGE('',*,*,#763,.F.);
#1301 = ORIENTED_EDGE('',*,*,#795,.F.);
#1302 = CYLINDRICAL_SURFACE('',#1303,94.);
#1303 = AXIS2_PLACEMENT_3D('',#1304,#1305,#1306);
#1304 = CARTESIAN_POINT('',(-120.9680851092,0.935271277515,0.));
#1305 = DIRECTION('',(0.,0.,1.));
#1306 = DIRECTION('',(1.,0.,0.));
#1307 = ADVANCED_FACE('',(#1308),#1326,.F.);
#1308 = FACE_BOUND('',#1309,.F.);
#1309 = EDGE_LOOP('',(#1310,#1318,#1324,#1325));
#1310 = ORIENTED_EDGE('',*,*,#1311,.F.);
#1311 = EDGE_CURVE('',#1312,#1281,#1314,.T.);
#1312 = VERTEX_POINT('',#1313);
#1313 = CARTESIAN_POINT('',(-1.872117090186,21.920200218078,
    23.968148678883));
#1314 = LINE('',#1315,#1316);
#1315 = CARTESIAN_POINT('',(0.,21.920200218078,23.968148678883));
#1316 = VECTOR('',#1317,1.);
#1317 = DIRECTION('',(-1.,-0.,-0.));
#1318 = ORIENTED_EDGE('',*,*,#1319,.T.);
#1319 = EDGE_CURVE('',#1312,#747,#1320,.T.);
#1320 = LINE('',#1321,#1322);
#1321 = CARTESIAN_POINT('',(-1.872117090186,21.920200218078,24.));
#1322 = VECTOR('',#1323,1.);
#1323 = DIRECTION('',(0.,0.,1.));
#1324 = ORIENTED_EDGE('',*,*,#755,.F.);
#1325 = ORIENTED_EDGE('',*,*,#1295,.T.);
#1326 = PLANE('',#1327);
#1327 = AXIS2_PLACEMENT_3D('',#1328,#1329,#1330);
#1328 = CARTESIAN_POINT('',(-7.43E-15,21.920200218078,31.738966839441));
#1329 = DIRECTION('',(-0.,-1.,-0.));
#1330 = DIRECTION('',(0.,0.,-1.));
#1331 = ADVANCED_FACE('',(#1332),#1385,.F.);
#1332 = FACE_BOUND('',#1333,.F.);
#1333 = EDGE_LOOP('',(#1334,#1335,#1343,#1352,#1358,#1359,#1360,#1379));
#1334 = ORIENTED_EDGE('',*,*,#712,.F.);
#1335 = ORIENTED_EDGE('',*,*,#1336,.T.);
#1336 = EDGE_CURVE('',#713,#1337,#1339,.T.);
#1337 = VERTEX_POINT('',#1338);
#1338 = CARTESIAN_POINT('',(22.,0.,16.));
#1339 = LINE('',#1340,#1341);
#1340 = CARTESIAN_POINT('',(22.,0.,24.));
#1341 = VECTOR('',#1342,1.);
#1342 = DIRECTION('',(-0.,-0.,-1.));
#1343 = ORIENTED_EDGE('',*,*,#1344,.T.);
#1344 = EDGE_CURVE('',#1337,#1345,#1347,.T.);
#1345 = VERTEX_POINT('',#1346);
#1346 = CARTESIAN_POINT('',(-21.99999999999,-7.621024546E-06,16.));
#1347 = CIRCLE('',#1348,22.);
#1348 = AXIS2_PLACEMENT_3D('',#1349,#1350,#1351);
#1349 = CARTESIAN_POINT('',(0.,0.,16.));
#1350 = DIRECTION('',(0.,0.,1.));
#1351 = DIRECTION('',(1.,0.,0.));
#1352 = ORIENTED_EDGE('',*,*,#1353,.F.);
#1353 = EDGE_CURVE('',#739,#1345,#1354,.T.);
#1354 = LINE('',#1355,#1356);
#1355 = CARTESIAN_POINT('',(-21.99999999999,-7.62102454563E-06,24.));
#1356 = VECTOR('',#1357,1.);
#1357 = DIRECTION('',(-0.,-0.,-1.));
#1358 = ORIENTED_EDGE('',*,*,#746,.F.);
#1359 = ORIENTED_EDGE('',*,*,#1319,.F.);
#1360 = ORIENTED_EDGE('',*,*,#1361,.F.);
#1361 = EDGE_CURVE('',#1362,#1312,#1364,.T.);
#1362 = VERTEX_POINT('',#1363);
#1363 = CARTESIAN_POINT('',(1.872117090186,21.920200218078,
    23.968148678883));
#1364 = B_SPLINE_CURVE_WITH_KNOTS('',4,(#1365,#1366,#1367,#1368,#1369,
    #1370,#1371,#1372,#1373,#1374,#1375,#1376,#1377,#1378),
  .UNSPECIFIED.,.F.,.F.,(5,3,3,3,5),(0.,0.193356617392,0.506672701493,
    0.809984176987,1.),.UNSPECIFIED.);
#1365 = CARTESIAN_POINT('',(1.872117090186,21.920200218078,
    23.968148678883));
#1366 = CARTESIAN_POINT('',(1.691354846011,21.935638402183,
    23.965996516249));
#1367 = CARTESIAN_POINT('',(1.510502791491,21.949082247045,
    23.964155081232));
#1368 = CARTESIAN_POINT('',(1.32957879064,21.960534214994,
    23.962604990034));
#1369 = CARTESIAN_POINT('',(0.855341567204,21.985327527616,
    23.959275618537));
#1370 = CARTESIAN_POINT('',(0.561939687529,21.995433150243,
    23.957950766144));
#1371 = CARTESIAN_POINT('',(0.268468336712,22.000319282341,
    23.957309649556));
#1372 = CARTESIAN_POINT('',(-0.309097483302,21.99966295726,
    23.957395763637));
#1373 = CARTESIAN_POINT('',(-0.593192007985,21.994448516941,
    23.958079954559));
#1374 = CARTESIAN_POINT('',(-0.877217764511,21.984342329686,
    23.959406924818));
#1375 = CARTESIAN_POINT('',(-1.338956667657,21.959938834399,
    23.962685597748));
#1376 = CARTESIAN_POINT('',(-1.516752239225,21.948617089858,
    23.96421880622));
#1377 = CARTESIAN_POINT('',(-1.694478031728,21.935371663317,
    23.966033701025));
#1378 = CARTESIAN_POINT('',(-1.872117090186,21.920200218078,
    23.968148678883));
#1379 = ORIENTED_EDGE('',*,*,#1380,.T.);
#1380 = EDGE_CURVE('',#1362,#705,#1381,.T.);
#1381 = LINE('',#1382,#1383);
#1382 = CARTESIAN_POINT('',(1.872117090186,21.920200218078,24.));
#1383 = VECTOR('',#1384,1.);
#1384 = DIRECTION('',(0.,0.,1.));
#1385 = CYLINDRICAL_SURFACE('',#1386,22.);
#1386 = AXIS2_PLACEMENT_3D('',#1387,#1388,#1389);
#1387 = CARTESIAN_POINT('',(0.,0.,24.));
#1388 = DIRECTION('',(0.,0.,1.));
#1389 = DIRECTION('',(1.,0.,0.));
#1390 = ADVANCED_FACE('',(#1391),#1409,.F.);
#1391 = FACE_BOUND('',#1392,.F.);
#1392 = EDGE_LOOP('',(#1393,#1394,#1402,#1408));
#1393 = ORIENTED_EDGE('',*,*,#1353,.T.);
#1394 = ORIENTED_EDGE('',*,*,#1395,.T.);
#1395 = EDGE_CURVE('',#1345,#1396,#1398,.T.);
#1396 = VERTEX_POINT('',#1397);
#1397 = CARTESIAN_POINT('',(-13.,-145.,16.));
#1398 = LINE('',#1399,#1400);
#1399 = CARTESIAN_POINT('',(-21.99999999999,-7.62102454563E-06,16.));
#1400 = VECTOR('',#1401,1.);
#1401 = DIRECTION('',(6.19497510225E-02,-0.998079269571,0.));
#1402 = ORIENTED_EDGE('',*,*,#1403,.F.);
#1403 = EDGE_CURVE('',#730,#1396,#1404,.T.);
#1404 = LINE('',#1405,#1406);
#1405 = CARTESIAN_POINT('',(-13.,-145.,24.));
#1406 = VECTOR('',#1407,1.);
#1407 = DIRECTION('',(-0.,-0.,-1.));
#1408 = ORIENTED_EDGE('',*,*,#738,.F.);
#1409 = PLANE('',#1410);
#1410 = AXIS2_PLACEMENT_3D('',#1411,#1412,#1413);
#1411 = CARTESIAN_POINT('',(-21.99999999999,-7.62102454563E-06,24.));
#1412 = DIRECTION('',(-0.998079269571,-6.19497510225E-02,0.));
#1413 = DIRECTION('',(6.19497510225E-02,-0.998079269571,0.));
#1414 = ADVANCED_FACE('',(#1415),#1434,.F.);
#1415 = FACE_BOUND('',#1416,.F.);
#1416 = EDGE_LOOP('',(#1417,#1418,#1427,#1433));
#1417 = ORIENTED_EDGE('',*,*,#1403,.T.);
#1418 = ORIENTED_EDGE('',*,*,#1419,.T.);
#1419 = EDGE_CURVE('',#1396,#1420,#1422,.T.);
#1420 = VERTEX_POINT('',#1421);
#1421 = CARTESIAN_POINT('',(13.,-145.,16.));
#1422 = CIRCLE('',#1423,13.);
#1423 = AXIS2_PLACEMENT_3D('',#1424,#1425,#1426);
#1424 = CARTESIAN_POINT('',(0.,-145.,16.));
#1425 = DIRECTION('',(0.,0.,1.));
#1426 = DIRECTION('',(1.,0.,0.));
#1427 = ORIENTED_EDGE('',*,*,#1428,.F.);
#1428 = EDGE_CURVE('',#722,#1420,#1429,.T.);
#1429 = LINE('',#1430,#1431);
#1430 = CARTESIAN_POINT('',(13.,-145.,24.));
#1431 = VECTOR('',#1432,1.);
#1432 = DIRECTION('',(-0.,-0.,-1.));
#1433 = ORIENTED_EDGE('',*,*,#729,.F.);
#1434 = CYLINDRICAL_SURFACE('',#1435,13.);
#1435 = AXIS2_PLACEMENT_3D('',#1436,#1437,#1438);
#1436 = CARTESIAN_POINT('',(0.,-145.,24.));
#1437 = DIRECTION('',(0.,0.,1.));
#1438 = DIRECTION('',(1.,0.,0.));
#1439 = ADVANCED_FACE('',(#1440),#1451,.T.);
#1440 = FACE_BOUND('',#1441,.T.);
#1441 = EDGE_LOOP('',(#1442,#1443,#1449,#1450));
#1442 = ORIENTED_EDGE('',*,*,#1336,.T.);
#1443 = ORIENTED_EDGE('',*,*,#1444,.T.);
#1444 = EDGE_CURVE('',#1337,#1420,#1445,.T.);
#1445 = LINE('',#1446,#1447);
#1446 = CARTESIAN_POINT('',(22.,0.,16.));
#1447 = VECTOR('',#1448,1.);
#1448 = DIRECTION('',(-6.1949747779E-02,-0.998079269773,0.));
#1449 = ORIENTED_EDGE('',*,*,#1428,.F.);
#1450 = ORIENTED_EDGE('',*,*,#721,.F.);
#1451 = PLANE('',#1452);
#1452 = AXIS2_PLACEMENT_3D('',#1453,#1454,#1455);
#1453 = CARTESIAN_POINT('',(22.,0.,24.));
#1454 = DIRECTION('',(-0.998079269773,6.1949747779E-02,0.));
#1455 = DIRECTION('',(-6.1949747779E-02,-0.998079269773,0.));
#1456 = ADVANCED_FACE('',(#1457),#1468,.F.);
#1457 = FACE_BOUND('',#1458,.F.);
#1458 = EDGE_LOOP('',(#1459,#1465,#1466,#1467));
#1459 = ORIENTED_EDGE('',*,*,#1460,.F.);
#1460 = EDGE_CURVE('',#1015,#1362,#1461,.T.);
#1461 = LINE('',#1462,#1463);
#1462 = CARTESIAN_POINT('',(0.,21.920200218078,23.968148678883));
#1463 = VECTOR('',#1464,1.);
#1464 = DIRECTION('',(-1.,-0.,-0.));
#1465 = ORIENTED_EDGE('',*,*,#1029,.F.);
#1466 = ORIENTED_EDGE('',*,*,#704,.F.);
#1467 = ORIENTED_EDGE('',*,*,#1380,.F.);
#1468 = PLANE('',#1469);
#1469 = AXIS2_PLACEMENT_3D('',#1470,#1471,#1472);
#1470 = CARTESIAN_POINT('',(-7.43E-15,21.920200218078,31.738966839441));
#1471 = DIRECTION('',(-0.,-1.,-0.));
#1472 = DIRECTION('',(0.,0.,-1.));
#1473 = ADVANCED_FACE('',(#1474),#1492,.F.);
#1474 = FACE_BOUND('',#1475,.F.);
#1475 = EDGE_LOOP('',(#1476,#1484,#1485,#1486));
#1476 = ORIENTED_EDGE('',*,*,#1477,.F.);
#1477 = EDGE_CURVE('',#1125,#1478,#1480,.T.);
#1478 = VERTEX_POINT('',#1479);
#1479 = CARTESIAN_POINT('',(-1.872117090186,21.920200218078,
    1.0431347252E-02));
#1480 = LINE('',#1481,#1482);
#1481 = CARTESIAN_POINT('',(0.,21.920200218078,1.0431347252E-02));
#1482 = VECTOR('',#1483,1.);
#1483 = DIRECTION('',(1.,0.,0.));
#1484 = ORIENTED_EDGE('',*,*,#1124,.T.);
#1485 = ORIENTED_EDGE('',*,*,#881,.T.);
#1486 = ORIENTED_EDGE('',*,*,#1487,.F.);
#1487 = EDGE_CURVE('',#1478,#873,#1488,.T.);
#1488 = LINE('',#1489,#1490);
#1489 = CARTESIAN_POINT('',(-1.872117090186,21.920200218078,0.));
#1490 = VECTOR('',#1491,1.);
#1491 = DIRECTION('',(0.,0.,-1.));
#1492 = PLANE('',#1493);
#1493 = AXIS2_PLACEMENT_3D('',#1494,#1495,#1496);
#1494 = CARTESIAN_POINT('',(0.,21.920200218078,-7.744784326374));
#1495 = DIRECTION('',(-0.,-1.,-0.));
#1496 = DIRECTION('',(0.,0.,-1.));
#1497 = ADVANCED_FACE('',(#1498),#1551,.F.);
#1498 = FACE_BOUND('',#1499,.F.);
#1499 = EDGE_LOOP('',(#1500,#1501,#1509,#1518,#1524,#1525,#1533,#1550));
#1500 = ORIENTED_EDGE('',*,*,#872,.F.);
#1501 = ORIENTED_EDGE('',*,*,#1502,.T.);
#1502 = EDGE_CURVE('',#865,#1503,#1505,.T.);
#1503 = VERTEX_POINT('',#1504);
#1504 = CARTESIAN_POINT('',(-22.,4.27E-13,8.));
#1505 = LINE('',#1506,#1507);
#1506 = CARTESIAN_POINT('',(-22.,4.2718E-13,0.));
#1507 = VECTOR('',#1508,1.);
#1508 = DIRECTION('',(0.,0.,1.));
#1509 = ORIENTED_EDGE('',*,*,#1510,.T.);
#1510 = EDGE_CURVE('',#1503,#1511,#1513,.T.);
#1511 = VERTEX_POINT('',#1512);
#1512 = CARTESIAN_POINT('',(22.,-2.23E-13,8.));
#1513 = CIRCLE('',#1514,22.);
#1514 = AXIS2_PLACEMENT_3D('',#1515,#1516,#1517);
#1515 = CARTESIAN_POINT('',(0.,0.,8.));
#1516 = DIRECTION('',(0.,0.,-1.));
#1517 = DIRECTION('',(1.,0.,0.));
#1518 = ORIENTED_EDGE('',*,*,#1519,.F.);
#1519 = EDGE_CURVE('',#839,#1511,#1520,.T.);
#1520 = LINE('',#1521,#1522);
#1521 = CARTESIAN_POINT('',(22.,-2.2336E-13,0.));
#1522 = VECTOR('',#1523,1.);
#1523 = DIRECTION('',(0.,0.,1.));
#1524 = ORIENTED_EDGE('',*,*,#838,.F.);
#1525 = ORIENTED_EDGE('',*,*,#1526,.F.);
#1526 = EDGE_CURVE('',#1527,#831,#1529,.T.);
#1527 = VERTEX_POINT('',#1528);
#1528 = CARTESIAN_POINT('',(1.872117090186,21.920200218078,
    1.0431347252E-02));
#1529 = LINE('',#1530,#1531);
#1530 = CARTESIAN_POINT('',(1.872117090186,21.920200218078,0.));
#1531 = VECTOR('',#1532,1.);
#1532 = DIRECTION('',(0.,0.,-1.));
#1533 = ORIENTED_EDGE('',*,*,#1534,.F.);
#1534 = EDGE_CURVE('',#1478,#1527,#1535,.T.);
#1535 = B_SPLINE_CURVE_WITH_KNOTS('',4,(#1536,#1537,#1538,#1539,#1540,
    #1541,#1542,#1543,#1544,#1545,#1546,#1547,#1548,#1549),
  .UNSPECIFIED.,.F.,.F.,(5,3,3,3,5),(0.,0.218317450311,0.499999997695,
    0.794353080797,1.),.UNSPECIFIED.);
#1536 = CARTESIAN_POINT('',(-1.872117090186,21.920200218078,
    1.0431347252E-02));
#1537 = CARTESIAN_POINT('',(-1.668019991865,21.937631339237,
    1.287948686631E-02));
#1538 = CARTESIAN_POINT('',(-1.46380833571,21.952519987284,
    1.492883263876E-02));
#1539 = CARTESIAN_POINT('',(-1.259507841581,21.964869703537,
    1.660729634222E-02));
#1540 = CARTESIAN_POINT('',(-0.791463736584,21.987343460358,
    1.963771760273E-02));
#1541 = CARTESIAN_POINT('',(-0.527677706867,21.995781156329,
    2.075352631751E-02));
#1542 = CARTESIAN_POINT('',(-0.26383887151,22.,2.131144365461E-02));
#1543 = CARTESIAN_POINT('',(0.275706769881,22.,2.131144365461E-02));
#1544 = CARTESIAN_POINT('',(0.551413489335,21.995393079824,
    2.070220435922E-02));
#1545 = CARTESIAN_POINT('',(0.827059971714,21.986179228065,
    1.948375958563E-02));
#1546 = CARTESIAN_POINT('',(1.295078022899,21.962693818168,
    1.631130370956E-02));
#1547 = CARTESIAN_POINT('',(1.487511692556,21.950783232917,
    1.46896122119E-02));
#1548 = CARTESIAN_POINT('',(1.679865215455,21.936619685817,
    1.273740370418E-02));
#1549 = CARTESIAN_POINT('',(1.872117090186,21.920200218078,
    1.0431347252E-02));
#1550 = ORIENTED_EDGE('',*,*,#1487,.T.);
#1551 = CYLINDRICAL_SURFACE('',#1552,22.);
#1552 = AXIS2_PLACEMENT_3D('',#1553,#1554,#1555);
#1553 = CARTESIAN_POINT('',(0.,0.,0.));
#1554 = DIRECTION('',(0.,0.,-1.));
#1555 = DIRECTION('',(1.,0.,0.));
#1556 = ADVANCED_FACE('',(#1557),#1575,.T.);
#1557 = FACE_BOUND('',#1558,.T.);
#1558 = EDGE_LOOP('',(#1559,#1560,#1568,#1574));
#1559 = ORIENTED_EDGE('',*,*,#1502,.T.);
#1560 = ORIENTED_EDGE('',*,*,#1561,.T.);
#1561 = EDGE_CURVE('',#1503,#1562,#1564,.T.);
#1562 = VERTEX_POINT('',#1563);
#1563 = CARTESIAN_POINT('',(-12.99999999999,-145.,8.));
#1564 = LINE('',#1565,#1566);
#1565 = CARTESIAN_POINT('',(-22.,4.2718E-13,8.));
#1566 = VECTOR('',#1567,1.);
#1567 = DIRECTION('',(6.194974777901E-02,-0.998079269773,0.));
#1568 = ORIENTED_EDGE('',*,*,#1569,.F.);
#1569 = EDGE_CURVE('',#856,#1562,#1570,.T.);
#1570 = LINE('',#1571,#1572);
#1571 = CARTESIAN_POINT('',(-12.99999999999,-145.,0.));
#1572 = VECTOR('',#1573,1.);
#1573 = DIRECTION('',(0.,0.,1.));
#1574 = ORIENTED_EDGE('',*,*,#864,.F.);
#1575 = PLANE('',#1576);
#1576 = AXIS2_PLACEMENT_3D('',#1577,#1578,#1579);
#1577 = CARTESIAN_POINT('',(-22.,4.2718E-13,0.));
#1578 = DIRECTION('',(0.998079269773,6.194974777901E-02,0.));
#1579 = DIRECTION('',(6.194974777901E-02,-0.998079269773,0.));
#1580 = ADVANCED_FACE('',(#1581),#1600,.F.);
#1581 = FACE_BOUND('',#1582,.F.);
#1582 = EDGE_LOOP('',(#1583,#1591,#1598,#1599));
#1583 = ORIENTED_EDGE('',*,*,#1584,.T.);
#1584 = EDGE_CURVE('',#848,#1585,#1587,.T.);
#1585 = VERTEX_POINT('',#1586);
#1586 = CARTESIAN_POINT('',(12.999999999998,-145.,8.));
#1587 = LINE('',#1588,#1589);
#1588 = CARTESIAN_POINT('',(12.999999999998,-145.,0.));
#1589 = VECTOR('',#1590,1.);
#1590 = DIRECTION('',(0.,0.,1.));
#1591 = ORIENTED_EDGE('',*,*,#1592,.T.);
#1592 = EDGE_CURVE('',#1585,#1562,#1593,.T.);
#1593 = CIRCLE('',#1594,12.999999999998);
#1594 = AXIS2_PLACEMENT_3D('',#1595,#1596,#1597);
#1595 = CARTESIAN_POINT('',(0.,-145.,8.));
#1596 = DIRECTION('',(0.,0.,-1.));
#1597 = DIRECTION('',(1.,0.,0.));
#1598 = ORIENTED_EDGE('',*,*,#1569,.F.);
#1599 = ORIENTED_EDGE('',*,*,#855,.F.);
#1600 = CYLINDRICAL_SURFACE('',#1601,12.999999999998);
#1601 = AXIS2_PLACEMENT_3D('',#1602,#1603,#1604);
#1602 = CARTESIAN_POINT('',(0.,-145.,0.));
#1603 = DIRECTION('',(0.,0.,-1.));
#1604 = DIRECTION('',(1.,0.,0.));
#1605 = ADVANCED_FACE('',(#1606),#1617,.F.);
#1606 = FACE_BOUND('',#1607,.F.);
#1607 = EDGE_LOOP('',(#1608,#1609,#1615,#1616));
#1608 = ORIENTED_EDGE('',*,*,#1519,.T.);
#1609 = ORIENTED_EDGE('',*,*,#1610,.T.);
#1610 = EDGE_CURVE('',#1511,#1585,#1611,.T.);
#1611 = LINE('',#1612,#1613);
#1612 = CARTESIAN_POINT('',(22.,4.2718E-13,8.));
#1613 = VECTOR('',#1614,1.);
#1614 = DIRECTION('',(-6.194974777901E-02,-0.998079269773,0.));
#1615 = ORIENTED_EDGE('',*,*,#1584,.F.);
#1616 = ORIENTED_EDGE('',*,*,#847,.F.);
#1617 = PLANE('',#1618);
#1618 = AXIS2_PLACEMENT_3D('',#1619,#1620,#1621);
#1619 = CARTESIAN_POINT('',(22.,4.2718E-13,0.));
#1620 = DIRECTION('',(0.998079269773,-6.194974777901E-02,0.));
#1621 = DIRECTION('',(-6.194974777901E-02,-0.998079269773,0.));
#1622 = ADVANCED_FACE('',(#1623),#1634,.F.);
#1623 = FACE_BOUND('',#1624,.F.);
#1624 = EDGE_LOOP('',(#1625,#1631,#1632,#1633));
#1625 = ORIENTED_EDGE('',*,*,#1626,.F.);
#1626 = EDGE_CURVE('',#1527,#1039,#1627,.T.);
#1627 = LINE('',#1628,#1629);
#1628 = CARTESIAN_POINT('',(0.,21.920200218078,1.0431347252E-02));
#1629 = VECTOR('',#1630,1.);
#1630 = DIRECTION('',(1.,0.,0.));
#1631 = ORIENTED_EDGE('',*,*,#1526,.T.);
#1632 = ORIENTED_EDGE('',*,*,#830,.T.);
#1633 = ORIENTED_EDGE('',*,*,#1038,.F.);
#1634 = PLANE('',#1635);
#1635 = AXIS2_PLACEMENT_3D('',#1636,#1637,#1638);
#1636 = CARTESIAN_POINT('',(0.,21.920200218078,-7.744784326374));
#1637 = DIRECTION('',(-0.,-1.,-0.));
#1638 = DIRECTION('',(0.,0.,-1.));
#1639 = ADVANCED_FACE('',(#1640),#1665,.F.);
#1640 = FACE_BOUND('',#1641,.F.);
#1641 = EDGE_LOOP('',(#1642,#1650,#1651,#1659));
#1642 = ORIENTED_EDGE('',*,*,#1643,.T.);
#1643 = EDGE_CURVE('',#1644,#954,#1646,.T.);
#1644 = VERTEX_POINT('',#1645);
#1645 = CARTESIAN_POINT('',(42.791279,53.012608,-15.5));
#1646 = LINE('',#1647,#1648);
#1647 = CARTESIAN_POINT('',(43.380874533371,53.706210288656,-15.5));
#1648 = VECTOR('',#1649,1.);
#1649 = DIRECTION('',(-0.647669840092,-0.761921110244,0.));
#1650 = ORIENTED_EDGE('',*,*,#951,.F.);
#1651 = ORIENTED_EDGE('',*,*,#1652,.F.);
#1652 = EDGE_CURVE('',#1653,#952,#1655,.T.);
#1653 = VERTEX_POINT('',#1654);
#1654 = CARTESIAN_POINT('',(42.791279,53.012608,39.5));
#1655 = LINE('',#1656,#1657);
#1656 = CARTESIAN_POINT('',(43.383786106894,53.709635474134,39.5));
#1657 = VECTOR('',#1658,1.);
#1658 = DIRECTION('',(-0.647669840092,-0.761921110244,0.));
#1659 = ORIENTED_EDGE('',*,*,#1660,.F.);
#1660 = EDGE_CURVE('',#1644,#1653,#1661,.T.);
#1661 = LINE('',#1662,#1663);
#1662 = CARTESIAN_POINT('',(42.791279,53.012608,0.));
#1663 = VECTOR('',#1664,1.);
#1664 = DIRECTION('',(0.,0.,1.));
#1665 = PLANE('',#1666);
#1666 = AXIS2_PLACEMENT_3D('',#1667,#1668,#1669);
#1667 = CARTESIAN_POINT('',(42.611660367506,52.801304,-4.89E-15));
#1668 = DIRECTION('',(-0.761921110244,0.647669840092,0.));
#1669 = DIRECTION('',(-0.647669840092,-0.761921110244,0.));
#1670 = ADVANCED_FACE('',(#1671,#1764,#1775,#1786,#1797,#1808),#1819,.T.
  );
#1671 = FACE_BOUND('',#1672,.T.);
#1672 = EDGE_LOOP('',(#1673,#1679,#1680,#1681,#1689,#1697,#1705,#1714,
    #1723,#1731,#1739,#1747,#1756,#1763));
#1673 = ORIENTED_EDGE('',*,*,#1674,.F.);
#1674 = EDGE_CURVE('',#962,#1228,#1675,.T.);
#1675 = LINE('',#1676,#1677);
#1676 = CARTESIAN_POINT('',(3.740207900159E-02,33.293679106502,39.5));
#1677 = VECTOR('',#1678,1.);
#1678 = DIRECTION('',(-1.,0.,0.));
#1679 = ORIENTED_EDGE('',*,*,#961,.F.);
#1680 = ORIENTED_EDGE('',*,*,#1652,.F.);
#1681 = ORIENTED_EDGE('',*,*,#1682,.F.);
#1682 = EDGE_CURVE('',#1683,#1653,#1685,.T.);
#1683 = VERTEX_POINT('',#1684);
#1684 = CARTESIAN_POINT('',(42.979721,53.073093,39.5));
#1685 = LINE('',#1686,#1687);
#1686 = CARTESIAN_POINT('',(29.160563155896,48.637501347393,39.5));
#1687 = VECTOR('',#1688,1.);
#1688 = DIRECTION('',(-0.952154548628,-0.305616942474,0.));
#1689 = ORIENTED_EDGE('',*,*,#1690,.F.);
#1690 = EDGE_CURVE('',#1691,#1683,#1693,.T.);
#1691 = VERTEX_POINT('',#1692);
#1692 = CARTESIAN_POINT('',(43.162296,53.110298,39.5));
#1693 = LINE('',#1694,#1695);
#1694 = CARTESIAN_POINT('',(26.245046555622,49.662913278225,39.5));
#1695 = VECTOR('',#1696,1.);
#1696 = DIRECTION('',(-0.979862064154,-0.199675574952,0.));
#1697 = ORIENTED_EDGE('',*,*,#1698,.F.);
#1698 = EDGE_CURVE('',#1699,#1691,#1701,.T.);
#1699 = VERTEX_POINT('',#1700);
#1700 = CARTESIAN_POINT('',(42.721281464678,52.591385415191,39.5));
#1701 = LINE('',#1702,#1703);
#1702 = CARTESIAN_POINT('',(43.634220862765,53.665582624472,39.5));
#1703 = VECTOR('',#1704,1.);
#1704 = DIRECTION('',(0.647594988281,0.761984731575,0.));
#1705 = ORIENTED_EDGE('',*,*,#1706,.T.);
#1706 = EDGE_CURVE('',#1699,#1707,#1709,.T.);
#1707 = VERTEX_POINT('',#1708);
#1708 = CARTESIAN_POINT('',(42.544640655335,137.00358904972,39.5));
#1709 = CIRCLE('',#1710,59.990421155506);
#1710 = AXIS2_PLACEMENT_3D('',#1711,#1712,#1713);
#1711 = CARTESIAN_POINT('',(1.05E-03,94.708275780214,39.5));
#1712 = DIRECTION('',(0.,0.,1.));
#1713 = DIRECTION('',(1.,0.,0.));
#1714 = ORIENTED_EDGE('',*,*,#1715,.F.);
#1715 = EDGE_CURVE('',#1716,#1707,#1718,.T.);
#1716 = VERTEX_POINT('',#1717);
#1717 = CARTESIAN_POINT('',(40.393504964544,143.90308033662,39.5));
#1718 = CIRCLE('',#1719,8.053574605327);
#1719 = AXIS2_PLACEMENT_3D('',#1720,#1721,#1722);
#1720 = CARTESIAN_POINT('',(48.340244278948,142.59564078066,39.5));
#1721 = DIRECTION('',(0.,0.,1.));
#1722 = DIRECTION('',(1.,0.,0.));
#1723 = ORIENTED_EDGE('',*,*,#1724,.T.);
#1724 = EDGE_CURVE('',#1716,#1725,#1727,.T.);
#1725 = VERTEX_POINT('',#1726);
#1726 = CARTESIAN_POINT('',(40.393504964544,160.01,39.5));
#1727 = LINE('',#1728,#1729);
#1728 = CARTESIAN_POINT('',(40.393504964544,143.90308033662,39.5));
#1729 = VECTOR('',#1730,1.);
#1730 = DIRECTION('',(0.,1.,0.));
#1731 = ORIENTED_EDGE('',*,*,#1732,.F.);
#1732 = EDGE_CURVE('',#1733,#1725,#1735,.T.);
#1733 = VERTEX_POINT('',#1734);
#1734 = CARTESIAN_POINT('',(-40.48131619605,160.01,39.5));
#1735 = LINE('',#1736,#1737);
#1736 = CARTESIAN_POINT('',(-40.48131619605,160.01,39.5));
#1737 = VECTOR('',#1738,1.);
#1738 = DIRECTION('',(1.,0.,0.));
#1739 = ORIENTED_EDGE('',*,*,#1740,.F.);
#1740 = EDGE_CURVE('',#1741,#1733,#1743,.T.);
#1741 = VERTEX_POINT('',#1742);
#1742 = CARTESIAN_POINT('',(-40.17407207019,143.90308033662,39.5));
#1743 = LINE('',#1744,#1745);
#1744 = CARTESIAN_POINT('',(-40.17407207019,143.90308033662,39.5));
#1745 = VECTOR('',#1746,1.);
#1746 = DIRECTION('',(-1.907181817452E-02,0.999818116335,0.));
#1747 = ORIENTED_EDGE('',*,*,#1748,.F.);
#1748 = EDGE_CURVE('',#1749,#1741,#1751,.T.);
#1749 = VERTEX_POINT('',#1750);
#1750 = CARTESIAN_POINT('',(-40.90792057565,138.50399722419,39.5));
#1751 = CIRCLE('',#1752,8.587468332066);
#1752 = AXIS2_PLACEMENT_3D('',#1753,#1754,#1755);
#1753 = CARTESIAN_POINT('',(-48.61065589277,142.30037457485,39.5));
#1754 = DIRECTION('',(0.,0.,1.));
#1755 = DIRECTION('',(1.,0.,0.));
#1756 = ORIENTED_EDGE('',*,*,#1757,.T.);
#1757 = EDGE_CURVE('',#1749,#1220,#1758,.T.);
#1758 = CIRCLE('',#1759,59.85723516081);
#1759 = AXIS2_PLACEMENT_3D('',#1760,#1761,#1762);
#1760 = CARTESIAN_POINT('',(1.049650244403E-03,94.807947561177,39.5));
#1761 = DIRECTION('',(0.,0.,1.));
#1762 = DIRECTION('',(1.,0.,0.));
#1763 = ORIENTED_EDGE('',*,*,#1227,.F.);
#1764 = FACE_BOUND('',#1765,.T.);
#1765 = EDGE_LOOP('',(#1766));
#1766 = ORIENTED_EDGE('',*,*,#1767,.F.);
#1767 = EDGE_CURVE('',#1768,#1768,#1770,.T.);
#1768 = VERTEX_POINT('',#1769);
#1769 = CARTESIAN_POINT('',(-33.47665940288,58.024870621424,39.5));
#1770 = CIRCLE('',#1771,4.);
#1771 = AXIS2_PLACEMENT_3D('',#1772,#1773,#1774);
#1772 = CARTESIAN_POINT('',(-37.47665940288,58.024870621424,39.5));
#1773 = DIRECTION('',(0.,0.,1.));
#1774 = DIRECTION('',(1.,0.,0.));
#1775 = FACE_BOUND('',#1776,.T.);
#1776 = EDGE_LOOP('',(#1777));
#1777 = ORIENTED_EDGE('',*,*,#1778,.F.);
#1778 = EDGE_CURVE('',#1779,#1779,#1781,.T.);
#1779 = VERTEX_POINT('',#1780);
#1780 = CARTESIAN_POINT('',(41.476659402887,58.024870621424,39.5));
#1781 = CIRCLE('',#1782,4.);
#1782 = AXIS2_PLACEMENT_3D('',#1783,#1784,#1785);
#1783 = CARTESIAN_POINT('',(37.476659402887,58.024870621424,39.5));
#1784 = DIRECTION('',(0.,0.,1.));
#1785 = DIRECTION('',(1.,0.,0.));
#1786 = FACE_BOUND('',#1787,.T.);
#1787 = EDGE_LOOP('',(#1788));
#1788 = ORIENTED_EDGE('',*,*,#1789,.F.);
#1789 = EDGE_CURVE('',#1790,#1790,#1792,.T.);
#1790 = VERTEX_POINT('',#1791);
#1791 = CARTESIAN_POINT('',(-33.47665940288,132.97818942719,39.5));
#1792 = CIRCLE('',#1793,4.);
#1793 = AXIS2_PLACEMENT_3D('',#1794,#1795,#1796);
#1794 = CARTESIAN_POINT('',(-37.47665940288,132.97818942719,39.5));
#1795 = DIRECTION('',(0.,0.,1.));
#1796 = DIRECTION('',(1.,0.,0.));
#1797 = FACE_BOUND('',#1798,.T.);
#1798 = EDGE_LOOP('',(#1799));
#1799 = ORIENTED_EDGE('',*,*,#1800,.F.);
#1800 = EDGE_CURVE('',#1801,#1801,#1803,.T.);
#1801 = VERTEX_POINT('',#1802);
#1802 = CARTESIAN_POINT('',(45.00105,94.708275780214,39.5));
#1803 = CIRCLE('',#1804,45.);
#1804 = AXIS2_PLACEMENT_3D('',#1805,#1806,#1807);
#1805 = CARTESIAN_POINT('',(1.05E-03,94.708275780214,39.5));
#1806 = DIRECTION('',(0.,0.,1.));
#1807 = DIRECTION('',(1.,0.,0.));
#1808 = FACE_BOUND('',#1809,.T.);
#1809 = EDGE_LOOP('',(#1810));
#1810 = ORIENTED_EDGE('',*,*,#1811,.F.);
#1811 = EDGE_CURVE('',#1812,#1812,#1814,.T.);
#1812 = VERTEX_POINT('',#1813);
#1813 = CARTESIAN_POINT('',(41.476659402887,132.97818942719,39.5));
#1814 = CIRCLE('',#1815,4.);
#1815 = AXIS2_PLACEMENT_3D('',#1816,#1817,#1818);
#1816 = CARTESIAN_POINT('',(37.476659402887,132.97818942719,39.5));
#1817 = DIRECTION('',(0.,0.,1.));
#1818 = DIRECTION('',(1.,0.,0.));
#1819 = PLANE('',#1820);
#1820 = AXIS2_PLACEMENT_3D('',#1821,#1822,#1823);
#1821 = CARTESIAN_POINT('',(7.480415800318E-02,92.089043131451,39.5));
#1822 = DIRECTION('',(0.,0.,1.));
#1823 = DIRECTION('',(1.,0.,0.));
#1824 = ADVANCED_FACE('',(#1825),#1836,.F.);
#1825 = FACE_BOUND('',#1826,.F.);
#1826 = EDGE_LOOP('',(#1827,#1833,#1834,#1835));
#1827 = ORIENTED_EDGE('',*,*,#1828,.F.);
#1828 = EDGE_CURVE('',#1237,#971,#1829,.T.);
#1829 = LINE('',#1830,#1831);
#1830 = CARTESIAN_POINT('',(0.,33.293679106502,33.492410106802));
#1831 = VECTOR('',#1832,1.);
#1832 = DIRECTION('',(1.,0.,0.));
#1833 = ORIENTED_EDGE('',*,*,#1236,.T.);
#1834 = ORIENTED_EDGE('',*,*,#1674,.F.);
#1835 = ORIENTED_EDGE('',*,*,#970,.F.);
#1836 = PLANE('',#1837);
#1837 = AXIS2_PLACEMENT_3D('',#1838,#1839,#1840);
#1838 = CARTESIAN_POINT('',(0.,33.293679106502,36.501097553401));
#1839 = DIRECTION('',(0.,1.,0.));
#1840 = DIRECTION('',(0.,0.,1.));
#1841 = ADVANCED_FACE('',(#1842),#1853,.F.);
#1842 = FACE_BOUND('',#1843,.F.);
#1843 = EDGE_LOOP('',(#1844,#1845,#1846,#1847));
#1844 = ORIENTED_EDGE('',*,*,#1244,.T.);
#1845 = ORIENTED_EDGE('',*,*,#1828,.T.);
#1846 = ORIENTED_EDGE('',*,*,#978,.F.);
#1847 = ORIENTED_EDGE('',*,*,#1848,.F.);
#1848 = EDGE_CURVE('',#1245,#979,#1849,.T.);
#1849 = LINE('',#1850,#1851);
#1850 = CARTESIAN_POINT('',(0.,25.01,24.019506894565));
#1851 = VECTOR('',#1852,1.);
#1852 = DIRECTION('',(1.,0.,0.));
#1853 = CYLINDRICAL_SURFACE('',#1854,10.);
#1854 = AXIS2_PLACEMENT_3D('',#1855,#1856,#1857);
#1855 = CARTESIAN_POINT('',(0.,23.300900318825,33.872373395224));
#1856 = DIRECTION('',(1.,0.,0.));
#1857 = DIRECTION('',(0.,1.,0.));
#1858 = ADVANCED_FACE('',(#1859),#1870,.T.);
#1859 = FACE_BOUND('',#1860,.T.);
#1860 = EDGE_LOOP('',(#1861,#1867,#1868,#1869));
#1861 = ORIENTED_EDGE('',*,*,#1862,.F.);
#1862 = EDGE_CURVE('',#998,#1264,#1863,.T.);
#1863 = LINE('',#1864,#1865);
#1864 = CARTESIAN_POINT('',(42.721289371088,25.01,24.));
#1865 = VECTOR('',#1866,1.);
#1866 = DIRECTION('',(-1.,0.,0.));
#1867 = ORIENTED_EDGE('',*,*,#997,.T.);
#1868 = ORIENTED_EDGE('',*,*,#1848,.F.);
#1869 = ORIENTED_EDGE('',*,*,#1263,.T.);
#1870 = PLANE('',#1871);
#1871 = AXIS2_PLACEMENT_3D('',#1872,#1873,#1874);
#1872 = CARTESIAN_POINT('',(42.721289371088,25.01,24.));
#1873 = DIRECTION('',(0.,-1.,0.));
#1874 = DIRECTION('',(-1.,0.,0.));
#1875 = ADVANCED_FACE('',(#1876),#1887,.T.);
#1876 = FACE_BOUND('',#1877,.T.);
#1877 = EDGE_LOOP('',(#1878,#1879,#1880,#1881));
#1878 = ORIENTED_EDGE('',*,*,#1005,.F.);
#1879 = ORIENTED_EDGE('',*,*,#1862,.T.);
#1880 = ORIENTED_EDGE('',*,*,#1271,.F.);
#1881 = ORIENTED_EDGE('',*,*,#1882,.T.);
#1882 = EDGE_CURVE('',#1272,#1006,#1883,.T.);
#1883 = LINE('',#1884,#1885);
#1884 = CARTESIAN_POINT('',(0.,24.89345912316,24.));
#1885 = VECTOR('',#1886,1.);
#1886 = DIRECTION('',(1.,0.,0.));
#1887 = PLANE('',#1888);
#1888 = AXIS2_PLACEMENT_3D('',#1889,#1890,#1891);
#1889 = CARTESIAN_POINT('',(-1.398880716097E-04,-25.41987947746,24.));
#1890 = DIRECTION('',(0.,0.,1.));
#1891 = DIRECTION('',(1.,0.,0.));
#1892 = ADVANCED_FACE('',(#1893),#1901,.F.);
#1893 = FACE_BOUND('',#1894,.F.);
#1894 = EDGE_LOOP('',(#1895,#1896,#1897,#1898,#1899,#1900));
#1895 = ORIENTED_EDGE('',*,*,#1014,.F.);
#1896 = ORIENTED_EDGE('',*,*,#1460,.T.);
#1897 = ORIENTED_EDGE('',*,*,#1361,.T.);
#1898 = ORIENTED_EDGE('',*,*,#1311,.T.);
#1899 = ORIENTED_EDGE('',*,*,#1280,.T.);
#1900 = ORIENTED_EDGE('',*,*,#1882,.T.);
#1901 = CYLINDRICAL_SURFACE('',#1902,10.);
#1902 = AXIS2_PLACEMENT_3D('',#1903,#1904,#1905);
#1903 = CARTESIAN_POINT('',(0.,23.300900318825,33.872373395224));
#1904 = DIRECTION('',(1.,0.,0.));
#1905 = DIRECTION('',(0.,1.,0.));
#1906 = ADVANCED_FACE('',(#1907),#1920,.F.);
#1907 = FACE_BOUND('',#1908,.F.);
#1908 = EDGE_LOOP('',(#1909,#1910,#1911,#1917,#1918,#1919));
#1909 = ORIENTED_EDGE('',*,*,#1626,.T.);
#1910 = ORIENTED_EDGE('',*,*,#1046,.F.);
#1911 = ORIENTED_EDGE('',*,*,#1912,.F.);
#1912 = EDGE_CURVE('',#1133,#1047,#1913,.T.);
#1913 = LINE('',#1914,#1915);
#1914 = CARTESIAN_POINT('',(0.,24.774181403437,0.));
#1915 = VECTOR('',#1916,1.);
#1916 = DIRECTION('',(1.,0.,0.));
#1917 = ORIENTED_EDGE('',*,*,#1132,.T.);
#1918 = ORIENTED_EDGE('',*,*,#1477,.T.);
#1919 = ORIENTED_EDGE('',*,*,#1534,.T.);
#1920 = CYLINDRICAL_SURFACE('',#1921,10.);
#1921 = AXIS2_PLACEMENT_3D('',#1922,#1923,#1924);
#1922 = CARTESIAN_POINT('',(0.,23.311014946022,-9.892378071925));
#1923 = DIRECTION('',(1.,0.,0.));
#1924 = DIRECTION('',(0.,1.,0.));
#1925 = ADVANCED_FACE('',(#1926),#1937,.F.);
#1926 = FACE_BOUND('',#1927,.F.);
#1927 = EDGE_LOOP('',(#1928,#1929,#1935,#1936));
#1928 = ORIENTED_EDGE('',*,*,#1058,.F.);
#1929 = ORIENTED_EDGE('',*,*,#1930,.F.);
#1930 = EDGE_CURVE('',#1145,#1059,#1931,.T.);
#1931 = LINE('',#1932,#1933);
#1932 = CARTESIAN_POINT('',(-42.43303001242,25.01,0.));
#1933 = VECTOR('',#1934,1.);
#1934 = DIRECTION('',(1.,0.,0.));
#1935 = ORIENTED_EDGE('',*,*,#1144,.F.);
#1936 = ORIENTED_EDGE('',*,*,#1912,.T.);
#1937 = PLANE('',#1938);
#1938 = AXIS2_PLACEMENT_3D('',#1939,#1940,#1941);
#1939 = CARTESIAN_POINT('',(-1.398880716097E-04,-25.41987947746,0.));
#1940 = DIRECTION('',(0.,0.,1.));
#1941 = DIRECTION('',(1.,0.,0.));
#1942 = ADVANCED_FACE('',(#1943),#1954,.T.);
#1943 = FACE_BOUND('',#1944,.T.);
#1944 = EDGE_LOOP('',(#1945,#1946,#1947,#1953));
#1945 = ORIENTED_EDGE('',*,*,#1930,.F.);
#1946 = ORIENTED_EDGE('',*,*,#1153,.T.);
#1947 = ORIENTED_EDGE('',*,*,#1948,.T.);
#1948 = EDGE_CURVE('',#1154,#1068,#1949,.T.);
#1949 = LINE('',#1950,#1951);
#1950 = CARTESIAN_POINT('',(0.,25.01,-3.776241293721E-02));
#1951 = VECTOR('',#1952,1.);
#1952 = DIRECTION('',(1.,0.,0.));
#1953 = ORIENTED_EDGE('',*,*,#1067,.T.);
#1954 = PLANE('',#1955);
#1955 = AXIS2_PLACEMENT_3D('',#1956,#1957,#1958);
#1956 = CARTESIAN_POINT('',(-42.43303001242,25.01,-3.06E-15));
#1957 = DIRECTION('',(0.,-1.,1.2E-16));
#1958 = DIRECTION('',(1.,0.,0.));
#1959 = ADVANCED_FACE('',(#1960),#1971,.F.);
#1960 = FACE_BOUND('',#1961,.F.);
#1961 = EDGE_LOOP('',(#1962,#1963,#1969,#1970));
#1962 = ORIENTED_EDGE('',*,*,#1075,.F.);
#1963 = ORIENTED_EDGE('',*,*,#1964,.T.);
#1964 = EDGE_CURVE('',#1076,#1162,#1965,.T.);
#1965 = LINE('',#1966,#1967);
#1966 = CARTESIAN_POINT('',(0.,33.293679106502,-9.303806700664));
#1967 = VECTOR('',#1968,1.);
#1968 = DIRECTION('',(-1.,-0.,-0.));
#1969 = ORIENTED_EDGE('',*,*,#1161,.T.);
#1970 = ORIENTED_EDGE('',*,*,#1948,.T.);
#1971 = CYLINDRICAL_SURFACE('',#1972,10.);
#1972 = AXIS2_PLACEMENT_3D('',#1973,#1974,#1975);
#1973 = CARTESIAN_POINT('',(0.,23.311014946022,-9.892378071925));
#1974 = DIRECTION('',(1.,0.,0.));
#1975 = DIRECTION('',(0.,1.,0.));
#1976 = ADVANCED_FACE('',(#1977),#1988,.F.);
#1977 = FACE_BOUND('',#1978,.F.);
#1978 = EDGE_LOOP('',(#1979,#1980,#1981,#1987));
#1979 = ORIENTED_EDGE('',*,*,#1964,.F.);
#1980 = ORIENTED_EDGE('',*,*,#1100,.F.);
#1981 = ORIENTED_EDGE('',*,*,#1982,.F.);
#1982 = EDGE_CURVE('',#1187,#1101,#1983,.T.);
#1983 = LINE('',#1984,#1985);
#1984 = CARTESIAN_POINT('',(0.,33.293679106502,-15.5));
#1985 = VECTOR('',#1986,1.);
#1986 = DIRECTION('',(1.,0.,0.));
#1987 = ORIENTED_EDGE('',*,*,#1186,.T.);
#1988 = PLANE('',#1989);
#1989 = AXIS2_PLACEMENT_3D('',#1990,#1991,#1992);
#1990 = CARTESIAN_POINT('',(-6.94E-15,33.293679106502,-12.40190335033));
#1991 = DIRECTION('',(0.,1.,0.));
#1992 = DIRECTION('',(0.,0.,1.));
#1993 = ADVANCED_FACE('',(#1994,#2082),#2093,.T.);
#1994 = FACE_BOUND('',#1995,.T.);
#1995 = EDGE_LOOP('',(#1996,#2005,#2014,#2022,#2030,#2038,#2047,#2056,
    #2064,#2072,#2078,#2079,#2080,#2081));
#1996 = ORIENTED_EDGE('',*,*,#1997,.T.);
#1997 = EDGE_CURVE('',#1195,#1998,#2000,.T.);
#1998 = VERTEX_POINT('',#1999);
#1999 = CARTESIAN_POINT('',(-40.90792057565,138.50399722419,-15.5));
#2000 = CIRCLE('',#2001,59.85723516081);
#2001 = AXIS2_PLACEMENT_3D('',#2002,#2003,#2004);
#2002 = CARTESIAN_POINT('',(1.049650244403E-03,94.807947561177,-15.5));
#2003 = DIRECTION('',(0.,0.,-1.));
#2004 = DIRECTION('',(1.,0.,0.));
#2005 = ORIENTED_EDGE('',*,*,#2006,.F.);
#2006 = EDGE_CURVE('',#2007,#1998,#2009,.T.);
#2007 = VERTEX_POINT('',#2008);
#2008 = CARTESIAN_POINT('',(-40.17407207019,143.90308033662,-15.5));
#2009 = CIRCLE('',#2010,8.587468332066);
#2010 = AXIS2_PLACEMENT_3D('',#2011,#2012,#2013);
#2011 = CARTESIAN_POINT('',(-48.61065589277,142.30037457485,-15.5));
#2012 = DIRECTION('',(0.,0.,-1.));
#2013 = DIRECTION('',(1.,0.,0.));
#2014 = ORIENTED_EDGE('',*,*,#2015,.T.);
#2015 = EDGE_CURVE('',#2007,#2016,#2018,.T.);
#2016 = VERTEX_POINT('',#2017);
#2017 = CARTESIAN_POINT('',(-40.48131619605,160.01,-15.5));
#2018 = LINE('',#2019,#2020);
#2019 = CARTESIAN_POINT('',(-40.17407207019,143.90308033662,-15.5));
#2020 = VECTOR('',#2021,1.);
#2021 = DIRECTION('',(-1.907181817452E-02,0.999818116335,-0.));
#2022 = ORIENTED_EDGE('',*,*,#2023,.F.);
#2023 = EDGE_CURVE('',#2024,#2016,#2026,.T.);
#2024 = VERTEX_POINT('',#2025);
#2025 = CARTESIAN_POINT('',(40.393504964544,160.01,-15.5));
#2026 = LINE('',#2027,#2028);
#2027 = CARTESIAN_POINT('',(40.393504964544,160.01,-15.5));
#2028 = VECTOR('',#2029,1.);
#2029 = DIRECTION('',(-1.,0.,0.));
#2030 = ORIENTED_EDGE('',*,*,#2031,.T.);
#2031 = EDGE_CURVE('',#2024,#2032,#2034,.T.);
#2032 = VERTEX_POINT('',#2033);
#2033 = CARTESIAN_POINT('',(40.393504964544,143.90308033662,-15.5));
#2034 = LINE('',#2035,#2036);
#2035 = CARTESIAN_POINT('',(40.393504964544,160.01,-15.5));
#2036 = VECTOR('',#2037,1.);
#2037 = DIRECTION('',(0.,-1.,0.));
#2038 = ORIENTED_EDGE('',*,*,#2039,.F.);
#2039 = EDGE_CURVE('',#2040,#2032,#2042,.T.);
#2040 = VERTEX_POINT('',#2041);
#2041 = CARTESIAN_POINT('',(42.641739274775,136.90467384692,-15.5));
#2042 = CIRCLE('',#2043,8.053574605327);
#2043 = AXIS2_PLACEMENT_3D('',#2044,#2045,#2046);
#2044 = CARTESIAN_POINT('',(48.340244278948,142.59564078066,-15.5));
#2045 = DIRECTION('',(0.,0.,-1.));
#2046 = DIRECTION('',(1.,0.,0.));
#2047 = ORIENTED_EDGE('',*,*,#2048,.T.);
#2048 = EDGE_CURVE('',#2040,#2049,#2051,.T.);
#2049 = VERTEX_POINT('',#2050);
#2050 = CARTESIAN_POINT('',(42.721289371088,52.591392937676,-15.5));
#2051 = CIRCLE('',#2052,60.156658940108);
#2052 = AXIS2_PLACEMENT_3D('',#2053,#2054,#2055);
#2053 = CARTESIAN_POINT('',(-0.232796331306,94.707543477676,-15.5));
#2054 = DIRECTION('',(0.,0.,-1.));
#2055 = DIRECTION('',(1.,0.,0.));
#2056 = ORIENTED_EDGE('',*,*,#2057,.T.);
#2057 = EDGE_CURVE('',#2049,#2058,#2060,.T.);
#2058 = VERTEX_POINT('',#2059);
#2059 = CARTESIAN_POINT('',(43.162296,53.110298,-15.5));
#2060 = LINE('',#2061,#2062);
#2061 = CARTESIAN_POINT('',(43.631309957482,53.662157543332,-15.5));
#2062 = VECTOR('',#2063,1.);
#2063 = DIRECTION('',(0.647594988281,0.761984731575,0.));
#2064 = ORIENTED_EDGE('',*,*,#2065,.T.);
#2065 = EDGE_CURVE('',#2058,#2066,#2068,.T.);
#2066 = VERTEX_POINT('',#2067);
#2067 = CARTESIAN_POINT('',(42.979721,53.073093,-15.5));
#2068 = LINE('',#2069,#2070);
#2069 = CARTESIAN_POINT('',(26.238427075188,49.661564365342,-15.5));
#2070 = VECTOR('',#2071,1.);
#2071 = DIRECTION('',(-0.979862064154,-0.199675574952,0.));
#2072 = ORIENTED_EDGE('',*,*,#2073,.T.);
#2073 = EDGE_CURVE('',#2066,#1644,#2074,.T.);
#2074 = LINE('',#2075,#2076);
#2075 = CARTESIAN_POINT('',(29.154307648153,48.635493491469,-15.5));
#2076 = VECTOR('',#2077,1.);
#2077 = DIRECTION('',(-0.952154548628,-0.305616942474,0.));
#2078 = ORIENTED_EDGE('',*,*,#1643,.T.);
#2079 = ORIENTED_EDGE('',*,*,#1108,.T.);
#2080 = ORIENTED_EDGE('',*,*,#1982,.F.);
#2081 = ORIENTED_EDGE('',*,*,#1194,.T.);
#2082 = FACE_BOUND('',#2083,.T.);
#2083 = EDGE_LOOP('',(#2084));
#2084 = ORIENTED_EDGE('',*,*,#2085,.F.);
#2085 = EDGE_CURVE('',#2086,#2086,#2088,.T.);
#2086 = VERTEX_POINT('',#2087);
#2087 = CARTESIAN_POINT('',(25.267203668694,94.707543477676,-15.5));
#2088 = CIRCLE('',#2089,25.5);
#2089 = AXIS2_PLACEMENT_3D('',#2090,#2091,#2092);
#2090 = CARTESIAN_POINT('',(-0.232796331306,94.707543477676,-15.5));
#2091 = DIRECTION('',(0.,0.,-1.));
#2092 = DIRECTION('',(1.,0.,0.));
#2093 = PLANE('',#2094);
#2094 = AXIS2_PLACEMENT_3D('',#2095,#2096,#2097);
#2095 = CARTESIAN_POINT('',(0.181307434401,98.274657136857,-15.5));
#2096 = DIRECTION('',(-0.,-0.,-1.));
#2097 = DIRECTION('',(-1.,0.,0.));
#2098 = ADVANCED_FACE('',(#2099),#2118,.T.);
#2099 = FACE_BOUND('',#2100,.F.);
#2100 = EDGE_LOOP('',(#2101,#2102,#2103,#2111));
#2101 = ORIENTED_EDGE('',*,*,#1203,.T.);
#2102 = ORIENTED_EDGE('',*,*,#1997,.T.);
#2103 = ORIENTED_EDGE('',*,*,#2104,.F.);
#2104 = EDGE_CURVE('',#2105,#1998,#2107,.T.);
#2105 = VERTEX_POINT('',#2106);
#2106 = CARTESIAN_POINT('',(-40.90792057565,138.50399722419,-1.7E-14));
#2107 = LINE('',#2108,#2109);
#2108 = CARTESIAN_POINT('',(-40.90792057565,138.50399722419,-1.696E-14)
  );
#2109 = VECTOR('',#2110,1.);
#2110 = DIRECTION('',(0.,-1.2E-16,-1.));
#2111 = ORIENTED_EDGE('',*,*,#2112,.F.);
#2112 = EDGE_CURVE('',#1204,#2105,#2113,.T.);
#2113 = CIRCLE('',#2114,59.85723516081);
#2114 = AXIS2_PLACEMENT_3D('',#2115,#2116,#2117);
#2115 = CARTESIAN_POINT('',(1.049650244403E-03,94.807947561177,0.));
#2116 = DIRECTION('',(0.,0.,-1.));
#2117 = DIRECTION('',(1.,0.,0.));
#2118 = CYLINDRICAL_SURFACE('',#2119,59.85723516081);
#2119 = AXIS2_PLACEMENT_3D('',#2120,#2121,#2122);
#2120 = CARTESIAN_POINT('',(1.049650244403E-03,94.807947561177,
    -1.161E-14));
#2121 = DIRECTION('',(0.,1.2E-16,1.));
#2122 = DIRECTION('',(1.,0.,0.));
#2123 = ADVANCED_FACE('',(#2124),#2151,.T.);
#2124 = FACE_BOUND('',#2125,.F.);
#2125 = EDGE_LOOP('',(#2126,#2136,#2143,#2144));
#2126 = ORIENTED_EDGE('',*,*,#2127,.T.);
#2127 = EDGE_CURVE('',#2128,#2130,#2132,.T.);
#2128 = VERTEX_POINT('',#2129);
#2129 = CARTESIAN_POINT('',(-42.67763820385,137.18367896379,0.));
#2130 = VERTEX_POINT('',#2131);
#2131 = CARTESIAN_POINT('',(-42.67763820385,137.18367896379,24.));
#2132 = LINE('',#2133,#2134);
#2133 = CARTESIAN_POINT('',(-42.67763820385,137.18367896379,0.));
#2134 = VECTOR('',#2135,1.);
#2135 = DIRECTION('',(0.,0.,1.));
#2136 = ORIENTED_EDGE('',*,*,#2137,.T.);
#2137 = EDGE_CURVE('',#2130,#1212,#2138,.T.);
#2138 = CIRCLE('',#2139,60.);
#2139 = AXIS2_PLACEMENT_3D('',#2140,#2141,#2142);
#2140 = CARTESIAN_POINT('',(0.,95.01,24.));
#2141 = DIRECTION('',(0.,0.,1.));
#2142 = DIRECTION('',(1.,0.,0.));
#2143 = ORIENTED_EDGE('',*,*,#1211,.F.);
#2144 = ORIENTED_EDGE('',*,*,#2145,.F.);
#2145 = EDGE_CURVE('',#2128,#1204,#2146,.T.);
#2146 = CIRCLE('',#2147,60.);
#2147 = AXIS2_PLACEMENT_3D('',#2148,#2149,#2150);
#2148 = CARTESIAN_POINT('',(0.,95.01,0.));
#2149 = DIRECTION('',(0.,0.,1.));
#2150 = DIRECTION('',(1.,0.,0.));
#2151 = CYLINDRICAL_SURFACE('',#2152,60.);
#2152 = AXIS2_PLACEMENT_3D('',#2153,#2154,#2155);
#2153 = CARTESIAN_POINT('',(0.,95.01,0.));
#2154 = DIRECTION('',(-0.,-0.,-1.));
#2155 = DIRECTION('',(1.,0.,0.));
#2156 = ADVANCED_FACE('',(#2157),#2176,.T.);
#2157 = FACE_BOUND('',#2158,.F.);
#2158 = EDGE_LOOP('',(#2159,#2167,#2168,#2169));
#2159 = ORIENTED_EDGE('',*,*,#2160,.T.);
#2160 = EDGE_CURVE('',#2161,#1749,#2163,.T.);
#2161 = VERTEX_POINT('',#2162);
#2162 = CARTESIAN_POINT('',(-40.90792057565,138.50399722419,24.));
#2163 = LINE('',#2164,#2165);
#2164 = CARTESIAN_POINT('',(-40.90792057565,138.50399722419,24.));
#2165 = VECTOR('',#2166,1.);
#2166 = DIRECTION('',(0.,0.,1.));
#2167 = ORIENTED_EDGE('',*,*,#1757,.T.);
#2168 = ORIENTED_EDGE('',*,*,#1219,.F.);
#2169 = ORIENTED_EDGE('',*,*,#2170,.F.);
#2170 = EDGE_CURVE('',#2161,#1212,#2171,.T.);
#2171 = CIRCLE('',#2172,59.85723516081);
#2172 = AXIS2_PLACEMENT_3D('',#2173,#2174,#2175);
#2173 = CARTESIAN_POINT('',(1.049650244403E-03,94.807947561177,24.));
#2174 = DIRECTION('',(0.,0.,1.));
#2175 = DIRECTION('',(1.,0.,0.));
#2176 = CYLINDRICAL_SURFACE('',#2177,59.85723516081);
#2177 = AXIS2_PLACEMENT_3D('',#2178,#2179,#2180);
#2178 = CARTESIAN_POINT('',(1.049650244403E-03,94.807947561177,24.));
#2179 = DIRECTION('',(-0.,-0.,-1.));
#2180 = DIRECTION('',(1.,0.,0.));
#2181 = ADVANCED_FACE('',(#2182),#2188,.T.);
#2182 = FACE_BOUND('',#2183,.T.);
#2183 = EDGE_LOOP('',(#2184,#2185,#2186,#2187));
#2184 = ORIENTED_EDGE('',*,*,#1344,.T.);
#2185 = ORIENTED_EDGE('',*,*,#1395,.T.);
#2186 = ORIENTED_EDGE('',*,*,#1419,.T.);
#2187 = ORIENTED_EDGE('',*,*,#1444,.F.);
#2188 = PLANE('',#2189);
#2189 = AXIS2_PLACEMENT_3D('',#2190,#2191,#2192);
#2190 = CARTESIAN_POINT('',(-3.055973802E-08,-66.1719889925,16.));
#2191 = DIRECTION('',(0.,0.,1.));
#2192 = DIRECTION('',(1.,0.,0.));
#2193 = ADVANCED_FACE('',(#2194),#2200,.F.);
#2194 = FACE_BOUND('',#2195,.F.);
#2195 = EDGE_LOOP('',(#2196,#2197,#2198,#2199));
#2196 = ORIENTED_EDGE('',*,*,#1510,.F.);
#2197 = ORIENTED_EDGE('',*,*,#1561,.T.);
#2198 = ORIENTED_EDGE('',*,*,#1592,.F.);
#2199 = ORIENTED_EDGE('',*,*,#1610,.F.);
#2200 = PLANE('',#2201);
#2201 = AXIS2_PLACEMENT_3D('',#2202,#2203,#2204);
#2202 = CARTESIAN_POINT('',(6.237E-14,-66.17198874813,8.));
#2203 = DIRECTION('',(0.,0.,1.));
#2204 = DIRECTION('',(1.,0.,0.));
#2205 = ADVANCED_FACE('',(#2206),#2249,.F.);
#2206 = FACE_BOUND('',#2207,.F.);
#2207 = EDGE_LOOP('',(#2208,#2209,#2210,#2211,#2219,#2227,#2235,#2243));
#2208 = ORIENTED_EDGE('',*,*,#2073,.T.);
#2209 = ORIENTED_EDGE('',*,*,#1660,.T.);
#2210 = ORIENTED_EDGE('',*,*,#1682,.F.);
#2211 = ORIENTED_EDGE('',*,*,#2212,.F.);
#2212 = EDGE_CURVE('',#2213,#1683,#2215,.T.);
#2213 = VERTEX_POINT('',#2214);
#2214 = CARTESIAN_POINT('',(42.979721,53.073093,24.));
#2215 = LINE('',#2216,#2217);
#2216 = CARTESIAN_POINT('',(42.979721,53.073093,0.));
#2217 = VECTOR('',#2218,1.);
#2218 = DIRECTION('',(0.,0.,1.));
#2219 = ORIENTED_EDGE('',*,*,#2220,.T.);
#2220 = EDGE_CURVE('',#2213,#2221,#2223,.T.);
#2221 = VERTEX_POINT('',#2222);
#2222 = CARTESIAN_POINT('',(42.877455620352,53.04026846254,24.));
#2223 = LINE('',#2224,#2225);
#2224 = CARTESIAN_POINT('',(29.160563155896,48.637501347393,24.));
#2225 = VECTOR('',#2226,1.);
#2226 = DIRECTION('',(-0.952154548628,-0.305616942474,0.));
#2227 = ORIENTED_EDGE('',*,*,#2228,.T.);
#2228 = EDGE_CURVE('',#2221,#2229,#2231,.T.);
#2229 = VERTEX_POINT('',#2230);
#2230 = CARTESIAN_POINT('',(42.877455620352,53.04026846254,0.));
#2231 = LINE('',#2232,#2233);
#2232 = CARTESIAN_POINT('',(42.877455620352,53.04026846254,0.));
#2233 = VECTOR('',#2234,1.);
#2234 = DIRECTION('',(-0.,-0.,-1.));
#2235 = ORIENTED_EDGE('',*,*,#2236,.F.);
#2236 = EDGE_CURVE('',#2237,#2229,#2239,.T.);
#2237 = VERTEX_POINT('',#2238);
#2238 = CARTESIAN_POINT('',(42.979721,53.073093,-1.1E-14));
#2239 = LINE('',#2240,#2241);
#2240 = CARTESIAN_POINT('',(29.154307648153,48.635493491469,-1.128E-14)
  );
#2241 = VECTOR('',#2242,1.);
#2242 = DIRECTION('',(-0.952154548628,-0.305616942474,0.));
#2243 = ORIENTED_EDGE('',*,*,#2244,.F.);
#2244 = EDGE_CURVE('',#2066,#2237,#2245,.T.);
#2245 = LINE('',#2246,#2247);
#2246 = CARTESIAN_POINT('',(42.979721,53.073093,0.));
#2247 = VECTOR('',#2248,1.);
#2248 = DIRECTION('',(0.,0.,1.));
#2249 = PLANE('',#2250);
#2250 = AXIS2_PLACEMENT_3D('',#2251,#2252,#2253);
#2251 = CARTESIAN_POINT('',(42.8855,53.0428505,-4.23E-15));
#2252 = DIRECTION('',(-0.305616942474,0.952154548628,0.));
#2253 = DIRECTION('',(0.952154548628,0.305616942474,0.));
#2254 = ADVANCED_FACE('',(#2255),#2274,.F.);
#2255 = FACE_BOUND('',#2256,.T.);
#2256 = EDGE_LOOP('',(#2257,#2258,#2259,#2267));
#2257 = ORIENTED_EDGE('',*,*,#2160,.T.);
#2258 = ORIENTED_EDGE('',*,*,#1748,.T.);
#2259 = ORIENTED_EDGE('',*,*,#2260,.F.);
#2260 = EDGE_CURVE('',#2261,#1741,#2263,.T.);
#2261 = VERTEX_POINT('',#2262);
#2262 = CARTESIAN_POINT('',(-40.17407207019,143.90308033662,24.));
#2263 = LINE('',#2264,#2265);
#2264 = CARTESIAN_POINT('',(-40.17407207019,143.90308033662,24.));
#2265 = VECTOR('',#2266,1.);
#2266 = DIRECTION('',(0.,0.,1.));
#2267 = ORIENTED_EDGE('',*,*,#2268,.F.);
#2268 = EDGE_CURVE('',#2161,#2261,#2269,.T.);
#2269 = CIRCLE('',#2270,8.587468332066);
#2270 = AXIS2_PLACEMENT_3D('',#2271,#2272,#2273);
#2271 = CARTESIAN_POINT('',(-48.61065589277,142.30037457485,24.));
#2272 = DIRECTION('',(0.,0.,1.));
#2273 = DIRECTION('',(1.,0.,0.));
#2274 = CYLINDRICAL_SURFACE('',#2275,8.587468332066);
#2275 = AXIS2_PLACEMENT_3D('',#2276,#2277,#2278);
#2276 = CARTESIAN_POINT('',(-48.61065589277,142.30037457485,24.));
#2277 = DIRECTION('',(-0.,-0.,-1.));
#2278 = DIRECTION('',(1.,0.,0.));
#2279 = ADVANCED_FACE('',(#2280),#2298,.F.);
#2280 = FACE_BOUND('',#2281,.F.);
#2281 = EDGE_LOOP('',(#2282,#2290,#2291,#2292));
#2282 = ORIENTED_EDGE('',*,*,#2283,.T.);
#2283 = EDGE_CURVE('',#2284,#2213,#2286,.T.);
#2284 = VERTEX_POINT('',#2285);
#2285 = CARTESIAN_POINT('',(43.162296,53.110298,24.));
#2286 = LINE('',#2287,#2288);
#2287 = CARTESIAN_POINT('',(26.245046555622,49.662913278225,24.));
#2288 = VECTOR('',#2289,1.);
#2289 = DIRECTION('',(-0.979862064154,-0.199675574952,0.));
#2290 = ORIENTED_EDGE('',*,*,#2212,.T.);
#2291 = ORIENTED_EDGE('',*,*,#1690,.F.);
#2292 = ORIENTED_EDGE('',*,*,#2293,.F.);
#2293 = EDGE_CURVE('',#2284,#1691,#2294,.T.);
#2294 = LINE('',#2295,#2296);
#2295 = CARTESIAN_POINT('',(43.162296,53.110298,0.));
#2296 = VECTOR('',#2297,1.);
#2297 = DIRECTION('',(0.,0.,1.));
#2298 = PLANE('',#2299);
#2299 = AXIS2_PLACEMENT_3D('',#2300,#2301,#2302);
#2300 = CARTESIAN_POINT('',(43.0710085,53.0916955,8.42E-15));
#2301 = DIRECTION('',(-0.199675574952,0.979862064154,0.));
#2302 = DIRECTION('',(0.979862064154,0.199675574952,0.));
#2303 = ADVANCED_FACE('',(#2304),#2322,.T.);
#2304 = FACE_BOUND('',#2305,.T.);
#2305 = EDGE_LOOP('',(#2306,#2307,#2308,#2316));
#2306 = ORIENTED_EDGE('',*,*,#2260,.T.);
#2307 = ORIENTED_EDGE('',*,*,#1740,.T.);
#2308 = ORIENTED_EDGE('',*,*,#2309,.F.);
#2309 = EDGE_CURVE('',#2310,#1733,#2312,.T.);
#2310 = VERTEX_POINT('',#2311);
#2311 = CARTESIAN_POINT('',(-40.48131619605,160.01,24.));
#2312 = LINE('',#2313,#2314);
#2313 = CARTESIAN_POINT('',(-40.48131619605,160.01,24.));
#2314 = VECTOR('',#2315,1.);
#2315 = DIRECTION('',(0.,0.,1.));
#2316 = ORIENTED_EDGE('',*,*,#2317,.F.);
#2317 = EDGE_CURVE('',#2261,#2310,#2318,.T.);
#2318 = LINE('',#2319,#2320);
#2319 = CARTESIAN_POINT('',(-40.17407207019,143.90308033662,24.));
#2320 = VECTOR('',#2321,1.);
#2321 = DIRECTION('',(-1.907181817452E-02,0.999818116335,0.));
#2322 = PLANE('',#2323);
#2323 = AXIS2_PLACEMENT_3D('',#2324,#2325,#2326);
#2324 = CARTESIAN_POINT('',(-40.17407207019,143.90308033662,24.));
#2325 = DIRECTION('',(-0.999818116335,-1.907181817452E-02,0.));
#2326 = DIRECTION('',(-1.907181817452E-02,0.999818116335,0.));
#2327 = ADVANCED_FACE('',(#2328),#2346,.F.);
#2328 = FACE_BOUND('',#2329,.F.);
#2329 = EDGE_LOOP('',(#2330,#2338,#2344,#2345));
#2330 = ORIENTED_EDGE('',*,*,#2331,.F.);
#2331 = EDGE_CURVE('',#2332,#1699,#2334,.T.);
#2332 = VERTEX_POINT('',#2333);
#2333 = CARTESIAN_POINT('',(42.721281464678,52.591385415191,24.));
#2334 = LINE('',#2335,#2336);
#2335 = CARTESIAN_POINT('',(42.721281464678,52.591385415191,24.));
#2336 = VECTOR('',#2337,1.);
#2337 = DIRECTION('',(0.,0.,1.));
#2338 = ORIENTED_EDGE('',*,*,#2339,.T.);
#2339 = EDGE_CURVE('',#2332,#2284,#2340,.T.);
#2340 = LINE('',#2341,#2342);
#2341 = CARTESIAN_POINT('',(43.634220862765,53.665582624472,24.));
#2342 = VECTOR('',#2343,1.);
#2343 = DIRECTION('',(0.647594988281,0.761984731575,0.));
#2344 = ORIENTED_EDGE('',*,*,#2293,.T.);
#2345 = ORIENTED_EDGE('',*,*,#1698,.F.);
#2346 = PLANE('',#2347);
#2347 = AXIS2_PLACEMENT_3D('',#2348,#2349,#2350);
#2348 = CARTESIAN_POINT('',(42.941792685544,52.850845468838,0.));
#2349 = DIRECTION('',(0.761984731575,-0.647594988281,0.));
#2350 = DIRECTION('',(0.647594988281,0.761984731575,0.));
#2351 = ADVANCED_FACE('',(#2352),#2409,.T.);
#2352 = FACE_BOUND('',#2353,.T.);
#2353 = EDGE_LOOP('',(#2354,#2362,#2363,#2364,#2372,#2380,#2388,#2396,
    #2402,#2403));
#2354 = ORIENTED_EDGE('',*,*,#2355,.T.);
#2355 = EDGE_CURVE('',#2356,#2310,#2358,.T.);
#2356 = VERTEX_POINT('',#2357);
#2357 = CARTESIAN_POINT('',(-40.48131619605,160.01,-1.3E-14));
#2358 = LINE('',#2359,#2360);
#2359 = CARTESIAN_POINT('',(-40.48131619605,160.01,0.));
#2360 = VECTOR('',#2361,1.);
#2361 = DIRECTION('',(0.,0.,1.));
#2362 = ORIENTED_EDGE('',*,*,#2309,.T.);
#2363 = ORIENTED_EDGE('',*,*,#1732,.T.);
#2364 = ORIENTED_EDGE('',*,*,#2365,.F.);
#2365 = EDGE_CURVE('',#2366,#1725,#2368,.T.);
#2366 = VERTEX_POINT('',#2367);
#2367 = CARTESIAN_POINT('',(40.393504964544,160.01,24.));
#2368 = LINE('',#2369,#2370);
#2369 = CARTESIAN_POINT('',(40.393504964544,160.01,24.));
#2370 = VECTOR('',#2371,1.);
#2371 = DIRECTION('',(0.,0.,1.));
#2372 = ORIENTED_EDGE('',*,*,#2373,.T.);
#2373 = EDGE_CURVE('',#2366,#2374,#2376,.T.);
#2374 = VERTEX_POINT('',#2375);
#2375 = CARTESIAN_POINT('',(40.481493019957,160.01,24.));
#2376 = LINE('',#2377,#2378);
#2377 = CARTESIAN_POINT('',(-40.48131619605,160.01,24.));
#2378 = VECTOR('',#2379,1.);
#2379 = DIRECTION('',(1.,0.,0.));
#2380 = ORIENTED_EDGE('',*,*,#2381,.F.);
#2381 = EDGE_CURVE('',#2382,#2374,#2384,.T.);
#2382 = VERTEX_POINT('',#2383);
#2383 = CARTESIAN_POINT('',(40.481493019957,160.01,0.));
#2384 = LINE('',#2385,#2386);
#2385 = CARTESIAN_POINT('',(40.481493019957,160.01,0.));
#2386 = VECTOR('',#2387,1.);
#2387 = DIRECTION('',(0.,0.,1.));
#2388 = ORIENTED_EDGE('',*,*,#2389,.F.);
#2389 = EDGE_CURVE('',#2390,#2382,#2392,.T.);
#2390 = VERTEX_POINT('',#2391);
#2391 = CARTESIAN_POINT('',(40.393504964544,160.01,-2.E-14));
#2392 = LINE('',#2393,#2394);
#2393 = CARTESIAN_POINT('',(-40.48131619605,160.01,0.));
#2394 = VECTOR('',#2395,1.);
#2395 = DIRECTION('',(1.,0.,0.));
#2396 = ORIENTED_EDGE('',*,*,#2397,.T.);
#2397 = EDGE_CURVE('',#2390,#2024,#2398,.T.);
#2398 = LINE('',#2399,#2400);
#2399 = CARTESIAN_POINT('',(40.393504964544,160.01,-1.96E-14));
#2400 = VECTOR('',#2401,1.);
#2401 = DIRECTION('',(0.,-1.2E-16,-1.));
#2402 = ORIENTED_EDGE('',*,*,#2023,.T.);
#2403 = ORIENTED_EDGE('',*,*,#2404,.F.);
#2404 = EDGE_CURVE('',#2356,#2016,#2405,.T.);
#2405 = LINE('',#2406,#2407);
#2406 = CARTESIAN_POINT('',(-40.48131619605,160.01,-1.96E-14));
#2407 = VECTOR('',#2408,1.);
#2408 = DIRECTION('',(0.,-1.2E-16,-1.));
#2409 = PLANE('',#2410);
#2410 = AXIS2_PLACEMENT_3D('',#2411,#2412,#2413);
#2411 = CARTESIAN_POINT('',(-9.942381518449E-03,160.01,12.));
#2412 = DIRECTION('',(0.,1.,0.));
#2413 = DIRECTION('',(0.,0.,1.));
#2414 = ADVANCED_FACE('',(#2415),#2443,.T.);
#2415 = FACE_BOUND('',#2416,.F.);
#2416 = EDGE_LOOP('',(#2417,#2418,#2419,#2427,#2436));
#2417 = ORIENTED_EDGE('',*,*,#2331,.T.);
#2418 = ORIENTED_EDGE('',*,*,#1706,.T.);
#2419 = ORIENTED_EDGE('',*,*,#2420,.F.);
#2420 = EDGE_CURVE('',#2421,#1707,#2423,.T.);
#2421 = VERTEX_POINT('',#2422);
#2422 = CARTESIAN_POINT('',(42.544640655335,137.00358904972,24.));
#2423 = LINE('',#2424,#2425);
#2424 = CARTESIAN_POINT('',(42.544640655335,137.00358904972,24.));
#2425 = VECTOR('',#2426,1.);
#2426 = DIRECTION('',(0.,0.,1.));
#2427 = ORIENTED_EDGE('',*,*,#2428,.F.);
#2428 = EDGE_CURVE('',#2429,#2421,#2431,.T.);
#2429 = VERTEX_POINT('',#2430);
#2430 = CARTESIAN_POINT('',(59.97426589819,93.271611155417,24.));
#2431 = CIRCLE('',#2432,59.990421155506);
#2432 = AXIS2_PLACEMENT_3D('',#2433,#2434,#2435);
#2433 = CARTESIAN_POINT('',(1.05E-03,94.708275780214,24.));
#2434 = DIRECTION('',(0.,0.,1.));
#2435 = DIRECTION('',(1.,0.,0.));
#2436 = ORIENTED_EDGE('',*,*,#2437,.F.);
#2437 = EDGE_CURVE('',#2332,#2429,#2438,.T.);
#2438 = CIRCLE('',#2439,59.990421155506);
#2439 = AXIS2_PLACEMENT_3D('',#2440,#2441,#2442);
#2440 = CARTESIAN_POINT('',(1.05E-03,94.708275780214,24.));
#2441 = DIRECTION('',(0.,0.,1.));
#2442 = DIRECTION('',(1.,0.,0.));
#2443 = CYLINDRICAL_SURFACE('',#2444,59.990421155506);
#2444 = AXIS2_PLACEMENT_3D('',#2445,#2446,#2447);
#2445 = CARTESIAN_POINT('',(1.05E-03,94.708275780214,24.));
#2446 = DIRECTION('',(-0.,-0.,-1.));
#2447 = DIRECTION('',(1.,0.,0.));
#2448 = ADVANCED_FACE('',(#2449),#2467,.F.);
#2449 = FACE_BOUND('',#2450,.F.);
#2450 = EDGE_LOOP('',(#2451,#2459,#2460,#2461));
#2451 = ORIENTED_EDGE('',*,*,#2452,.T.);
#2452 = EDGE_CURVE('',#2453,#1716,#2455,.T.);
#2453 = VERTEX_POINT('',#2454);
#2454 = CARTESIAN_POINT('',(40.393504964544,143.90308033662,24.));
#2455 = LINE('',#2456,#2457);
#2456 = CARTESIAN_POINT('',(40.393504964544,143.90308033662,24.));
#2457 = VECTOR('',#2458,1.);
#2458 = DIRECTION('',(0.,0.,1.));
#2459 = ORIENTED_EDGE('',*,*,#1724,.T.);
#2460 = ORIENTED_EDGE('',*,*,#2365,.F.);
#2461 = ORIENTED_EDGE('',*,*,#2462,.F.);
#2462 = EDGE_CURVE('',#2453,#2366,#2463,.T.);
#2463 = LINE('',#2464,#2465);
#2464 = CARTESIAN_POINT('',(40.393504964544,143.90308033662,24.));
#2465 = VECTOR('',#2466,1.);
#2466 = DIRECTION('',(0.,1.,0.));
#2467 = PLANE('',#2468);
#2468 = AXIS2_PLACEMENT_3D('',#2469,#2470,#2471);
#2469 = CARTESIAN_POINT('',(40.393504964544,143.90308033662,24.));
#2470 = DIRECTION('',(-1.,0.,0.));
#2471 = DIRECTION('',(0.,1.,0.));
#2472 = ADVANCED_FACE('',(#2473),#2485,.F.);
#2473 = FACE_BOUND('',#2474,.T.);
#2474 = EDGE_LOOP('',(#2475,#2476,#2477,#2478));
#2475 = ORIENTED_EDGE('',*,*,#2452,.T.);
#2476 = ORIENTED_EDGE('',*,*,#1715,.T.);
#2477 = ORIENTED_EDGE('',*,*,#2420,.F.);
#2478 = ORIENTED_EDGE('',*,*,#2479,.F.);
#2479 = EDGE_CURVE('',#2453,#2421,#2480,.T.);
#2480 = CIRCLE('',#2481,8.053574605327);
#2481 = AXIS2_PLACEMENT_3D('',#2482,#2483,#2484);
#2482 = CARTESIAN_POINT('',(48.340244278948,142.59564078066,24.));
#2483 = DIRECTION('',(0.,0.,1.));
#2484 = DIRECTION('',(1.,0.,0.));
#2485 = CYLINDRICAL_SURFACE('',#2486,8.053574605327);
#2486 = AXIS2_PLACEMENT_3D('',#2487,#2488,#2489);
#2487 = CARTESIAN_POINT('',(48.340244278948,142.59564078066,24.));
#2488 = DIRECTION('',(-0.,-0.,-1.));
#2489 = DIRECTION('',(1.,0.,0.));
#2490 = ADVANCED_FACE('',(#2491),#2510,.F.);
#2491 = FACE_BOUND('',#2492,.F.);
#2492 = EDGE_LOOP('',(#2493,#2501,#2508,#2509));
#2493 = ORIENTED_EDGE('',*,*,#2494,.T.);
#2494 = EDGE_CURVE('',#1768,#2495,#2497,.T.);
#2495 = VERTEX_POINT('',#2496);
#2496 = CARTESIAN_POINT('',(-33.47665940288,58.024870621424,29.5));
#2497 = LINE('',#2498,#2499);
#2498 = CARTESIAN_POINT('',(-33.47665940288,58.024870621424,39.5));
#2499 = VECTOR('',#2500,1.);
#2500 = DIRECTION('',(-0.,-0.,-1.));
#2501 = ORIENTED_EDGE('',*,*,#2502,.T.);
#2502 = EDGE_CURVE('',#2495,#2495,#2503,.T.);
#2503 = CIRCLE('',#2504,4.);
#2504 = AXIS2_PLACEMENT_3D('',#2505,#2506,#2507);
#2505 = CARTESIAN_POINT('',(-37.47665940288,58.024870621424,29.5));
#2506 = DIRECTION('',(0.,0.,1.));
#2507 = DIRECTION('',(1.,0.,0.));
#2508 = ORIENTED_EDGE('',*,*,#2494,.F.);
#2509 = ORIENTED_EDGE('',*,*,#1767,.F.);
#2510 = CYLINDRICAL_SURFACE('',#2511,4.);
#2511 = AXIS2_PLACEMENT_3D('',#2512,#2513,#2514);
#2512 = CARTESIAN_POINT('',(-37.47665940288,58.024870621424,39.5));
#2513 = DIRECTION('',(0.,0.,1.));
#2514 = DIRECTION('',(1.,0.,0.));
#2515 = ADVANCED_FACE('',(#2516),#2535,.F.);
#2516 = FACE_BOUND('',#2517,.F.);
#2517 = EDGE_LOOP('',(#2518,#2526,#2533,#2534));
#2518 = ORIENTED_EDGE('',*,*,#2519,.T.);
#2519 = EDGE_CURVE('',#1779,#2520,#2522,.T.);
#2520 = VERTEX_POINT('',#2521);
#2521 = CARTESIAN_POINT('',(41.476659402887,58.024870621424,29.5));
#2522 = LINE('',#2523,#2524);
#2523 = CARTESIAN_POINT('',(41.476659402887,58.024870621424,39.5));
#2524 = VECTOR('',#2525,1.);
#2525 = DIRECTION('',(-0.,-0.,-1.));
#2526 = ORIENTED_EDGE('',*,*,#2527,.T.);
#2527 = EDGE_CURVE('',#2520,#2520,#2528,.T.);
#2528 = CIRCLE('',#2529,4.);
#2529 = AXIS2_PLACEMENT_3D('',#2530,#2531,#2532);
#2530 = CARTESIAN_POINT('',(37.476659402887,58.024870621424,29.5));
#2531 = DIRECTION('',(0.,0.,1.));
#2532 = DIRECTION('',(1.,0.,0.));
#2533 = ORIENTED_EDGE('',*,*,#2519,.F.);
#2534 = ORIENTED_EDGE('',*,*,#1778,.F.);
#2535 = CYLINDRICAL_SURFACE('',#2536,4.);
#2536 = AXIS2_PLACEMENT_3D('',#2537,#2538,#2539);
#2537 = CARTESIAN_POINT('',(37.476659402887,58.024870621424,39.5));
#2538 = DIRECTION('',(0.,0.,1.));
#2539 = DIRECTION('',(1.,0.,0.));
#2540 = ADVANCED_FACE('',(#2541),#2560,.F.);
#2541 = FACE_BOUND('',#2542,.F.);
#2542 = EDGE_LOOP('',(#2543,#2551,#2558,#2559));
#2543 = ORIENTED_EDGE('',*,*,#2544,.T.);
#2544 = EDGE_CURVE('',#1790,#2545,#2547,.T.);
#2545 = VERTEX_POINT('',#2546);
#2546 = CARTESIAN_POINT('',(-33.47665940288,132.97818942719,29.5));
#2547 = LINE('',#2548,#2549);
#2548 = CARTESIAN_POINT('',(-33.47665940288,132.97818942719,39.5));
#2549 = VECTOR('',#2550,1.);
#2550 = DIRECTION('',(-0.,-0.,-1.));
#2551 = ORIENTED_EDGE('',*,*,#2552,.T.);
#2552 = EDGE_CURVE('',#2545,#2545,#2553,.T.);
#2553 = CIRCLE('',#2554,4.);
#2554 = AXIS2_PLACEMENT_3D('',#2555,#2556,#2557);
#2555 = CARTESIAN_POINT('',(-37.47665940288,132.97818942719,29.5));
#2556 = DIRECTION('',(0.,0.,1.));
#2557 = DIRECTION('',(1.,0.,0.));
#2558 = ORIENTED_EDGE('',*,*,#2544,.F.);
#2559 = ORIENTED_EDGE('',*,*,#1789,.F.);
#2560 = CYLINDRICAL_SURFACE('',#2561,4.);
#2561 = AXIS2_PLACEMENT_3D('',#2562,#2563,#2564);
#2562 = CARTESIAN_POINT('',(-37.47665940288,132.97818942719,39.5));
#2563 = DIRECTION('',(0.,0.,1.));
#2564 = DIRECTION('',(1.,0.,0.));
#2565 = ADVANCED_FACE('',(#2566),#2585,.F.);
#2566 = FACE_BOUND('',#2567,.F.);
#2567 = EDGE_LOOP('',(#2568,#2576,#2583,#2584));
#2568 = ORIENTED_EDGE('',*,*,#2569,.T.);
#2569 = EDGE_CURVE('',#1801,#2570,#2572,.T.);
#2570 = VERTEX_POINT('',#2571);
#2571 = CARTESIAN_POINT('',(45.00105,94.708275780214,2.5));
#2572 = LINE('',#2573,#2574);
#2573 = CARTESIAN_POINT('',(45.00105,94.708275780214,39.5));
#2574 = VECTOR('',#2575,1.);
#2575 = DIRECTION('',(-0.,-0.,-1.));
#2576 = ORIENTED_EDGE('',*,*,#2577,.T.);
#2577 = EDGE_CURVE('',#2570,#2570,#2578,.T.);
#2578 = CIRCLE('',#2579,45.);
#2579 = AXIS2_PLACEMENT_3D('',#2580,#2581,#2582);
#2580 = CARTESIAN_POINT('',(1.05E-03,94.708275780214,2.5));
#2581 = DIRECTION('',(0.,0.,1.));
#2582 = DIRECTION('',(1.,0.,0.));
#2583 = ORIENTED_EDGE('',*,*,#2569,.F.);
#2584 = ORIENTED_EDGE('',*,*,#1800,.F.);
#2585 = CYLINDRICAL_SURFACE('',#2586,45.);
#2586 = AXIS2_PLACEMENT_3D('',#2587,#2588,#2589);
#2587 = CARTESIAN_POINT('',(1.05E-03,94.708275780214,39.5));
#2588 = DIRECTION('',(0.,0.,1.));
#2589 = DIRECTION('',(1.,0.,0.));
#2590 = ADVANCED_FACE('',(#2591),#2610,.F.);
#2591 = FACE_BOUND('',#2592,.F.);
#2592 = EDGE_LOOP('',(#2593,#2601,#2608,#2609));
#2593 = ORIENTED_EDGE('',*,*,#2594,.T.);
#2594 = EDGE_CURVE('',#1812,#2595,#2597,.T.);
#2595 = VERTEX_POINT('',#2596);
#2596 = CARTESIAN_POINT('',(41.476659402887,132.97818942719,29.5));
#2597 = LINE('',#2598,#2599);
#2598 = CARTESIAN_POINT('',(41.476659402887,132.97818942719,39.5));
#2599 = VECTOR('',#2600,1.);
#2600 = DIRECTION('',(-0.,-0.,-1.));
#2601 = ORIENTED_EDGE('',*,*,#2602,.T.);
#2602 = EDGE_CURVE('',#2595,#2595,#2603,.T.);
#2603 = CIRCLE('',#2604,4.);
#2604 = AXIS2_PLACEMENT_3D('',#2605,#2606,#2607);
#2605 = CARTESIAN_POINT('',(37.476659402887,132.97818942719,29.5));
#2606 = DIRECTION('',(0.,0.,1.));
#2607 = DIRECTION('',(1.,0.,0.));
#2608 = ORIENTED_EDGE('',*,*,#2594,.F.);
#2609 = ORIENTED_EDGE('',*,*,#1811,.F.);
#2610 = CYLINDRICAL_SURFACE('',#2611,4.);
#2611 = AXIS2_PLACEMENT_3D('',#2612,#2613,#2614);
#2612 = CARTESIAN_POINT('',(37.476659402887,132.97818942719,39.5));
#2613 = DIRECTION('',(0.,0.,1.));
#2614 = DIRECTION('',(1.,0.,0.));
#2615 = ADVANCED_FACE('',(#2616),#2635,.F.);
#2616 = FACE_BOUND('',#2617,.T.);
#2617 = EDGE_LOOP('',(#2618,#2626,#2627,#2628));
#2618 = ORIENTED_EDGE('',*,*,#2619,.T.);
#2619 = EDGE_CURVE('',#2620,#2007,#2622,.T.);
#2620 = VERTEX_POINT('',#2621);
#2621 = CARTESIAN_POINT('',(-40.17407207019,143.90308033662,-1.8E-14));
#2622 = LINE('',#2623,#2624);
#2623 = CARTESIAN_POINT('',(-40.17407207019,143.90308033662,-1.762E-14)
  );
#2624 = VECTOR('',#2625,1.);
#2625 = DIRECTION('',(0.,-1.2E-16,-1.));
#2626 = ORIENTED_EDGE('',*,*,#2006,.T.);
#2627 = ORIENTED_EDGE('',*,*,#2104,.F.);
#2628 = ORIENTED_EDGE('',*,*,#2629,.F.);
#2629 = EDGE_CURVE('',#2620,#2105,#2630,.T.);
#2630 = CIRCLE('',#2631,8.587468332066);
#2631 = AXIS2_PLACEMENT_3D('',#2632,#2633,#2634);
#2632 = CARTESIAN_POINT('',(-48.61065589277,142.30037457485,0.));
#2633 = DIRECTION('',(0.,0.,-1.));
#2634 = DIRECTION('',(1.,0.,0.));
#2635 = CYLINDRICAL_SURFACE('',#2636,8.587468332066);
#2636 = AXIS2_PLACEMENT_3D('',#2637,#2638,#2639);
#2637 = CARTESIAN_POINT('',(-48.61065589277,142.30037457485,-1.743E-14)
  );
#2638 = DIRECTION('',(0.,1.2E-16,1.));
#2639 = DIRECTION('',(1.,0.,0.));
#2640 = ADVANCED_FACE('',(#2641),#2652,.F.);
#2641 = FACE_BOUND('',#2642,.F.);
#2642 = EDGE_LOOP('',(#2643,#2644,#2645,#2646));
#2643 = ORIENTED_EDGE('',*,*,#2619,.T.);
#2644 = ORIENTED_EDGE('',*,*,#2015,.T.);
#2645 = ORIENTED_EDGE('',*,*,#2404,.F.);
#2646 = ORIENTED_EDGE('',*,*,#2647,.F.);
#2647 = EDGE_CURVE('',#2620,#2356,#2648,.T.);
#2648 = LINE('',#2649,#2650);
#2649 = CARTESIAN_POINT('',(-40.17407207019,143.90308033662,0.));
#2650 = VECTOR('',#2651,1.);
#2651 = DIRECTION('',(-1.907181817452E-02,0.999818116335,-0.));
#2652 = PLANE('',#2653);
#2653 = AXIS2_PLACEMENT_3D('',#2654,#2655,#2656);
#2654 = CARTESIAN_POINT('',(-40.17407207019,143.90308033662,-1.762E-14)
  );
#2655 = DIRECTION('',(0.999818116335,1.907181817452E-02,0.));
#2656 = DIRECTION('',(-1.907181817452E-02,0.999818116335,-1.2E-16));
#2657 = ADVANCED_FACE('',(#2658),#2676,.F.);
#2658 = FACE_BOUND('',#2659,.F.);
#2659 = EDGE_LOOP('',(#2660,#2661,#2662,#2670));
#2660 = ORIENTED_EDGE('',*,*,#2397,.T.);
#2661 = ORIENTED_EDGE('',*,*,#2031,.T.);
#2662 = ORIENTED_EDGE('',*,*,#2663,.F.);
#2663 = EDGE_CURVE('',#2664,#2032,#2666,.T.);
#2664 = VERTEX_POINT('',#2665);
#2665 = CARTESIAN_POINT('',(40.393504964544,143.90308033662,-1.8E-14));
#2666 = LINE('',#2667,#2668);
#2667 = CARTESIAN_POINT('',(40.393504964544,143.90308033662,-1.762E-14)
  );
#2668 = VECTOR('',#2669,1.);
#2669 = DIRECTION('',(0.,-1.2E-16,-1.));
#2670 = ORIENTED_EDGE('',*,*,#2671,.F.);
#2671 = EDGE_CURVE('',#2390,#2664,#2672,.T.);
#2672 = LINE('',#2673,#2674);
#2673 = CARTESIAN_POINT('',(40.393504964544,160.01,0.));
#2674 = VECTOR('',#2675,1.);
#2675 = DIRECTION('',(0.,-1.,0.));
#2676 = PLANE('',#2677);
#2677 = AXIS2_PLACEMENT_3D('',#2678,#2679,#2680);
#2678 = CARTESIAN_POINT('',(40.393504964544,160.01,-1.96E-14));
#2679 = DIRECTION('',(-1.,0.,0.));
#2680 = DIRECTION('',(0.,-1.,1.2E-16));
#2681 = ADVANCED_FACE('',(#2682),#2701,.F.);
#2682 = FACE_BOUND('',#2683,.T.);
#2683 = EDGE_LOOP('',(#2684,#2692,#2693,#2694));
#2684 = ORIENTED_EDGE('',*,*,#2685,.T.);
#2685 = EDGE_CURVE('',#2686,#2040,#2688,.T.);
#2686 = VERTEX_POINT('',#2687);
#2687 = CARTESIAN_POINT('',(42.641739274775,136.90467384692,-1.7E-14));
#2688 = LINE('',#2689,#2690);
#2689 = CARTESIAN_POINT('',(42.641739274775,136.90467384692,-1.677E-14)
  );
#2690 = VECTOR('',#2691,1.);
#2691 = DIRECTION('',(0.,-1.2E-16,-1.));
#2692 = ORIENTED_EDGE('',*,*,#2039,.T.);
#2693 = ORIENTED_EDGE('',*,*,#2663,.F.);
#2694 = ORIENTED_EDGE('',*,*,#2695,.F.);
#2695 = EDGE_CURVE('',#2686,#2664,#2696,.T.);
#2696 = CIRCLE('',#2697,8.053574605327);
#2697 = AXIS2_PLACEMENT_3D('',#2698,#2699,#2700);
#2698 = CARTESIAN_POINT('',(48.340244278948,142.59564078066,0.));
#2699 = DIRECTION('',(0.,0.,-1.));
#2700 = DIRECTION('',(1.,0.,0.));
#2701 = CYLINDRICAL_SURFACE('',#2702,8.053574605327);
#2702 = AXIS2_PLACEMENT_3D('',#2703,#2704,#2705);
#2703 = CARTESIAN_POINT('',(48.340244278948,142.59564078066,-1.746E-14)
  );
#2704 = DIRECTION('',(0.,1.2E-16,1.));
#2705 = DIRECTION('',(1.,0.,0.));
#2706 = ADVANCED_FACE('',(#2707),#2725,.F.);
#2707 = FACE_BOUND('',#2708,.F.);
#2708 = EDGE_LOOP('',(#2709,#2710,#2711,#2719));
#2709 = ORIENTED_EDGE('',*,*,#2065,.T.);
#2710 = ORIENTED_EDGE('',*,*,#2244,.T.);
#2711 = ORIENTED_EDGE('',*,*,#2712,.F.);
#2712 = EDGE_CURVE('',#2713,#2237,#2715,.T.);
#2713 = VERTEX_POINT('',#2714);
#2714 = CARTESIAN_POINT('',(43.162296,53.110298,-1.1E-14));
#2715 = LINE('',#2716,#2717);
#2716 = CARTESIAN_POINT('',(26.238427075188,49.661564365342,-1.128E-14)
  );
#2717 = VECTOR('',#2718,1.);
#2718 = DIRECTION('',(-0.979862064154,-0.199675574952,0.));
#2719 = ORIENTED_EDGE('',*,*,#2720,.F.);
#2720 = EDGE_CURVE('',#2058,#2713,#2721,.T.);
#2721 = LINE('',#2722,#2723);
#2722 = CARTESIAN_POINT('',(43.162296,53.110298,0.));
#2723 = VECTOR('',#2724,1.);
#2724 = DIRECTION('',(0.,0.,1.));
#2725 = PLANE('',#2726);
#2726 = AXIS2_PLACEMENT_3D('',#2727,#2728,#2729);
#2727 = CARTESIAN_POINT('',(43.0710085,53.0916955,8.42E-15));
#2728 = DIRECTION('',(-0.199675574952,0.979862064154,0.));
#2729 = DIRECTION('',(0.979862064154,0.199675574952,0.));
#2730 = ADVANCED_FACE('',(#2731),#2759,.T.);
#2731 = FACE_BOUND('',#2732,.F.);
#2732 = EDGE_LOOP('',(#2733,#2734,#2735,#2743,#2752));
#2733 = ORIENTED_EDGE('',*,*,#2685,.T.);
#2734 = ORIENTED_EDGE('',*,*,#2048,.T.);
#2735 = ORIENTED_EDGE('',*,*,#2736,.F.);
#2736 = EDGE_CURVE('',#2737,#2049,#2739,.T.);
#2737 = VERTEX_POINT('',#2738);
#2738 = CARTESIAN_POINT('',(42.721289371088,52.591392937676,-6.E-15));
#2739 = LINE('',#2740,#2741);
#2740 = CARTESIAN_POINT('',(42.721289371088,52.591392937676,-6.44E-15));
#2741 = VECTOR('',#2742,1.);
#2742 = DIRECTION('',(0.,-1.2E-16,-1.));
#2743 = ORIENTED_EDGE('',*,*,#2744,.F.);
#2744 = EDGE_CURVE('',#2745,#2737,#2747,.T.);
#2745 = VERTEX_POINT('',#2746);
#2746 = CARTESIAN_POINT('',(58.359275670827,81.076963397085,-5.E-15));
#2747 = CIRCLE('',#2748,60.156658940108);
#2748 = AXIS2_PLACEMENT_3D('',#2749,#2750,#2751);
#2749 = CARTESIAN_POINT('',(-0.232796331306,94.707543477676,0.));
#2750 = DIRECTION('',(0.,0.,-1.));
#2751 = DIRECTION('',(1.,0.,0.));
#2752 = ORIENTED_EDGE('',*,*,#2753,.F.);
#2753 = EDGE_CURVE('',#2686,#2745,#2754,.T.);
#2754 = CIRCLE('',#2755,60.156658940108);
#2755 = AXIS2_PLACEMENT_3D('',#2756,#2757,#2758);
#2756 = CARTESIAN_POINT('',(-0.232796331306,94.707543477676,0.));
#2757 = DIRECTION('',(0.,0.,-1.));
#2758 = DIRECTION('',(1.,0.,0.));
#2759 = CYLINDRICAL_SURFACE('',#2760,60.156658940108);
#2760 = AXIS2_PLACEMENT_3D('',#2761,#2762,#2763);
#2761 = CARTESIAN_POINT('',(-0.232796331306,94.707543477676,-1.16E-14));
#2762 = DIRECTION('',(0.,1.2E-16,1.));
#2763 = DIRECTION('',(1.,0.,0.));
#2764 = ADVANCED_FACE('',(#2765),#2776,.F.);
#2765 = FACE_BOUND('',#2766,.F.);
#2766 = EDGE_LOOP('',(#2767,#2768,#2769,#2770));
#2767 = ORIENTED_EDGE('',*,*,#2736,.T.);
#2768 = ORIENTED_EDGE('',*,*,#2057,.T.);
#2769 = ORIENTED_EDGE('',*,*,#2720,.T.);
#2770 = ORIENTED_EDGE('',*,*,#2771,.F.);
#2771 = EDGE_CURVE('',#2737,#2713,#2772,.T.);
#2772 = LINE('',#2773,#2774);
#2773 = CARTESIAN_POINT('',(43.631309957482,53.662157543332,-1.128E-14)
  );
#2774 = VECTOR('',#2775,1.);
#2775 = DIRECTION('',(0.647594988281,0.761984731575,0.));
#2776 = PLANE('',#2777);
#2777 = AXIS2_PLACEMENT_3D('',#2778,#2779,#2780);
#2778 = CARTESIAN_POINT('',(42.941792685544,52.850845468838,0.));
#2779 = DIRECTION('',(0.761984731575,-0.647594988281,0.));
#2780 = DIRECTION('',(0.647594988281,0.761984731575,0.));
#2781 = ADVANCED_FACE('',(#2782),#2801,.F.);
#2782 = FACE_BOUND('',#2783,.F.);
#2783 = EDGE_LOOP('',(#2784,#2793,#2799,#2800));
#2784 = ORIENTED_EDGE('',*,*,#2785,.T.);
#2785 = EDGE_CURVE('',#2786,#2786,#2788,.T.);
#2786 = VERTEX_POINT('',#2787);
#2787 = CARTESIAN_POINT('',(25.267203668694,94.707543477676,-12.6));
#2788 = CIRCLE('',#2789,25.5);
#2789 = AXIS2_PLACEMENT_3D('',#2790,#2791,#2792);
#2790 = CARTESIAN_POINT('',(-0.232796331306,94.707543477676,-12.6));
#2791 = DIRECTION('',(0.,0.,-1.));
#2792 = DIRECTION('',(1.,0.,0.));
#2793 = ORIENTED_EDGE('',*,*,#2794,.F.);
#2794 = EDGE_CURVE('',#2086,#2786,#2795,.T.);
#2795 = LINE('',#2796,#2797);
#2796 = CARTESIAN_POINT('',(25.267203668694,94.707543477676,-15.5));
#2797 = VECTOR('',#2798,1.);
#2798 = DIRECTION('',(0.,0.,1.));
#2799 = ORIENTED_EDGE('',*,*,#2085,.F.);
#2800 = ORIENTED_EDGE('',*,*,#2794,.T.);
#2801 = CYLINDRICAL_SURFACE('',#2802,25.5);
#2802 = AXIS2_PLACEMENT_3D('',#2803,#2804,#2805);
#2803 = CARTESIAN_POINT('',(-0.232796331306,94.707543477676,-15.5));
#2804 = DIRECTION('',(0.,0.,-1.));
#2805 = DIRECTION('',(1.,0.,0.));
#2806 = ADVANCED_FACE('',(#2807),#2828,.F.);
#2807 = FACE_BOUND('',#2808,.F.);
#2808 = EDGE_LOOP('',(#2809,#2810,#2811,#2812,#2813,#2821));
#2809 = ORIENTED_EDGE('',*,*,#2145,.T.);
#2810 = ORIENTED_EDGE('',*,*,#2112,.T.);
#2811 = ORIENTED_EDGE('',*,*,#2629,.F.);
#2812 = ORIENTED_EDGE('',*,*,#2647,.T.);
#2813 = ORIENTED_EDGE('',*,*,#2814,.F.);
#2814 = EDGE_CURVE('',#2815,#2356,#2817,.T.);
#2815 = VERTEX_POINT('',#2816);
#2816 = CARTESIAN_POINT('',(-40.48131619605,144.4063120011,0.));
#2817 = LINE('',#2818,#2819);
#2818 = CARTESIAN_POINT('',(-40.48131619605,144.4063120011,0.));
#2819 = VECTOR('',#2820,1.);
#2820 = DIRECTION('',(0.,1.,0.));
#2821 = ORIENTED_EDGE('',*,*,#2822,.F.);
#2822 = EDGE_CURVE('',#2128,#2815,#2823,.T.);
#2823 = CIRCLE('',#2824,8.);
#2824 = AXIS2_PLACEMENT_3D('',#2825,#2826,#2827);
#2825 = CARTESIAN_POINT('',(-48.32790194913,142.84711604818,0.));
#2826 = DIRECTION('',(0.,0.,1.));
#2827 = DIRECTION('',(1.,0.,0.));
#2828 = PLANE('',#2829);
#2829 = AXIS2_PLACEMENT_3D('',#2830,#2831,#2832);
#2830 = CARTESIAN_POINT('',(-1.398880716097E-04,-25.41987947746,0.));
#2831 = DIRECTION('',(0.,0.,1.));
#2832 = DIRECTION('',(1.,0.,0.));
#2833 = ADVANCED_FACE('',(#2834),#2853,.F.);
#2834 = FACE_BOUND('',#2835,.T.);
#2835 = EDGE_LOOP('',(#2836,#2837,#2846,#2852));
#2836 = ORIENTED_EDGE('',*,*,#2127,.T.);
#2837 = ORIENTED_EDGE('',*,*,#2838,.T.);
#2838 = EDGE_CURVE('',#2130,#2839,#2841,.T.);
#2839 = VERTEX_POINT('',#2840);
#2840 = CARTESIAN_POINT('',(-40.48131619605,144.4063120011,24.));
#2841 = CIRCLE('',#2842,8.);
#2842 = AXIS2_PLACEMENT_3D('',#2843,#2844,#2845);
#2843 = CARTESIAN_POINT('',(-48.32790194913,142.84711604818,24.));
#2844 = DIRECTION('',(0.,0.,1.));
#2845 = DIRECTION('',(1.,0.,0.));
#2846 = ORIENTED_EDGE('',*,*,#2847,.F.);
#2847 = EDGE_CURVE('',#2815,#2839,#2848,.T.);
#2848 = LINE('',#2849,#2850);
#2849 = CARTESIAN_POINT('',(-40.48131619605,144.4063120011,0.));
#2850 = VECTOR('',#2851,1.);
#2851 = DIRECTION('',(0.,0.,1.));
#2852 = ORIENTED_EDGE('',*,*,#2822,.F.);
#2853 = CYLINDRICAL_SURFACE('',#2854,8.);
#2854 = AXIS2_PLACEMENT_3D('',#2855,#2856,#2857);
#2855 = CARTESIAN_POINT('',(-48.32790194913,142.84711604818,0.));
#2856 = DIRECTION('',(-0.,-0.,-1.));
#2857 = DIRECTION('',(1.,0.,0.));
#2858 = ADVANCED_FACE('',(#2859),#2872,.T.);
#2859 = FACE_BOUND('',#2860,.T.);
#2860 = EDGE_LOOP('',(#2861,#2862,#2863,#2864,#2865,#2871));
#2861 = ORIENTED_EDGE('',*,*,#2137,.T.);
#2862 = ORIENTED_EDGE('',*,*,#2170,.F.);
#2863 = ORIENTED_EDGE('',*,*,#2268,.T.);
#2864 = ORIENTED_EDGE('',*,*,#2317,.T.);
#2865 = ORIENTED_EDGE('',*,*,#2866,.F.);
#2866 = EDGE_CURVE('',#2839,#2310,#2867,.T.);
#2867 = LINE('',#2868,#2869);
#2868 = CARTESIAN_POINT('',(-40.48131619605,144.4063120011,24.));
#2869 = VECTOR('',#2870,1.);
#2870 = DIRECTION('',(0.,1.,0.));
#2871 = ORIENTED_EDGE('',*,*,#2838,.F.);
#2872 = PLANE('',#2873);
#2873 = AXIS2_PLACEMENT_3D('',#2874,#2875,#2876);
#2874 = CARTESIAN_POINT('',(-1.398880716097E-04,-25.41987947746,24.));
#2875 = DIRECTION('',(0.,0.,1.));
#2876 = DIRECTION('',(1.,0.,0.));
#2877 = ADVANCED_FACE('',(#2878),#2891,.T.);
#2878 = FACE_BOUND('',#2879,.T.);
#2879 = EDGE_LOOP('',(#2880,#2887,#2888,#2889,#2890));
#2880 = ORIENTED_EDGE('',*,*,#2881,.F.);
#2881 = EDGE_CURVE('',#2229,#2745,#2882,.T.);
#2882 = CIRCLE('',#2883,59.999454712536);
#2883 = AXIS2_PLACEMENT_3D('',#2884,#2885,#2886);
#2884 = CARTESIAN_POINT('',(0.,95.01,0.));
#2885 = DIRECTION('',(0.,0.,1.));
#2886 = DIRECTION('',(1.,0.,0.));
#2887 = ORIENTED_EDGE('',*,*,#2236,.F.);
#2888 = ORIENTED_EDGE('',*,*,#2712,.F.);
#2889 = ORIENTED_EDGE('',*,*,#2771,.F.);
#2890 = ORIENTED_EDGE('',*,*,#2744,.F.);
#2891 = PLANE('',#2892);
#2892 = AXIS2_PLACEMENT_3D('',#2893,#2894,#2895);
#2893 = CARTESIAN_POINT('',(6.103496841858E-02,92.088947281443,
    -1.128E-14));
#2894 = DIRECTION('',(0.,0.,1.));
#2895 = DIRECTION('',(1.,0.,0.));
#2896 = ADVANCED_FACE('',(#2897),#2932,.T.);
#2897 = FACE_BOUND('',#2898,.F.);
#2898 = EDGE_LOOP('',(#2899,#2900,#2901,#2908,#2917,#2925));
#2899 = ORIENTED_EDGE('',*,*,#2881,.F.);
#2900 = ORIENTED_EDGE('',*,*,#2228,.F.);
#2901 = ORIENTED_EDGE('',*,*,#2902,.T.);
#2902 = EDGE_CURVE('',#2221,#2429,#2903,.T.);
#2903 = CIRCLE('',#2904,59.999454712536);
#2904 = AXIS2_PLACEMENT_3D('',#2905,#2906,#2907);
#2905 = CARTESIAN_POINT('',(0.,95.01,24.));
#2906 = DIRECTION('',(0.,0.,1.));
#2907 = DIRECTION('',(1.,0.,0.));
#2908 = ORIENTED_EDGE('',*,*,#2909,.T.);
#2909 = EDGE_CURVE('',#2429,#2910,#2912,.T.);
#2910 = VERTEX_POINT('',#2911);
#2911 = CARTESIAN_POINT('',(42.68486926239,137.17558432957,24.));
#2912 = CIRCLE('',#2913,59.999454712536);
#2913 = AXIS2_PLACEMENT_3D('',#2914,#2915,#2916);
#2914 = CARTESIAN_POINT('',(0.,95.01,24.));
#2915 = DIRECTION('',(0.,0.,1.));
#2916 = DIRECTION('',(1.,0.,0.));
#2917 = ORIENTED_EDGE('',*,*,#2918,.F.);
#2918 = EDGE_CURVE('',#2919,#2910,#2921,.T.);
#2919 = VERTEX_POINT('',#2920);
#2920 = CARTESIAN_POINT('',(42.68486926239,137.17558432957,0.));
#2921 = LINE('',#2922,#2923);
#2922 = CARTESIAN_POINT('',(42.68486926239,137.17558432957,0.));
#2923 = VECTOR('',#2924,1.);
#2924 = DIRECTION('',(0.,0.,1.));
#2925 = ORIENTED_EDGE('',*,*,#2926,.F.);
#2926 = EDGE_CURVE('',#2745,#2919,#2927,.T.);
#2927 = CIRCLE('',#2928,59.999454712536);
#2928 = AXIS2_PLACEMENT_3D('',#2929,#2930,#2931);
#2929 = CARTESIAN_POINT('',(0.,95.01,0.));
#2930 = DIRECTION('',(0.,0.,1.));
#2931 = DIRECTION('',(1.,0.,0.));
#2932 = CYLINDRICAL_SURFACE('',#2933,59.999454712536);
#2933 = AXIS2_PLACEMENT_3D('',#2934,#2935,#2936);
#2934 = CARTESIAN_POINT('',(0.,95.01,0.));
#2935 = DIRECTION('',(-0.,-0.,-1.));
#2936 = DIRECTION('',(1.,0.,0.));
#2937 = ADVANCED_FACE('',(#2938),#2945,.F.);
#2938 = FACE_BOUND('',#2939,.F.);
#2939 = EDGE_LOOP('',(#2940,#2941,#2942,#2943,#2944));
#2940 = ORIENTED_EDGE('',*,*,#2339,.F.);
#2941 = ORIENTED_EDGE('',*,*,#2437,.T.);
#2942 = ORIENTED_EDGE('',*,*,#2902,.F.);
#2943 = ORIENTED_EDGE('',*,*,#2220,.F.);
#2944 = ORIENTED_EDGE('',*,*,#2283,.F.);
#2945 = PLANE('',#2946);
#2946 = AXIS2_PLACEMENT_3D('',#2947,#2948,#2949);
#2947 = CARTESIAN_POINT('',(7.480415800318E-02,92.089043131451,24.));
#2948 = DIRECTION('',(0.,0.,1.));
#2949 = DIRECTION('',(1.,0.,0.));
#2950 = ADVANCED_FACE('',(#2951,#2957),#2968,.T.);
#2951 = FACE_BOUND('',#2952,.T.);
#2952 = EDGE_LOOP('',(#2953,#2954,#2955,#2956));
#2953 = ORIENTED_EDGE('',*,*,#2847,.T.);
#2954 = ORIENTED_EDGE('',*,*,#2866,.T.);
#2955 = ORIENTED_EDGE('',*,*,#2355,.F.);
#2956 = ORIENTED_EDGE('',*,*,#2814,.F.);
#2957 = FACE_BOUND('',#2958,.T.);
#2958 = EDGE_LOOP('',(#2959));
#2959 = ORIENTED_EDGE('',*,*,#2960,.T.);
#2960 = EDGE_CURVE('',#2961,#2961,#2963,.T.);
#2961 = VERTEX_POINT('',#2962);
#2962 = CARTESIAN_POINT('',(-40.48131619605,155.26,12.5));
#2963 = CIRCLE('',#2964,5.25);
#2964 = AXIS2_PLACEMENT_3D('',#2965,#2966,#2967);
#2965 = CARTESIAN_POINT('',(-40.48131619605,150.01,12.5));
#2966 = DIRECTION('',(1.,0.,0.));
#2967 = DIRECTION('',(0.,1.,0.));
#2968 = PLANE('',#2969);
#2969 = AXIS2_PLACEMENT_3D('',#2970,#2971,#2972);
#2970 = CARTESIAN_POINT('',(-40.48131619605,144.4063120011,0.));
#2971 = DIRECTION('',(-1.,0.,0.));
#2972 = DIRECTION('',(0.,1.,0.));
#2973 = ADVANCED_FACE('',(#2974),#2996,.T.);
#2974 = FACE_BOUND('',#2975,.T.);
#2975 = EDGE_LOOP('',(#2976,#2977,#2978,#2987,#2993,#2994,#2995));
#2976 = ORIENTED_EDGE('',*,*,#2428,.F.);
#2977 = ORIENTED_EDGE('',*,*,#2909,.T.);
#2978 = ORIENTED_EDGE('',*,*,#2979,.F.);
#2979 = EDGE_CURVE('',#2980,#2910,#2982,.T.);
#2980 = VERTEX_POINT('',#2981);
#2981 = CARTESIAN_POINT('',(40.481493019957,144.4063120011,24.));
#2982 = CIRCLE('',#2983,8.);
#2983 = AXIS2_PLACEMENT_3D('',#2984,#2985,#2986);
#2984 = CARTESIAN_POINT('',(48.32790194913,142.84622645338,24.));
#2985 = DIRECTION('',(0.,0.,1.));
#2986 = DIRECTION('',(1.,0.,0.));
#2987 = ORIENTED_EDGE('',*,*,#2988,.T.);
#2988 = EDGE_CURVE('',#2980,#2374,#2989,.T.);
#2989 = LINE('',#2990,#2991);
#2990 = CARTESIAN_POINT('',(40.481493019957,144.4063120011,24.));
#2991 = VECTOR('',#2992,1.);
#2992 = DIRECTION('',(0.,1.,0.));
#2993 = ORIENTED_EDGE('',*,*,#2373,.F.);
#2994 = ORIENTED_EDGE('',*,*,#2462,.F.);
#2995 = ORIENTED_EDGE('',*,*,#2479,.T.);
#2996 = PLANE('',#2997);
#2997 = AXIS2_PLACEMENT_3D('',#2998,#2999,#3000);
#2998 = CARTESIAN_POINT('',(-1.398880716097E-04,-25.41987947746,24.));
#2999 = DIRECTION('',(0.,0.,1.));
#3000 = DIRECTION('',(1.,0.,0.));
#3001 = ADVANCED_FACE('',(#3002,#3020),#3031,.F.);
#3002 = FACE_BOUND('',#3003,.F.);
#3003 = EDGE_LOOP('',(#3004,#3012,#3013,#3014));
#3004 = ORIENTED_EDGE('',*,*,#3005,.T.);
#3005 = EDGE_CURVE('',#3006,#2980,#3008,.T.);
#3006 = VERTEX_POINT('',#3007);
#3007 = CARTESIAN_POINT('',(40.481493019957,144.4063120011,0.));
#3008 = LINE('',#3009,#3010);
#3009 = CARTESIAN_POINT('',(40.481493019957,144.4063120011,0.));
#3010 = VECTOR('',#3011,1.);
#3011 = DIRECTION('',(0.,0.,1.));
#3012 = ORIENTED_EDGE('',*,*,#2988,.T.);
#3013 = ORIENTED_EDGE('',*,*,#2381,.F.);
#3014 = ORIENTED_EDGE('',*,*,#3015,.F.);
#3015 = EDGE_CURVE('',#3006,#2382,#3016,.T.);
#3016 = LINE('',#3017,#3018);
#3017 = CARTESIAN_POINT('',(40.481493019957,144.4063120011,0.));
#3018 = VECTOR('',#3019,1.);
#3019 = DIRECTION('',(0.,1.,0.));
#3020 = FACE_BOUND('',#3021,.F.);
#3021 = EDGE_LOOP('',(#3022));
#3022 = ORIENTED_EDGE('',*,*,#3023,.T.);
#3023 = EDGE_CURVE('',#3024,#3024,#3026,.T.);
#3024 = VERTEX_POINT('',#3025);
#3025 = CARTESIAN_POINT('',(40.481493019957,155.26,12.5));
#3026 = CIRCLE('',#3027,5.25);
#3027 = AXIS2_PLACEMENT_3D('',#3028,#3029,#3030);
#3028 = CARTESIAN_POINT('',(40.481493019957,150.01,12.5));
#3029 = DIRECTION('',(1.,0.,0.));
#3030 = DIRECTION('',(0.,1.,0.));
#3031 = PLANE('',#3032);
#3032 = AXIS2_PLACEMENT_3D('',#3033,#3034,#3035);
#3033 = CARTESIAN_POINT('',(40.481493019957,144.4063120011,0.));
#3034 = DIRECTION('',(-1.,0.,0.));
#3035 = DIRECTION('',(0.,1.,0.));
#3036 = ADVANCED_FACE('',(#3037),#3052,.F.);
#3037 = FACE_BOUND('',#3038,.F.);
#3038 = EDGE_LOOP('',(#3039,#3040,#3041,#3048,#3049,#3050,#3051));
#3039 = ORIENTED_EDGE('',*,*,#2753,.T.);
#3040 = ORIENTED_EDGE('',*,*,#2926,.T.);
#3041 = ORIENTED_EDGE('',*,*,#3042,.F.);
#3042 = EDGE_CURVE('',#3006,#2919,#3043,.T.);
#3043 = CIRCLE('',#3044,8.);
#3044 = AXIS2_PLACEMENT_3D('',#3045,#3046,#3047);
#3045 = CARTESIAN_POINT('',(48.32790194913,142.84622645338,0.));
#3046 = DIRECTION('',(0.,0.,1.));
#3047 = DIRECTION('',(1.,0.,0.));
#3048 = ORIENTED_EDGE('',*,*,#3015,.T.);
#3049 = ORIENTED_EDGE('',*,*,#2389,.F.);
#3050 = ORIENTED_EDGE('',*,*,#2671,.T.);
#3051 = ORIENTED_EDGE('',*,*,#2695,.F.);
#3052 = PLANE('',#3053);
#3053 = AXIS2_PLACEMENT_3D('',#3054,#3055,#3056);
#3054 = CARTESIAN_POINT('',(-1.398880716097E-04,-25.41987947746,0.));
#3055 = DIRECTION('',(0.,0.,1.));
#3056 = DIRECTION('',(1.,0.,0.));
#3057 = ADVANCED_FACE('',(#3058),#3061,.T.);
#3058 = FACE_BOUND('',#3059,.T.);
#3059 = EDGE_LOOP('',(#3060));
#3060 = ORIENTED_EDGE('',*,*,#2502,.T.);
#3061 = PLANE('',#3062);
#3062 = AXIS2_PLACEMENT_3D('',#3063,#3064,#3065);
#3063 = CARTESIAN_POINT('',(1.111E-14,95.501530024311,29.5));
#3064 = DIRECTION('',(0.,0.,1.));
#3065 = DIRECTION('',(1.,0.,0.));
#3066 = ADVANCED_FACE('',(#3067),#3070,.T.);
#3067 = FACE_BOUND('',#3068,.T.);
#3068 = EDGE_LOOP('',(#3069));
#3069 = ORIENTED_EDGE('',*,*,#2527,.T.);
#3070 = PLANE('',#3071);
#3071 = AXIS2_PLACEMENT_3D('',#3072,#3073,#3074);
#3072 = CARTESIAN_POINT('',(1.111E-14,95.501530024311,29.5));
#3073 = DIRECTION('',(0.,0.,1.));
#3074 = DIRECTION('',(1.,0.,0.));
#3075 = ADVANCED_FACE('',(#3076),#3079,.T.);
#3076 = FACE_BOUND('',#3077,.T.);
#3077 = EDGE_LOOP('',(#3078));
#3078 = ORIENTED_EDGE('',*,*,#2552,.T.);
#3079 = PLANE('',#3080);
#3080 = AXIS2_PLACEMENT_3D('',#3081,#3082,#3083);
#3081 = CARTESIAN_POINT('',(1.111E-14,95.501530024311,29.5));
#3082 = DIRECTION('',(0.,0.,1.));
#3083 = DIRECTION('',(1.,0.,0.));
#3084 = ADVANCED_FACE('',(#3085,#3088),#3099,.T.);
#3085 = FACE_BOUND('',#3086,.T.);
#3086 = EDGE_LOOP('',(#3087));
#3087 = ORIENTED_EDGE('',*,*,#2577,.T.);
#3088 = FACE_BOUND('',#3089,.T.);
#3089 = EDGE_LOOP('',(#3090));
#3090 = ORIENTED_EDGE('',*,*,#3091,.F.);
#3091 = EDGE_CURVE('',#3092,#3092,#3094,.T.);
#3092 = VERTEX_POINT('',#3093);
#3093 = CARTESIAN_POINT('',(40.00105,94.708275780214,2.5));
#3094 = CIRCLE('',#3095,40.);
#3095 = AXIS2_PLACEMENT_3D('',#3096,#3097,#3098);
#3096 = CARTESIAN_POINT('',(1.05E-03,94.708275780214,2.5));
#3097 = DIRECTION('',(0.,0.,1.));
#3098 = DIRECTION('',(1.,0.,0.));
#3099 = PLANE('',#3100);
#3100 = AXIS2_PLACEMENT_3D('',#3101,#3102,#3103);
#3101 = CARTESIAN_POINT('',(1.049999999997E-03,94.708275780214,2.5));
#3102 = DIRECTION('',(0.,0.,1.));
#3103 = DIRECTION('',(1.,0.,0.));
#3104 = ADVANCED_FACE('',(#3105),#3108,.T.);
#3105 = FACE_BOUND('',#3106,.T.);
#3106 = EDGE_LOOP('',(#3107));
#3107 = ORIENTED_EDGE('',*,*,#2602,.T.);
#3108 = PLANE('',#3109);
#3109 = AXIS2_PLACEMENT_3D('',#3110,#3111,#3112);
#3110 = CARTESIAN_POINT('',(1.111E-14,95.501530024311,29.5));
#3111 = DIRECTION('',(0.,0.,1.));
#3112 = DIRECTION('',(1.,0.,0.));
#3113 = ADVANCED_FACE('',(#3114,#3125),#3128,.T.);
#3114 = FACE_BOUND('',#3115,.T.);
#3115 = EDGE_LOOP('',(#3116));
#3116 = ORIENTED_EDGE('',*,*,#3117,.F.);
#3117 = EDGE_CURVE('',#3118,#3118,#3120,.T.);
#3118 = VERTEX_POINT('',#3119);
#3119 = CARTESIAN_POINT('',(33.267203668694,94.707543477676,-12.6));
#3120 = CIRCLE('',#3121,33.5);
#3121 = AXIS2_PLACEMENT_3D('',#3122,#3123,#3124);
#3122 = CARTESIAN_POINT('',(-0.232796331306,94.707543477676,-12.6));
#3123 = DIRECTION('',(0.,0.,-1.));
#3124 = DIRECTION('',(1.,0.,0.));
#3125 = FACE_BOUND('',#3126,.T.);
#3126 = EDGE_LOOP('',(#3127));
#3127 = ORIENTED_EDGE('',*,*,#2785,.T.);
#3128 = PLANE('',#3129);
#3129 = AXIS2_PLACEMENT_3D('',#3130,#3131,#3132);
#3130 = CARTESIAN_POINT('',(-0.232796331306,94.707543477676,-12.6));
#3131 = DIRECTION('',(0.,0.,1.));
#3132 = DIRECTION('',(1.,0.,0.));
#3133 = ADVANCED_FACE('',(#3134),#3140,.F.);
#3134 = FACE_BOUND('',#3135,.T.);
#3135 = EDGE_LOOP('',(#3136,#3137,#3138,#3139));
#3136 = ORIENTED_EDGE('',*,*,#3005,.T.);
#3137 = ORIENTED_EDGE('',*,*,#2979,.T.);
#3138 = ORIENTED_EDGE('',*,*,#2918,.F.);
#3139 = ORIENTED_EDGE('',*,*,#3042,.F.);
#3140 = CYLINDRICAL_SURFACE('',#3141,8.);
#3141 = AXIS2_PLACEMENT_3D('',#3142,#3143,#3144);
#3142 = CARTESIAN_POINT('',(48.32790194913,142.84622645338,0.));
#3143 = DIRECTION('',(-0.,-0.,-1.));
#3144 = DIRECTION('',(1.,0.,0.));
#3145 = ADVANCED_FACE('',(#3146),#3157,.F.);
#3146 = FACE_BOUND('',#3147,.F.);
#3147 = EDGE_LOOP('',(#3148,#3149,#3155,#3156));
#3148 = ORIENTED_EDGE('',*,*,#3023,.F.);
#3149 = ORIENTED_EDGE('',*,*,#3150,.T.);
#3150 = EDGE_CURVE('',#3024,#2961,#3151,.T.);
#3151 = LINE('',#3152,#3153);
#3152 = CARTESIAN_POINT('',(40.481493019957,155.26,12.5));
#3153 = VECTOR('',#3154,1.);
#3154 = DIRECTION('',(-1.,-0.,-0.));
#3155 = ORIENTED_EDGE('',*,*,#2960,.T.);
#3156 = ORIENTED_EDGE('',*,*,#3150,.F.);
#3157 = CYLINDRICAL_SURFACE('',#3158,5.25);
#3158 = AXIS2_PLACEMENT_3D('',#3159,#3160,#3161);
#3159 = CARTESIAN_POINT('',(40.481493019957,150.01,12.5));
#3160 = DIRECTION('',(1.,0.,0.));
#3161 = DIRECTION('',(0.,1.,0.));
#3162 = ADVANCED_FACE('',(#3163),#3182,.F.);
#3163 = FACE_BOUND('',#3164,.F.);
#3164 = EDGE_LOOP('',(#3165,#3173,#3180,#3181));
#3165 = ORIENTED_EDGE('',*,*,#3166,.T.);
#3166 = EDGE_CURVE('',#3092,#3167,#3169,.T.);
#3167 = VERTEX_POINT('',#3168);
#3168 = CARTESIAN_POINT('',(40.00105,94.708275780214,-2.5));
#3169 = LINE('',#3170,#3171);
#3170 = CARTESIAN_POINT('',(40.00105,94.708275780214,2.5));
#3171 = VECTOR('',#3172,1.);
#3172 = DIRECTION('',(-0.,-0.,-1.));
#3173 = ORIENTED_EDGE('',*,*,#3174,.T.);
#3174 = EDGE_CURVE('',#3167,#3167,#3175,.T.);
#3175 = CIRCLE('',#3176,40.);
#3176 = AXIS2_PLACEMENT_3D('',#3177,#3178,#3179);
#3177 = CARTESIAN_POINT('',(1.05E-03,94.708275780214,-2.5));
#3178 = DIRECTION('',(0.,0.,1.));
#3179 = DIRECTION('',(1.,0.,0.));
#3180 = ORIENTED_EDGE('',*,*,#3166,.F.);
#3181 = ORIENTED_EDGE('',*,*,#3091,.F.);
#3182 = CYLINDRICAL_SURFACE('',#3183,40.);
#3183 = AXIS2_PLACEMENT_3D('',#3184,#3185,#3186);
#3184 = CARTESIAN_POINT('',(1.05E-03,94.708275780214,2.5));
#3185 = DIRECTION('',(0.,0.,1.));
#3186 = DIRECTION('',(1.,0.,0.));
#3187 = ADVANCED_FACE('',(#3188),#3207,.F.);
#3188 = FACE_BOUND('',#3189,.F.);
#3189 = EDGE_LOOP('',(#3190,#3191,#3199,#3206));
#3190 = ORIENTED_EDGE('',*,*,#3117,.F.);
#3191 = ORIENTED_EDGE('',*,*,#3192,.T.);
#3192 = EDGE_CURVE('',#3118,#3193,#3195,.T.);
#3193 = VERTEX_POINT('',#3194);
#3194 = CARTESIAN_POINT('',(33.267203668694,94.707543477676,-7.5));
#3195 = LINE('',#3196,#3197);
#3196 = CARTESIAN_POINT('',(33.267203668694,94.707543477676,-15.5));
#3197 = VECTOR('',#3198,1.);
#3198 = DIRECTION('',(0.,0.,1.));
#3199 = ORIENTED_EDGE('',*,*,#3200,.T.);
#3200 = EDGE_CURVE('',#3193,#3193,#3201,.T.);
#3201 = CIRCLE('',#3202,33.5);
#3202 = AXIS2_PLACEMENT_3D('',#3203,#3204,#3205);
#3203 = CARTESIAN_POINT('',(-0.232796331306,94.707543477676,-7.5));
#3204 = DIRECTION('',(0.,0.,-1.));
#3205 = DIRECTION('',(1.,0.,0.));
#3206 = ORIENTED_EDGE('',*,*,#3192,.F.);
#3207 = CYLINDRICAL_SURFACE('',#3208,33.5);
#3208 = AXIS2_PLACEMENT_3D('',#3209,#3210,#3211);
#3209 = CARTESIAN_POINT('',(-0.232796331306,94.707543477676,-15.5));
#3210 = DIRECTION('',(0.,0.,-1.));
#3211 = DIRECTION('',(1.,0.,0.));
#3212 = ADVANCED_FACE('',(#3213,#3216),#3227,.T.);
#3213 = FACE_BOUND('',#3214,.T.);
#3214 = EDGE_LOOP('',(#3215));
#3215 = ORIENTED_EDGE('',*,*,#3174,.T.);
#3216 = FACE_BOUND('',#3217,.T.);
#3217 = EDGE_LOOP('',(#3218));
#3218 = ORIENTED_EDGE('',*,*,#3219,.T.);
#3219 = EDGE_CURVE('',#3220,#3220,#3222,.T.);
#3220 = VERTEX_POINT('',#3221);
#3221 = CARTESIAN_POINT('',(25.267203668694,94.707543477676,-2.5));
#3222 = CIRCLE('',#3223,25.5);
#3223 = AXIS2_PLACEMENT_3D('',#3224,#3225,#3226);
#3224 = CARTESIAN_POINT('',(-0.232796331306,94.707543477676,-2.5));
#3225 = DIRECTION('',(0.,0.,-1.));
#3226 = DIRECTION('',(1.,0.,0.));
#3227 = PLANE('',#3228);
#3228 = AXIS2_PLACEMENT_3D('',#3229,#3230,#3231);
#3229 = CARTESIAN_POINT('',(1.049999999999E-03,94.708275780214,-2.5));
#3230 = DIRECTION('',(0.,0.,1.));
#3231 = DIRECTION('',(1.,0.,0.));
#3232 = ADVANCED_FACE('',(#3233,#3236),#3247,.F.);
#3233 = FACE_BOUND('',#3234,.F.);
#3234 = EDGE_LOOP('',(#3235));
#3235 = ORIENTED_EDGE('',*,*,#3200,.F.);
#3236 = FACE_BOUND('',#3237,.F.);
#3237 = EDGE_LOOP('',(#3238));
#3238 = ORIENTED_EDGE('',*,*,#3239,.T.);
#3239 = EDGE_CURVE('',#3240,#3240,#3242,.T.);
#3240 = VERTEX_POINT('',#3241);
#3241 = CARTESIAN_POINT('',(25.267203668694,94.707543477676,-7.5));
#3242 = CIRCLE('',#3243,25.5);
#3243 = AXIS2_PLACEMENT_3D('',#3244,#3245,#3246);
#3244 = CARTESIAN_POINT('',(-0.232796331306,94.707543477676,-7.5));
#3245 = DIRECTION('',(0.,0.,-1.));
#3246 = DIRECTION('',(1.,0.,0.));
#3247 = PLANE('',#3248);
#3248 = AXIS2_PLACEMENT_3D('',#3249,#3250,#3251);
#3249 = CARTESIAN_POINT('',(-0.232796331306,94.707543477676,-7.5));
#3250 = DIRECTION('',(0.,0.,1.));
#3251 = DIRECTION('',(1.,0.,0.));
#3252 = ADVANCED_FACE('',(#3253),#3263,.F.);
#3253 = FACE_BOUND('',#3254,.F.);
#3254 = EDGE_LOOP('',(#3255,#3260,#3261,#3262));
#3255 = ORIENTED_EDGE('',*,*,#3256,.T.);
#3256 = EDGE_CURVE('',#3220,#3240,#3257,.T.);
#3257 = B_SPLINE_CURVE_WITH_KNOTS('',1,(#3258,#3259),.UNSPECIFIED.,.F.,
  .F.,(2,2),(-848.9621654723,848.9621654723),.PIECEWISE_BEZIER_KNOTS.);
#3258 = CARTESIAN_POINT('',(25.267203668694,94.707543477676,
    841.4621654723));
#3259 = CARTESIAN_POINT('',(25.267203668694,94.707543477676,
    -856.4621654723));
#3260 = ORIENTED_EDGE('',*,*,#3239,.F.);
#3261 = ORIENTED_EDGE('',*,*,#3256,.F.);
#3262 = ORIENTED_EDGE('',*,*,#3219,.T.);
#3263 = CYLINDRICAL_SURFACE('',#3264,25.5);
#3264 = AXIS2_PLACEMENT_3D('',#3265,#3266,#3267);
#3265 = CARTESIAN_POINT('',(-0.232796331306,94.707543477676,-7.5));
#3266 = DIRECTION('',(0.,0.,-1.));
#3267 = DIRECTION('',(1.,0.,0.));
#3268 = ( GEOMETRIC_REPRESENTATION_CONTEXT(3) 
GLOBAL_UNCERTAINTY_ASSIGNED_CONTEXT((#3272)) 
GLOBAL_UNIT_ASSIGNED_CONTEXT((#3269,#3270,#3271)) REPRESENTATION_CONTEXT
('Context #1','3D Context with UNIT and UNCERTAINTY') );
#3269 = ( LENGTH_UNIT() NAMED_UNIT(*) SI_UNIT(.MILLI.,.METRE.) );
#3270 = ( NAMED_UNIT(*) PLANE_ANGLE_UNIT() SI_UNIT($,.RADIAN.) );
#3271 = ( NAMED_UNIT(*) SI_UNIT($,.STERADIAN.) SOLID_ANGLE_UNIT() );
#3272 = UNCERTAINTY_MEASURE_WITH_UNIT(LENGTH_MEASURE(5.E-04),#3269,
  'distance_accuracy_value','confusion accuracy');
#3273 = PRODUCT_RELATED_PRODUCT_CATEGORY('part',$,(#7));
#3274 = MECHANICAL_DESIGN_GEOMETRIC_PRESENTATION_REPRESENTATION('',(
    #3275),#3268);
#3275 = STYLED_ITEM('color',(#3276),#15);
#3276 = PRESENTATION_STYLE_ASSIGNMENT((#3277,#3283));
#3277 = SURFACE_STYLE_USAGE(.BOTH.,#3278);
#3278 = SURFACE_SIDE_STYLE('',(#3279));
#3279 = SURFACE_STYLE_FILL_AREA(#3280);
#3280 = FILL_AREA_STYLE('',(#3281));
#3281 = FILL_AREA_STYLE_COLOUR('',#3282);
#3282 = COLOUR_RGB('',0.447058818107,0.474509808674,0.501960817233);
#3283 = CURVE_STYLE('',#3284,POSITIVE_LENGTH_MEASURE(0.1),#3285);
#3284 = DRAUGHTING_PRE_DEFINED_CURVE_FONT('continuous');
#3285 = COLOUR_RGB('',9.803921802644E-02,9.803921802644E-02,
  9.803921802644E-02);
ENDSEC;
END-ISO-10303-21;
