ISO-10303-21;
HEADER;
FILE_DESCRIPTION(('FreeCAD Model'),'2;1');
FILE_NAME('Open CASCADE Shape Model','2026-09-03T16:28:38',('Author'),(
    ''),'Open CASCADE STEP processor 7.8','FreeCAD','Unknown');
FILE_SCHEMA(('AUTOMOTIVE_DESIGN { 1 0 10303 214 1 1 1 1 }'));
ENDSEC;
DATA;
#1 = APPLICATION_PROTOCOL_DEFINITION('international standard',
  'automotive_design',2000,#2);
#2 = APPLICATION_CONTEXT(
  'core data for automotive mechanical design processes');
#3 = SHAPE_DEFINITION_REPRESENTATION(#4,#10);
#4 = PRODUCT_DEFINITION_SHAPE('','',#5);
#5 = PRODUCT_DEFINITION('design','',#6,#9);
#6 = PRODUCT_DEFINITION_FORMATION('','',#7);
#7 = PRODUCT('SaadiHt','SaadiHt','',(#8));
#8 = PRODUCT_CONTEXT('',#2,'mechanical');
#9 = PRODUCT_DEFINITION_CONTEXT('part definition',#2,'design');
#10 = ADVANCED_BREP_SHAPE_REPRESENTATION('',(#11,#15),#3713);
#11 = AXIS2_PLACEMENT_3D('',#12,#13,#14);
#12 = CARTESIAN_POINT('',(0.,0.,0.));
#13 = DIRECTION('',(0.,0.,1.));
#14 = DIRECTION('',(1.,0.,-0.));
#15 = MANIFOLD_SOLID_BREP('',#16);
#16 = CLOSED_SHELL('',(#17,#571,#1098,#1119,#1135,#1152,#1180,#1197,
    #1209,#1413,#1445,#1488,#1535,#1560,#1636,#1661,#1701,#1761,#1786,
    #1854,#1879,#1934,#1975,#1993,#2025,#2072,#2115,#2191,#2216,#2241,
    #2281,#2485,#2517,#2542,#2583,#2636,#2661,#2716,#2777,#2802,#2833,
    #2849,#2866,#2882,#2899,#2928,#2937,#2978,#2996,#3017,#3026,#3051,
    #3080,#3121,#3139,#3160,#3169,#3194,#3223,#3273,#3291,#3367,#3376,
    #3418,#3443,#3478,#3506,#3532,#3558,#3583,#3609,#3629,#3655,#3679,
    #3704));
#17 = ADVANCED_FACE('',(#18,#122,#208,#386),#566,.T.);
#18 = FACE_BOUND('',#19,.F.);
#19 = EDGE_LOOP('',(#20,#30,#39,#48,#70,#79,#98,#107,#115));
#20 = ORIENTED_EDGE('',*,*,#21,.F.);
#21 = EDGE_CURVE('',#22,#24,#26,.T.);
#22 = VERTEX_POINT('',#23);
#23 = CARTESIAN_POINT('',(40.,0.,0.));
#24 = VERTEX_POINT('',#25);
#25 = CARTESIAN_POINT('',(39.999988502675,-3.032798260678E-02,
    52.841934443504));
#26 = LINE('',#27,#28);
#27 = CARTESIAN_POINT('',(40.,0.,0.));
#28 = VECTOR('',#29,1.);
#29 = DIRECTION('',(0.,0.,1.));
#30 = ORIENTED_EDGE('',*,*,#31,.F.);
#31 = EDGE_CURVE('',#32,#22,#34,.T.);
#32 = VERTEX_POINT('',#33);
#33 = CARTESIAN_POINT('',(40.,-6.0656E-02,0.));
#34 = CIRCLE('',#35,40.);
#35 = AXIS2_PLACEMENT_3D('',#36,#37,#38);
#36 = CARTESIAN_POINT('',(0.,0.,0.));
#37 = DIRECTION('',(0.,0.,1.));
#38 = DIRECTION('',(1.,0.,0.));
#39 = ORIENTED_EDGE('',*,*,#40,.F.);
#40 = EDGE_CURVE('',#41,#32,#43,.T.);
#41 = VERTEX_POINT('',#42);
#42 = CARTESIAN_POINT('',(31.890305272193,-24.1455674948,6.E-15));
#43 = CIRCLE('',#44,40.);
#44 = AXIS2_PLACEMENT_3D('',#45,#46,#47);
#45 = CARTESIAN_POINT('',(0.,0.,0.));
#46 = DIRECTION('',(0.,0.,1.));
#47 = DIRECTION('',(1.,0.,0.));
#48 = ORIENTED_EDGE('',*,*,#49,.F.);
#49 = EDGE_CURVE('',#50,#41,#52,.T.);
#50 = VERTEX_POINT('',#51);
#51 = CARTESIAN_POINT('',(16.,-36.66060555964,6.));
#52 = B_SPLINE_CURVE_WITH_KNOTS('',6,(#53,#54,#55,#56,#57,#58,#59,#60,
    #61,#62,#63,#64,#65,#66,#67,#68,#69),.UNSPECIFIED.,.F.,.F.,(7,5,5,7)
  ,(0.,0.324778790157,0.65342622851,1.),.UNSPECIFIED.);
#53 = CARTESIAN_POINT('',(16.,-36.66060555964,6.));
#54 = CARTESIAN_POINT('',(17.178568926587,-36.14623591033,5.91259678876)
  );
#55 = CARTESIAN_POINT('',(18.314890341394,-35.59617770138,5.772306799076
    ));
#56 = CARTESIAN_POINT('',(19.407603059038,-35.01488413371,5.586024226395
    ));
#57 = CARTESIAN_POINT('',(20.455939794253,-34.4067706242,5.360044119655)
  );
#58 = CARTESIAN_POINT('',(21.459580861781,-33.77613388767,5.100194559867
    ));
#59 = CARTESIAN_POINT('',(23.388970825746,-32.47043282923,4.520144132476
    ));
#60 = CARTESIAN_POINT('',(24.31493270583,-31.79405988826,4.198875927701)
  );
#61 = CARTESIAN_POINT('',(25.198089898037,-31.10102717484,3.852992797705
    ));
#62 = CARTESIAN_POINT('',(26.040352745861,-30.39369885903,3.486545222146
    ));
#63 = CARTESIAN_POINT('',(26.843786763036,-29.6737922197,3.102841828195)
  );
#64 = CARTESIAN_POINT('',(28.419028887083,-28.17103941735,2.284570039196
    ));
#65 = CARTESIAN_POINT('',(29.18684915424,-27.38678080483,1.848302353924)
  );
#66 = CARTESIAN_POINT('',(29.915923293092,-26.59128046508,1.399152337777
    ));
#67 = CARTESIAN_POINT('',(30.608246260961,-25.7856499862,0.939903531014)
  );
#68 = CARTESIAN_POINT('',(31.265766736648,-24.97042798139,0.472859742379
    ));
#69 = CARTESIAN_POINT('',(31.890305272193,-24.1455674948,1.421E-14));
#70 = ORIENTED_EDGE('',*,*,#71,.T.);
#71 = EDGE_CURVE('',#50,#72,#74,.T.);
#72 = VERTEX_POINT('',#73);
#73 = CARTESIAN_POINT('',(-16.,-36.66060555964,6.));
#74 = CIRCLE('',#75,40.);
#75 = AXIS2_PLACEMENT_3D('',#76,#77,#78);
#76 = CARTESIAN_POINT('',(0.,0.,6.));
#77 = DIRECTION('',(0.,0.,-1.));
#78 = DIRECTION('',(1.,0.,0.));
#79 = ORIENTED_EDGE('',*,*,#80,.F.);
#80 = EDGE_CURVE('',#81,#72,#83,.T.);
#81 = VERTEX_POINT('',#82);
#82 = CARTESIAN_POINT('',(-31.89030527219,-24.1455674948,6.E-15));
#83 = B_SPLINE_CURVE_WITH_KNOTS('',7,(#84,#85,#86,#87,#88,#89,#90,#91,
    #92,#93,#94,#95,#96,#97),.UNSPECIFIED.,.F.,.F.,(8,6,8),(0.,
    0.676691341715,1.),.UNSPECIFIED.);
#84 = CARTESIAN_POINT('',(-31.89030527219,-24.1455674948,1.421E-14));
#85 = CARTESIAN_POINT('',(-30.84400787498,-25.52746681896,0.79218797486)
  );
#86 = CARTESIAN_POINT('',(-29.70959100487,-26.88058475802,1.56708379802)
  );
#87 = CARTESIAN_POINT('',(-28.47817039113,-28.20753123407,2.317629106826
    ));
#88 = CARTESIAN_POINT('',(-27.13996742611,-29.50613782729,3.034234015234
    ));
#89 = CARTESIAN_POINT('',(-25.68510537879,-30.77002348151,3.703380627312
    ));
#90 = CARTESIAN_POINT('',(-24.10436394829,-31.98839780074,4.306882455507
    ));
#91 = CARTESIAN_POINT('',(-21.57156465194,-33.69931954252,5.065639158036
    ));
#92 = CARTESIAN_POINT('',(-20.7210793235,-34.23945587312,5.29075575851)
  );
#93 = CARTESIAN_POINT('',(-19.83897399023,-34.76421233535,5.492620929566
    ));
#94 = CARTESIAN_POINT('',(-18.92538890485,-35.27117937426,5.668005312381
    ));
#95 = CARTESIAN_POINT('',(-17.98064015955,-35.75789918406,5.813491755556
    ));
#96 = CARTESIAN_POINT('',(-17.0052525021,-36.22187739931,5.925450014158)
  );
#97 = CARTESIAN_POINT('',(-16.,-36.66060555964,6.));
#98 = ORIENTED_EDGE('',*,*,#99,.F.);
#99 = EDGE_CURVE('',#100,#81,#102,.T.);
#100 = VERTEX_POINT('',#101);
#101 = CARTESIAN_POINT('',(-39.99998850265,-3.03280000079E-02,0.));
#102 = CIRCLE('',#103,40.);
#103 = AXIS2_PLACEMENT_3D('',#104,#105,#106);
#104 = CARTESIAN_POINT('',(0.,0.,0.));
#105 = DIRECTION('',(0.,0.,1.));
#106 = DIRECTION('',(1.,0.,0.));
#107 = ORIENTED_EDGE('',*,*,#108,.F.);
#108 = EDGE_CURVE('',#109,#100,#111,.T.);
#109 = VERTEX_POINT('',#110);
#110 = CARTESIAN_POINT('',(-39.99998850265,-3.032799999986E-02,
    52.841934443504));
#111 = LINE('',#112,#113);
#112 = CARTESIAN_POINT('',(-39.99998850265,-3.0328E-02,0.));
#113 = VECTOR('',#114,1.);
#114 = DIRECTION('',(-0.,-0.,-1.));
#115 = ORIENTED_EDGE('',*,*,#116,.F.);
#116 = EDGE_CURVE('',#24,#109,#117,.T.);
#117 = CIRCLE('',#118,40.);
#118 = AXIS2_PLACEMENT_3D('',#119,#120,#121);
#119 = CARTESIAN_POINT('',(0.,0.,52.841934443504));
#120 = DIRECTION('',(0.,0.,-1.));
#121 = DIRECTION('',(1.,0.,0.));
#122 = FACE_BOUND('',#123,.F.);
#123 = EDGE_LOOP('',(#124));
#124 = ORIENTED_EDGE('',*,*,#125,.T.);
#125 = EDGE_CURVE('',#126,#126,#128,.T.);
#126 = VERTEX_POINT('',#127);
#127 = CARTESIAN_POINT('',(12.5,-37.99671038392,31.841934443504));
#128 = B_SPLINE_CURVE_WITH_KNOTS('',8,(#129,#130,#131,#132,#133,#134,
    #135,#136,#137,#138,#139,#140,#141,#142,#143,#144,#145,#146,#147,
    #148,#149,#150,#151,#152,#153,#154,#155,#156,#157,#158,#159,#160,
    #161,#162,#163,#164,#165,#166,#167,#168,#169,#170,#171,#172,#173,
    #174,#175,#176,#177,#178,#179,#180,#181,#182,#183,#184,#185,#186,
    #187,#188,#189,#190,#191,#192,#193,#194,#195,#196,#197,#198,#199,
    #200,#201,#202,#203,#204,#205,#206,#207),.UNSPECIFIED.,.T.,.F.,(9,7,
    7,7,7,7,7,7,7,7,7,9),(0.,0.119281164552,0.207584820177,
    0.292691389089,0.380995044735,0.500275692733,0.592807032003,
    0.682601831082,0.751752882314,0.817989204811,0.880994647028,1.),
  .UNSPECIFIED.);
#129 = CARTESIAN_POINT('',(12.5,-37.99671038392,31.841934443504));
#130 = CARTESIAN_POINT('',(12.5,-37.99671038392,32.85670605824));
#131 = CARTESIAN_POINT('',(12.405850282101,-38.02768338754,
    33.870121673246));
#132 = CARTESIAN_POINT('',(12.217991928096,-38.0894841138,
    34.876976200209));
#133 = CARTESIAN_POINT('',(11.93559505939,-38.18093852607,
    35.871909632202));
#134 = CARTESIAN_POINT('',(11.556773243059,-38.29980331065,
    36.848841920665));
#135 = CARTESIAN_POINT('',(11.078707255661,-38.44260795011,
    37.800508477491));
#136 = CARTESIAN_POINT('',(10.497800993242,-38.60439781547,
    38.717824717361));
#137 = CARTESIAN_POINT('',(9.300808650642,-38.90720779943,
    40.233595629772));
#138 = CARTESIAN_POINT('',(8.731134049873,-39.04319143957,
    40.855402620494));
#139 = CARTESIAN_POINT('',(8.099081572278,-39.18355365064,
    41.448360399027));
#140 = CARTESIAN_POINT('',(7.403050385401,-39.3247889657,42.005561648147
    ));
#141 = CARTESIAN_POINT('',(6.641884147161,-39.46264517623,
    42.518966423378));
#142 = CARTESIAN_POINT('',(5.81511006145,-39.59209974796,42.979252782948
    ));
#143 = CARTESIAN_POINT('',(4.92328925426,-39.70745383818,43.375581390112
    ));
#144 = CARTESIAN_POINT('',(3.048297365695,-39.89439924083,
    44.003332035388));
#145 = CARTESIAN_POINT('',(2.067527198711,-39.96763092329,
    44.240899395799));
#146 = CARTESIAN_POINT('',(1.044605135432,-40.01508019208,
    44.390307879136));
#147 = CARTESIAN_POINT('',(-6.59028E-12,-40.03154284648,44.441236696704)
  );
#148 = CARTESIAN_POINT('',(-1.044605135423,-40.01508019208,
    44.390307879136));
#149 = CARTESIAN_POINT('',(-2.067527198713,-39.96763092329,
    44.240899395799));
#150 = CARTESIAN_POINT('',(-3.048297365696,-39.89439924083,
    44.003332035388));
#151 = CARTESIAN_POINT('',(-4.923289254477,-39.70745383815,
    43.375581390039));
#152 = CARTESIAN_POINT('',(-5.815110061529,-39.59209974794,
    42.979252782877));
#153 = CARTESIAN_POINT('',(-6.641884147059,-39.46264517624,
    42.518966423402));
#154 = CARTESIAN_POINT('',(-7.403050385227,-39.32478896574,
    42.00556164827));
#155 = CARTESIAN_POINT('',(-8.099081572188,-39.18355365066,
    41.448360399142));
#156 = CARTESIAN_POINT('',(-8.731134049945,-39.04319143956,
    40.855402620461));
#157 = CARTESIAN_POINT('',(-9.300808650786,-38.90720779939,
    40.23359562959));
#158 = CARTESIAN_POINT('',(-10.49779801429,-38.60439856907,
    38.717828489647));
#159 = CARTESIAN_POINT('',(-11.07870673363,-38.4426082061,
    37.800510700563));
#160 = CARTESIAN_POINT('',(-11.55677461053,-38.29980292436,
    36.848840558776));
#161 = CARTESIAN_POINT('',(-11.93559687491,-38.18093792924,
    35.871905325205));
#162 = CARTESIAN_POINT('',(-12.21799314862,-38.08948372199,
    34.876970879252));
#163 = CARTESIAN_POINT('',(-12.40585059022,-38.02768328273,
    33.870117450763));
#164 = CARTESIAN_POINT('',(-12.5,-37.99671038392,32.856704381723));
#165 = CARTESIAN_POINT('',(-12.5,-37.99671038392,31.05473196758));
#166 = CARTESIAN_POINT('',(-12.44334311107,-38.01534923728,
    30.267909275352));
#167 = CARTESIAN_POINT('',(-12.33012338409,-38.05259548543,
    29.484087566037));
#168 = CARTESIAN_POINT('',(-12.16005895445,-38.10801857514,
    28.705947627465));
#169 = CARTESIAN_POINT('',(-11.9325234662,-38.18077941477,
    27.936341205832));
#170 = CARTESIAN_POINT('',(-11.64657579004,-38.26960243181,
    27.17843003621));
#171 = CARTESIAN_POINT('',(-11.30098803498,-38.37272913185,
    26.435852533813));
#172 = CARTESIAN_POINT('',(-10.49958397772,-38.59957248496,
    25.01136396326));
#173 = CARTESIAN_POINT('',(-10.04721134964,-38.72262347758,
    24.328097005895));
#174 = CARTESIAN_POINT('',(-9.535336529104,-38.85502361333,
    23.666378396482));
#175 = CARTESIAN_POINT('',(-8.961783643872,-38.99430354544,
    23.030517915198));
#176 = CARTESIAN_POINT('',(-8.324209739609,-39.137378882,22.426048954982
    ));
#177 = CARTESIAN_POINT('',(-7.620352713206,-39.28038511702,
    21.85995842719));
#178 = CARTESIAN_POINT('',(-6.848366219333,-39.418569785,21.340992661134
    ));
#179 = CARTESIAN_POINT('',(-5.359544518993,-39.64472871018,
    20.525095968637));
#180 = CARTESIAN_POINT('',(-4.665207235574,-39.73779719027,
    20.201466050283));
#181 = CARTESIAN_POINT('',(-3.929219713754,-39.82178800986,
    19.918848715614));
#182 = CARTESIAN_POINT('',(-3.157583942005,-39.89305466697,
    19.685214170694));
#183 = CARTESIAN_POINT('',(-2.357173699474,-39.94840937065,
    19.506882434702));
#184 = CARTESIAN_POINT('',(-1.535533934724,-39.98543193994,
    19.388561525893));
#185 = CARTESIAN_POINT('',(-0.700657655351,-40.00268160784,
    19.333352796151));
#186 = CARTESIAN_POINT('',(0.943759539914,-39.99695685892,
    19.351673018524));
#187 = CARTESIAN_POINT('',(1.741028254906,-39.97568855151,
    19.419741684824));
#188 = CARTESIAN_POINT('',(2.524073415045,-39.93655463387,
    19.545144888696));
#189 = CARTESIAN_POINT('',(3.286141670394,-39.88099892844,
    19.724814795709));
#190 = CARTESIAN_POINT('',(4.020888211286,-39.81123742374,
    19.954413115529));
#191 = CARTESIAN_POINT('',(4.72254367117,-39.73008257184,20.228324996601
    ));
#192 = CARTESIAN_POINT('',(5.386065939594,-39.64069998332,
    20.539630106166));
#193 = CARTESIAN_POINT('',(6.598176707455,-39.45657473286,21.20388504429
    ));
#194 = CARTESIAN_POINT('',(7.15510846772,-39.36165049282,21.556427493574
    ));
#195 = CARTESIAN_POINT('',(7.678336745325,-39.26350676747,
    21.933906592189));
#196 = CARTESIAN_POINT('',(8.168346888134,-39.16388720551,
    22.333039491208));
#197 = CARTESIAN_POINT('',(8.625776369965,-39.064326735,22.750989615636)
  );
#198 = CARTESIAN_POINT('',(9.051354396241,-38.96615573558,
    23.185317568522));
#199 = CARTESIAN_POINT('',(9.445844812536,-38.87051717385,
    23.633934912889));
#200 = CARTESIAN_POINT('',(10.497798014292,-38.60439856907,
    24.966040397353));
#201 = CARTESIAN_POINT('',(11.078706733648,-38.4426082061,
    25.883358186456));
#202 = CARTESIAN_POINT('',(11.556774610533,-38.29980292436,
    26.835028328235));
#203 = CARTESIAN_POINT('',(11.935596874905,-38.18093792924,
    27.811963561788));
#204 = CARTESIAN_POINT('',(12.217993148634,-38.08948372199,
    28.806898007752));
#205 = CARTESIAN_POINT('',(12.40585059022,-38.02768328273,
    29.813751436263));
#206 = CARTESIAN_POINT('',(12.5,-37.99671038392,30.827164505275));
#207 = CARTESIAN_POINT('',(12.5,-37.99671038392,31.841934443504));
#208 = FACE_BOUND('',#209,.F.);
#209 = EDGE_LOOP('',(#210,#221,#248,#257,#266,#303,#325,#357));
#210 = ORIENTED_EDGE('',*,*,#211,.F.);
#211 = EDGE_CURVE('',#212,#214,#216,.T.);
#212 = VERTEX_POINT('',#213);
#213 = CARTESIAN_POINT('',(12.395133131352,-38.03104882403,
    13.452693495815));
#214 = VERTEX_POINT('',#215);
#215 = CARTESIAN_POINT('',(6.397251,-39.4851260558,13.452693495815));
#216 = CIRCLE('',#217,40.);
#217 = AXIS2_PLACEMENT_3D('',#218,#219,#220);
#218 = CARTESIAN_POINT('',(0.,0.,13.452693495815));
#219 = DIRECTION('',(0.,0.,-1.));
#220 = DIRECTION('',(1.,0.,0.));
#221 = ORIENTED_EDGE('',*,*,#222,.T.);
#222 = EDGE_CURVE('',#212,#223,#225,.T.);
#223 = VERTEX_POINT('',#224);
#224 = CARTESIAN_POINT('',(21.561612051977,-33.69119893562,
    21.18919686565));
#225 = B_SPLINE_CURVE_WITH_KNOTS('',6,(#226,#227,#228,#229,#230,#231,
    #232,#233,#234,#235,#236,#237,#238,#239,#240,#241,#242,#243,#244,
    #245,#246,#247),.UNSPECIFIED.,.F.,.F.,(7,5,5,5,7),(0.,0.222384831976
    ,0.456282607431,0.760942506015,1.),.UNSPECIFIED.);
#226 = CARTESIAN_POINT('',(12.395133131352,-38.03104882403,
    13.452693495815));
#227 = CARTESIAN_POINT('',(12.952654036049,-37.84934082357,
    13.484963767466));
#228 = CARTESIAN_POINT('',(13.499544094335,-37.66024820957,
    13.554105762932));
#229 = CARTESIAN_POINT('',(14.032561230115,-37.46536990398,
    13.657797250674));
#230 = CARTESIAN_POINT('',(14.54877677338,-37.26661216307,
    13.793328819048));
#231 = CARTESIAN_POINT('',(15.045637050297,-37.06608725094,
    13.957607502388));
#232 = CARTESIAN_POINT('',(16.020963612174,-36.65546343983,
    14.346496744193));
#233 = CARTESIAN_POINT('',(16.497992618282,-36.44504989908,
    14.574127839811));
#234 = CARTESIAN_POINT('',(16.951464634458,-36.2363774955,
    14.826968249501));
#235 = CARTESIAN_POINT('',(17.381067333598,-36.03101485352,
    15.102344418852));
#236 = CARTESIAN_POINT('',(17.786676520572,-35.83040053178,
    15.397924810274));
#237 = CARTESIAN_POINT('',(18.665311736982,-35.38244482623,
    16.120345683919));
#238 = CARTESIAN_POINT('',(19.122034627874,-35.13911160355,
    16.56019257762));
#239 = CARTESIAN_POINT('',(19.538435484169,-34.90870789588,
    17.02696142462));
#240 = CARTESIAN_POINT('',(19.914659705031,-34.69380909879,
    17.517233542088));
#241 = CARTESIAN_POINT('',(20.250779379881,-34.49673637054,
    18.028223024995));
#242 = CARTESIAN_POINT('',(20.778744597287,-34.1806520086,
    18.972955145792));
#243 = CARTESIAN_POINT('',(20.986050960301,-34.0539812979,
    19.399600266044));
#244 = CARTESIAN_POINT('',(21.168228058353,-33.94077646488,
    19.835980191185));
#245 = CARTESIAN_POINT('',(21.325026987848,-33.84205021576,
    20.280627584795));
#246 = CARTESIAN_POINT('',(21.456227570386,-33.7586426414,
    20.732143750139));
#247 = CARTESIAN_POINT('',(21.561612051977,-33.69119893562,
    21.18919686565));
#248 = ORIENTED_EDGE('',*,*,#249,.F.);
#249 = EDGE_CURVE('',#250,#223,#252,.T.);
#250 = VERTEX_POINT('',#251);
#251 = CARTESIAN_POINT('',(30.708993,-25.631187037,49.341934732543));
#252 = ELLIPSE('',#253,129.44269462492,40.);
#253 = AXIS2_PLACEMENT_3D('',#254,#255,#256);
#254 = CARTESIAN_POINT('',(0.,0.,-45.17060770969));
#255 = DIRECTION('',(0.95105649731,0.,-0.309017052804));
#256 = DIRECTION('',(-0.309017052804,0.,-0.95105649731));
#257 = ORIENTED_EDGE('',*,*,#258,.T.);
#258 = EDGE_CURVE('',#250,#259,#261,.T.);
#259 = VERTEX_POINT('',#260);
#260 = CARTESIAN_POINT('',(12.121698,-38.11908232889,49.341934732543));
#261 = CIRCLE('',#262,40.);
#262 = AXIS2_PLACEMENT_3D('',#263,#264,#265);
#263 = CARTESIAN_POINT('',(0.,0.,49.341934732543));
#264 = DIRECTION('',(0.,0.,-1.));
#265 = DIRECTION('',(1.,0.,0.));
#266 = ORIENTED_EDGE('',*,*,#267,.T.);
#267 = EDGE_CURVE('',#259,#268,#270,.T.);
#268 = VERTEX_POINT('',#269);
#269 = CARTESIAN_POINT('',(11.031514026102,-38.44874117954,
    45.547326927422));
#270 = B_SPLINE_CURVE_WITH_KNOTS('',7,(#271,#272,#273,#274,#275,#276,
    #277,#278,#279,#280,#281,#282,#283,#284,#285,#286,#287,#288,#289,
    #290,#291,#292,#293,#294,#295,#296,#297,#298,#299,#300,#301,#302),
  .UNSPECIFIED.,.F.,.F.,(8,6,6,6,6,8),(0.,0.251692686993,0.414219928677,
    0.587587778614,0.875086542902,1.),.UNSPECIFIED.);
#271 = CARTESIAN_POINT('',(12.121698,-38.11908232889,49.341934732543));
#272 = CARTESIAN_POINT('',(11.892126421139,-38.19208506605,
    49.369269280415));
#273 = CARTESIAN_POINT('',(11.657827006938,-38.26481498039,
    49.365767073005));
#274 = CARTESIAN_POINT('',(11.425543619824,-38.33501107114,
    49.330113386451));
#275 = CARTESIAN_POINT('',(11.202203190534,-38.40066061443,
    49.263461980478));
#276 = CARTESIAN_POINT('',(10.994150029561,-38.46029655406,
    49.169252783615));
#277 = CARTESIAN_POINT('',(10.806404498092,-38.51299424742,
    49.053079822489));
#278 = CARTESIAN_POINT('',(10.53576191493,-38.58769047994,
    48.838294402577));
#279 = CARTESIAN_POINT('',(10.438314670239,-38.61421831581,
    48.747272134711));
#280 = CARTESIAN_POINT('',(10.349706799171,-38.63804939417,
    48.650542307224));
#281 = CARTESIAN_POINT('',(10.269961771769,-38.65927477556,
    48.549036734357));
#282 = CARTESIAN_POINT('',(10.199047568795,-38.67798582193,
    48.443597306833));
#283 = CARTESIAN_POINT('',(10.13689097187,-38.69426957539,
    48.334991803681));
#284 = CARTESIAN_POINT('',(10.026321251454,-38.72307270936,
    48.105455758642));
#285 = CARTESIAN_POINT('',(9.979053179408,-38.7352811805,47.98408660758)
  );
#286 = CARTESIAN_POINT('',(9.941424587802,-38.74493851992,
    47.860530139591));
#287 = CARTESIAN_POINT('',(9.913302259014,-38.752126023,47.735403183614)
  );
#288 = CARTESIAN_POINT('',(9.894589279216,-38.75689878007,
    47.609257676968));
#289 = CARTESIAN_POINT('',(9.885233,-38.75928493323,47.482608757153));
#290 = CARTESIAN_POINT('',(9.885233,-38.75928493323,47.145943863538));
#291 = CARTESIAN_POINT('',(9.910962178612,-38.75272290527,
    46.935814404029));
#292 = CARTESIAN_POINT('',(9.96247265852,-38.73958566609,46.727890655825
    ));
#293 = CARTESIAN_POINT('',(10.040184137265,-38.71965118606,
    46.524658672967));
#294 = CARTESIAN_POINT('',(10.144749495021,-38.69252339255,
    46.329035887728));
#295 = CARTESIAN_POINT('',(10.276893470537,-38.65763856271,
    46.144672135581));
#296 = CARTESIAN_POINT('',(10.506779693231,-38.59550210693,
    45.90335938472));
#297 = CARTESIAN_POINT('',(10.581755073459,-38.57507960188,
    45.833275509799));
#298 = CARTESIAN_POINT('',(10.661980740071,-38.55303719772,
    45.766762576595));
#299 = CARTESIAN_POINT('',(10.74730397729,-38.52936821192,
    45.704374323195));
#300 = CARTESIAN_POINT('',(10.837516920314,-38.50407889984,
    45.646653318328));
#301 = CARTESIAN_POINT('',(10.932358106425,-38.47719048335,
    45.594130868881));
#302 = CARTESIAN_POINT('',(11.031514026104,-38.44874117954,
    45.547326927426));
#303 = ORIENTED_EDGE('',*,*,#304,.F.);
#304 = EDGE_CURVE('',#305,#268,#307,.T.);
#305 = VERTEX_POINT('',#306);
#306 = CARTESIAN_POINT('',(17.59352335542,-35.92308360848,
    31.841935201909));
#307 = B_SPLINE_CURVE_WITH_KNOTS('',6,(#308,#309,#310,#311,#312,#313,
    #314,#315,#316,#317,#318,#319,#320,#321,#322,#323,#324),
  .UNSPECIFIED.,.F.,.F.,(7,5,5,7),(0.,0.37664049742,0.857503948265,1.),
  .UNSPECIFIED.);
#308 = CARTESIAN_POINT('',(17.59352335542,-35.92308360848,
    31.841935201909));
#309 = CARTESIAN_POINT('',(17.59352335542,-35.92308360848,32.78672702406
    ));
#310 = CARTESIAN_POINT('',(17.532639754938,-35.95290167295,
    33.731238942975));
#311 = CARTESIAN_POINT('',(17.410939858665,-36.01250487368,
    34.672116458785));
#312 = CARTESIAN_POINT('',(17.228353369628,-36.10096804239,
    35.605974090788));
#313 = CARTESIAN_POINT('',(16.984700494169,-36.21646704141,
    36.529248250573));
#314 = CARTESIAN_POINT('',(16.290516065372,-36.53494930262,
    38.598335749251));
#315 = CARTESIAN_POINT('',(15.801719301101,-36.75314864569,
    39.734066375212));
#316 = CARTESIAN_POINT('',(15.212265807651,-37.00579895333,
    40.840381933817));
#317 = CARTESIAN_POINT('',(14.519315565737,-37.28628685238,
    41.91090420479));
#318 = CARTESIAN_POINT('',(13.718796193152,-37.58620172337,
    42.936889019324));
#319 = CARTESIAN_POINT('',(12.535777603054,-37.98599432337,
    44.19272014654));
#320 = CARTESIAN_POINT('',(12.255423291888,-38.07815768735,
    44.474857515023));
#321 = CARTESIAN_POINT('',(11.964982800284,-38.17082212724,
    44.751756754201));
#322 = CARTESIAN_POINT('',(11.664293392361,-38.26369200383,
    45.023071059237));
#323 = CARTESIAN_POINT('',(11.353191809854,-38.35644705301,
    45.288407441246));
#324 = CARTESIAN_POINT('',(11.0315140261,-38.44874117954,45.547326927419
    ));
#325 = ORIENTED_EDGE('',*,*,#326,.F.);
#326 = EDGE_CURVE('',#327,#305,#329,.T.);
#327 = VERTEX_POINT('',#328);
#328 = CARTESIAN_POINT('',(6.397251,-39.4851260558,15.452693495816));
#329 = B_SPLINE_CURVE_WITH_KNOTS('',6,(#330,#331,#332,#333,#334,#335,
    #336,#337,#338,#339,#340,#341,#342,#343,#344,#345,#346,#347,#348,
    #349,#350,#351,#352,#353,#354,#355,#356),.UNSPECIFIED.,.F.,.F.,(7,5,
    5,5,5,7),(0.,0.15968261407,0.28233112018,0.379988115771,
    0.709530909911,1.),.UNSPECIFIED.);
#330 = CARTESIAN_POINT('',(6.397251,-39.4851260558,15.452693495817));
#331 = CARTESIAN_POINT('',(7.024432403428,-39.38351217582,
    15.697502678097));
#332 = CARTESIAN_POINT('',(7.629134987849,-39.27327162557,
    15.966726743358));
#333 = CARTESIAN_POINT('',(8.210957783111,-39.15597737658,
    16.257979849768));
#334 = CARTESIAN_POINT('',(8.769667778279,-39.03314490486,16.5690358801)
  );
#335 = CARTESIAN_POINT('',(9.305174192184,-38.90620823298,
    16.897806973753));
#336 = CARTESIAN_POINT('',(10.211010402155,-38.67686699794,
    17.50693609175));
#337 = CARTESIAN_POINT('',(10.591008254417,-38.57555927338,
    17.780948114216));
#338 = CARTESIAN_POINT('',(10.957691303443,-38.47312090525,
    18.063618190971));
#339 = CARTESIAN_POINT('',(11.311264997282,-38.37005712628,
    18.354284194507));
#340 = CARTESIAN_POINT('',(11.651945236553,-38.26683115757,
    18.65236190886));
#341 = CARTESIAN_POINT('',(12.241133827496,-38.08187990106,
    19.200183357657));
#342 = CARTESIAN_POINT('',(12.494284259753,-38.00005783635,
    19.447405068593));
#343 = CARTESIAN_POINT('',(12.739521931772,-37.91861183849,
    19.69875468381));
#344 = CARTESIAN_POINT('',(12.976956150966,-37.83774154144,
    19.954001441209));
#345 = CARTESIAN_POINT('',(13.206693278815,-37.75763325163,
    20.212939399072));
#346 = CARTESIAN_POINT('',(14.17845813225,-37.41129023295,
    21.361016354925));
#347 = CARTESIAN_POINT('',(14.842154264005,-37.15457475994,
    22.287258570655));
#348 = CARTESIAN_POINT('',(15.422783111118,-36.91532163599,
    23.246239917236));
#349 = CARTESIAN_POINT('',(15.922799851733,-36.69913255987,
    24.232122689609));
#350 = CARTESIAN_POINT('',(16.343986732302,-36.51050058768,
    25.240486840833));
#351 = CARTESIAN_POINT('',(16.989581891943,-36.21415277634,
    27.173159550481));
#352 = CARTESIAN_POINT('',(17.231279647594,-36.09955021082,
    28.092894100689));
#353 = CARTESIAN_POINT('',(17.412403050302,-36.01178826696,
    29.023087356698));
#354 = CARTESIAN_POINT('',(17.533128014491,-35.95266254547,
    29.960218038748));
#355 = CARTESIAN_POINT('',(17.59352335542,-35.92308360848,
    30.900939418315));
#356 = CARTESIAN_POINT('',(17.59352335542,-35.92308360848,
    31.841935201909));
#357 = ORIENTED_EDGE('',*,*,#358,.T.);
#358 = EDGE_CURVE('',#327,#214,#359,.T.);
#359 = B_SPLINE_CURVE_WITH_KNOTS('',7,(#360,#361,#362,#363,#364,#365,
    #366,#367,#368,#369,#370,#371,#372,#373,#374,#375,#376,#377,#378,
    #379,#380,#381,#382,#383,#384,#385),.UNSPECIFIED.,.F.,.F.,(8,6,6,6,8
    ),(0.,0.194580801424,0.5,0.805419198577,1.),.UNSPECIFIED.);
#360 = CARTESIAN_POINT('',(6.397251,-39.4851260558,15.452693495815));
#361 = CARTESIAN_POINT('',(6.299966171952,-39.5008878255,15.452693495815
    ));
#362 = CARTESIAN_POINT('',(6.203169536392,-39.51628358092,15.44165156821
    ));
#363 = CARTESIAN_POINT('',(6.108646162509,-39.53102943024,
    15.419768328708));
#364 = CARTESIAN_POINT('',(6.018110662536,-39.5448855379,15.387686308669
    ));
#365 = CARTESIAN_POINT('',(5.933107836374,-39.55766640615,
    15.346468894711));
#366 = CARTESIAN_POINT('',(5.85490042124,-39.56924595692,15.297577720137
    ));
#367 = CARTESIAN_POINT('',(5.673596627708,-39.59574255186,
    15.156944082219));
#368 = CARTESIAN_POINT('',(5.581008647384,-39.60890452683,
    15.056120743176));
#369 = CARTESIAN_POINT('',(5.507143570647,-39.61917973787,
    14.944689219731));
#370 = CARTESIAN_POINT('',(5.452015496759,-39.62674081342,
    14.825985003577));
#371 = CARTESIAN_POINT('',(5.415461516673,-39.6317185215,14.702817668857
    ));
#372 = CARTESIAN_POINT('',(5.397251,-39.63419838527,14.577630202324));
#373 = CARTESIAN_POINT('',(5.397251,-39.63419838527,14.327756789306));
#374 = CARTESIAN_POINT('',(5.415461516673,-39.6317185215,14.202569322773
    ));
#375 = CARTESIAN_POINT('',(5.452015496759,-39.62674081342,
    14.079401988054));
#376 = CARTESIAN_POINT('',(5.507143570647,-39.61917973787,
    13.960697771898));
#377 = CARTESIAN_POINT('',(5.581008647384,-39.60890452683,
    13.849266248455));
#378 = CARTESIAN_POINT('',(5.673596627708,-39.59574255186,
    13.748442909411));
#379 = CARTESIAN_POINT('',(5.85490042124,-39.56924595692,13.607809271493
    ));
#380 = CARTESIAN_POINT('',(5.933107836374,-39.55766640615,
    13.558918096919));
#381 = CARTESIAN_POINT('',(6.018110662536,-39.5448855379,13.517700682961
    ));
#382 = CARTESIAN_POINT('',(6.108646162509,-39.53102943024,
    13.485618662923));
#383 = CARTESIAN_POINT('',(6.203169536392,-39.51628358092,13.46373542342
    ));
#384 = CARTESIAN_POINT('',(6.299966171952,-39.5008878255,13.452693495815
    ));
#385 = CARTESIAN_POINT('',(6.397251,-39.4851260558,13.452693495815));
#386 = FACE_BOUND('',#387,.F.);
#387 = EDGE_LOOP('',(#388,#412,#421,#430,#455,#464,#483,#502,#554));
#388 = ORIENTED_EDGE('',*,*,#389,.T.);
#389 = EDGE_CURVE('',#390,#392,#394,.T.);
#390 = VERTEX_POINT('',#391);
#391 = CARTESIAN_POINT('',(-9.885233,-38.75928493323,47.35596572799));
#392 = VERTEX_POINT('',#393);
#393 = CARTESIAN_POINT('',(-12.121698,-38.11908232889,49.341937606888));
#394 = B_SPLINE_CURVE_WITH_KNOTS('',6,(#395,#396,#397,#398,#399,#400,
    #401,#402,#403,#404,#405,#406,#407,#408,#409,#410,#411),
  .UNSPECIFIED.,.F.,.F.,(7,5,5,7),(0.,0.420280132636,0.776680366825,1.),
  .UNSPECIFIED.);
#395 = CARTESIAN_POINT('',(-9.885233,-38.75928493323,47.35596572799));
#396 = CARTESIAN_POINT('',(-9.885233,-38.75928493323,47.566600703614));
#397 = CARTESIAN_POINT('',(-9.91185385505,-38.75249559937,47.77729006434
    ));
#398 = CARTESIAN_POINT('',(-9.965117889321,-38.73891059523,
    47.98545769335));
#399 = CARTESIAN_POINT('',(-10.0455453711,-38.71825340622,
    48.188393953274));
#400 = CARTESIAN_POINT('',(-10.15394157051,-38.69001966804,
    48.382721381553));
#401 = CARTESIAN_POINT('',(-10.40744517639,-38.62252679487,
    48.717306041643));
#402 = CARTESIAN_POINT('',(-10.54520312937,-38.58540011685,
    48.862259179751));
#403 = CARTESIAN_POINT('',(-10.70414802031,-38.54187079032,
    48.993936900599));
#404 = CARTESIAN_POINT('',(-10.8829433466,-38.49188818313,
    49.107826560308));
#405 = CARTESIAN_POINT('',(-11.07929138678,-38.43562842507,
    49.199646857241));
#406 = CARTESIAN_POINT('',(-11.42198984981,-38.33480251931,
    49.306485504452));
#407 = CARTESIAN_POINT('',(-11.55908175509,-38.29387629329,
    49.337207335719));
#408 = CARTESIAN_POINT('',(-11.6995384193,-38.25127992587,
    49.356392555037));
#409 = CARTESIAN_POINT('',(-11.84143564601,-38.20753566837,
    49.363483455064));
#410 = CARTESIAN_POINT('',(-11.98279027556,-38.16325436511,
    49.358477022883));
#411 = CARTESIAN_POINT('',(-12.121698,-38.11908232889,49.341937606888));
#412 = ORIENTED_EDGE('',*,*,#413,.T.);
#413 = EDGE_CURVE('',#392,#414,#416,.T.);
#414 = VERTEX_POINT('',#415);
#415 = CARTESIAN_POINT('',(-30.70899591353,-25.63118354626,
    49.341937606889));
#416 = CIRCLE('',#417,40.);
#417 = AXIS2_PLACEMENT_3D('',#418,#419,#420);
#418 = CARTESIAN_POINT('',(0.,0.,49.341937606888));
#419 = DIRECTION('',(0.,0.,-1.));
#420 = DIRECTION('',(1.,0.,0.));
#421 = ORIENTED_EDGE('',*,*,#422,.F.);
#422 = EDGE_CURVE('',#423,#414,#425,.T.);
#423 = VERTEX_POINT('',#424);
#424 = CARTESIAN_POINT('',(-21.56161390737,-33.69119774821,
    21.189196483374));
#425 = ELLIPSE('',#426,129.44269462493,40.);
#426 = AXIS2_PLACEMENT_3D('',#427,#428,#429);
#427 = CARTESIAN_POINT('',(0.,0.,-45.17061380229));
#428 = DIRECTION('',(-0.95105649731,-0.,-0.309017052804));
#429 = DIRECTION('',(0.309017052804,0.,-0.95105649731));
#430 = ORIENTED_EDGE('',*,*,#431,.T.);
#431 = EDGE_CURVE('',#423,#432,#434,.T.);
#432 = VERTEX_POINT('',#433);
#433 = CARTESIAN_POINT('',(-12.3951327397,-38.03104895168,
    13.452693360651));
#434 = B_SPLINE_CURVE_WITH_KNOTS('',7,(#435,#436,#437,#438,#439,#440,
    #441,#442,#443,#444,#445,#446,#447,#448,#449,#450,#451,#452,#453,
    #454),.UNSPECIFIED.,.F.,.F.,(8,6,6,8),(0.,0.239450825739,
    0.534426191783,1.),.UNSPECIFIED.);
#435 = CARTESIAN_POINT('',(-21.56161390737,-33.69119774821,
    21.189196483374));
#436 = CARTESIAN_POINT('',(-21.4712854195,-33.74900596254,
    20.797441371235));
#437 = CARTESIAN_POINT('',(-21.36251647603,-33.81821719477,
    20.409637550953));
#438 = CARTESIAN_POINT('',(-21.23543117321,-33.8984629806,
    20.026547353298));
#439 = CARTESIAN_POINT('',(-21.0901549894,-33.98929108102,
    19.648961767892));
#440 = CARTESIAN_POINT('',(-20.92682229818,-34.09017188105,
    19.27770089038));
#441 = CARTESIAN_POINT('',(-20.74558388138,-34.2005047886,
    18.913614369593));
#442 = CARTESIAN_POINT('',(-20.30150740186,-34.46636632716,
    18.11899150501));
#443 = CARTESIAN_POINT('',(-20.02950722269,-34.62643430131,
    17.692649743655));
#444 = CARTESIAN_POINT('',(-19.73070845851,-34.79872557256,
    17.279775238935));
#445 = CARTESIAN_POINT('',(-19.40511286775,-34.98206635729,
    16.881749639657));
#446 = CARTESIAN_POINT('',(-19.05267240898,-35.17519636851,
    16.500163952402));
#447 = CARTESIAN_POINT('',(-18.6733369831,-35.37675782342,
    16.136865862773));
#448 = CARTESIAN_POINT('',(-17.62593447731,-35.91442420226,
    15.252858945776));
#449 = CARTESIAN_POINT('',(-16.9127383416,-36.26350150547,
    14.758389364779));
#450 = CARTESIAN_POINT('',(-16.12907946384,-36.62549666028,
    14.32341833147));
#451 = CARTESIAN_POINT('',(-15.27851231373,-36.99201539666,
    13.96122967146));
#452 = CARTESIAN_POINT('',(-14.36667500929,-37.35409959001,
    13.685602944597));
#453 = CARTESIAN_POINT('',(-13.40168289843,-37.70299271419,
    13.510953983839));
#454 = CARTESIAN_POINT('',(-12.3951327397,-38.03104895168,
    13.452693360651));
#455 = ORIENTED_EDGE('',*,*,#456,.F.);
#456 = EDGE_CURVE('',#457,#432,#459,.T.);
#457 = VERTEX_POINT('',#458);
#458 = CARTESIAN_POINT('',(-6.397250980385,-39.48512605898,
    13.452693360651));
#459 = CIRCLE('',#460,40.);
#460 = AXIS2_PLACEMENT_3D('',#461,#462,#463);
#461 = CARTESIAN_POINT('',(0.,0.,13.452693360651));
#462 = DIRECTION('',(0.,0.,-1.));
#463 = DIRECTION('',(1.,0.,0.));
#464 = ORIENTED_EDGE('',*,*,#465,.T.);
#465 = EDGE_CURVE('',#457,#466,#468,.T.);
#466 = VERTEX_POINT('',#467);
#467 = CARTESIAN_POINT('',(-5.397251,-39.63419838527,14.452693360651));
#468 = B_SPLINE_CURVE_WITH_KNOTS('',7,(#469,#470,#471,#472,#473,#474,
    #475,#476,#477,#478,#479,#480,#481,#482),.UNSPECIFIED.,.F.,.F.,(8,6,
    8),(0.,0.467944275497,1.),.UNSPECIFIED.);
#469 = CARTESIAN_POINT('',(-6.397250980385,-39.48512605898,
    13.452693360651));
#470 = CARTESIAN_POINT('',(-6.279946253753,-39.50413138712,
    13.452693362952));
#471 = CARTESIAN_POINT('',(-6.163751081586,-39.52253989938,
    13.468747644161));
#472 = CARTESIAN_POINT('',(-6.051569485416,-39.53989505586,
    13.500306770278));
#473 = CARTESIAN_POINT('',(-5.946107533238,-39.55583762175,
    13.546078396061));
#474 = CARTESIAN_POINT('',(-5.849698050203,-39.57011481211,
    13.604071641257));
#475 = CARTESIAN_POINT('',(-5.764081658116,-39.58258382553,
    13.671649124455));
#476 = CARTESIAN_POINT('',(-5.606076702651,-39.60529153165,
    13.829654113485));
#477 = CARTESIAN_POINT('',(-5.536109131303,-39.61513437654,
    13.922942534185));
#478 = CARTESIAN_POINT('',(-5.480350296765,-39.62285130731,
    14.022908328322));
#479 = CARTESIAN_POINT('',(-5.438712302847,-39.6285523442,
    14.127518379035));
#480 = CARTESIAN_POINT('',(-5.411056145185,-39.63231844281,
    14.235034617226));
#481 = CARTESIAN_POINT('',(-5.397251,-39.63419838527,14.343913515896));
#482 = CARTESIAN_POINT('',(-5.397251,-39.63419838527,14.452693360651));
#483 = ORIENTED_EDGE('',*,*,#484,.T.);
#484 = EDGE_CURVE('',#466,#485,#487,.T.);
#485 = VERTEX_POINT('',#486);
#486 = CARTESIAN_POINT('',(-6.397251366025,-39.4851259965,
    15.452693360651));
#487 = B_SPLINE_CURVE_WITH_KNOTS('',7,(#488,#489,#490,#491,#492,#493,
    #494,#495,#496,#497,#498,#499,#500,#501),.UNSPECIFIED.,.F.,.F.,(8,6,
    8),(0.,0.610838332663,1.),.UNSPECIFIED.);
#488 = CARTESIAN_POINT('',(-5.397251,-39.63419838527,14.452693360651));
#489 = CARTESIAN_POINT('',(-5.397251,-39.63419838527,14.577630079885));
#490 = CARTESIAN_POINT('',(-5.415461520383,-39.63171852099,
    14.702817559319));
#491 = CARTESIAN_POINT('',(-5.452015507994,-39.62674081189,
    14.825984906361));
#492 = CARTESIAN_POINT('',(-5.507143593317,-39.61917973476,
    14.944689133414));
#493 = CARTESIAN_POINT('',(-5.581008685391,-39.60890452154,
    15.056120665318));
#494 = CARTESIAN_POINT('',(-5.673596684802,-39.59574254374,
    15.156944009161));
#495 = CARTESIAN_POINT('',(-5.854900533957,-39.5692459403,
    15.297577661052));
#496 = CARTESIAN_POINT('',(-5.933107988232,-39.55766638351,
    15.346468845031));
#497 = CARTESIAN_POINT('',(-6.018110857921,-39.54488550837,
    15.387686260819));
#498 = CARTESIAN_POINT('',(-6.108646403658,-39.5310293932,
    15.419768273489));
#499 = CARTESIAN_POINT('',(-6.203169822987,-39.51628353612,
    15.441651495691));
#500 = CARTESIAN_POINT('',(-6.299966501006,-39.50088777312,
    15.452693396259));
#501 = CARTESIAN_POINT('',(-6.397251366026,-39.4851259965,15.45269336065
    ));
#502 = ORIENTED_EDGE('',*,*,#503,.F.);
#503 = EDGE_CURVE('',#504,#485,#506,.T.);
#504 = VERTEX_POINT('',#505);
#505 = CARTESIAN_POINT('',(-11.03151456377,-38.44874102528,
    45.547329547972));
#506 = B_SPLINE_CURVE_WITH_KNOTS('',6,(#507,#508,#509,#510,#511,#512,
    #513,#514,#515,#516,#517,#518,#519,#520,#521,#522,#523,#524,#525,
    #526,#527,#528,#529,#530,#531,#532,#533,#534,#535,#536,#537,#538,
    #539,#540,#541,#542,#543,#544,#545,#546,#547,#548,#549,#550,#551,
    #552,#553),.UNSPECIFIED.,.F.,.F.,(7,5,5,5,5,5,5,5,5,7),(0.,
    6.173943118321E-02,0.110340034433,0.2723072676,0.43635333005,
    0.600736930656,0.784964654217,0.840039084921,0.909214966396,1.),
  .UNSPECIFIED.);
#507 = CARTESIAN_POINT('',(-11.03151456377,-38.44874102528,
    45.547329547968));
#508 = CARTESIAN_POINT('',(-11.35104174509,-38.35706393364,
    45.290141102016));
#509 = CARTESIAN_POINT('',(-11.66013367742,-38.26493205914,
    45.02662126648));
#510 = CARTESIAN_POINT('',(-11.95895108823,-38.17268461132,44.757200302)
  );
#511 = CARTESIAN_POINT('',(-12.24765399344,-38.08063564232,
    44.482263664593));
#512 = CARTESIAN_POINT('',(-12.52640193555,-37.98907521075,
    44.202151811206));
#513 = CARTESIAN_POINT('',(-13.00707051234,-37.82679010869,
    43.692817580611));
#514 = CARTESIAN_POINT('',(-13.2127137163,-37.75577914485,
    43.465454659491));
#515 = CARTESIAN_POINT('',(-13.41235855222,-37.68536869487,
    43.235217788183));
#516 = CARTESIAN_POINT('',(-13.60607483703,-37.61568342175,
    43.002243096501));
#517 = CARTESIAN_POINT('',(-13.79392748604,-37.54684161054,
    42.766656297816));
#518 = CARTESIAN_POINT('',(-14.58267633159,-37.25271560594,
    41.735131027921));
#519 = CARTESIAN_POINT('',(-15.12524862638,-37.03696516939,
    40.913531665839));
#520 = CARTESIAN_POINT('',(-15.60538893058,-36.83602794503,
    40.068528765646));
#521 = CARTESIAN_POINT('',(-16.02453436622,-36.65346850508,
    39.203842669638));
#522 = CARTESIAN_POINT('',(-16.38374326693,-36.49221517175,
    38.322448109984));
#523 = CARTESIAN_POINT('',(-16.98719906274,-36.21528255684,
    36.519776357896));
#524 = CARTESIAN_POINT('',(-17.22985174864,-36.10024207751,
    35.598310898678));
#525 = CARTESIAN_POINT('',(-17.41168977211,-36.01213760813,
    34.666325865478));
#526 = CARTESIAN_POINT('',(-17.53289093775,-35.95277865788,
    33.727363138683));
#527 = CARTESIAN_POINT('',(-17.5935247687,-35.92308291632,
    32.784788343698));
#528 = CARTESIAN_POINT('',(-17.5935247687,-35.92308291632,
    30.897144543608));
#529 = CARTESIAN_POINT('',(-17.53264116341,-35.95290098611,
    29.952632550091));
#530 = CARTESIAN_POINT('',(-17.41094125768,-36.01250419741,
    29.011754959551));
#531 = CARTESIAN_POINT('',(-17.22835475423,-36.10096738188,
    28.077897251913));
#532 = CARTESIAN_POINT('',(-16.98470185868,-36.21646640181,
    27.154623014978));
#533 = CARTESIAN_POINT('',(-16.33808236354,-36.51312655494,
    25.227307655448));
#534 = CARTESIAN_POINT('',(-15.91958154661,-36.70046371912,
    24.227411767173));
#535 = CARTESIAN_POINT('',(-15.42351954402,-36.91487812521,
    23.249664112529));
#536 = CARTESIAN_POINT('',(-14.84815872467,-37.15198184807,
    22.298384302163));
#537 = CARTESIAN_POINT('',(-14.19110997878,-37.40631411315,
    21.379262458027));
#538 = CARTESIAN_POINT('',(-13.22791647378,-37.75020038889,
    20.237084922268));
#539 = CARTESIAN_POINT('',(-12.99864529324,-37.83029140833,
    19.977719631124));
#540 = CARTESIAN_POINT('',(-12.7616748329,-37.91115662859,
    19.722037205076));
#541 = CARTESIAN_POINT('',(-12.51689885192,-37.99260997573,
    19.470242980671));
#542 = CARTESIAN_POINT('',(-12.26420808868,-38.07445207384,
    19.222567052105));
#543 = CARTESIAN_POINT('',(-11.67601732394,-38.25948863699,
    18.673665391336));
#544 = CARTESIAN_POINT('',(-11.33587173458,-38.3627873199,
    18.374957461432));
#545 = CARTESIAN_POINT('',(-10.98282635679,-38.4659448652,18.0836447222)
  );
#546 = CARTESIAN_POINT('',(-10.61666423954,-38.56849870365,
    17.800309541346));
#547 = CARTESIAN_POINT('',(-10.23717859993,-38.66994421814,
    17.52561230048));
#548 = CARTESIAN_POINT('',(-9.328399918516,-38.90069572189,
    16.912089321066));
#549 = CARTESIAN_POINT('',(-8.789054699344,-39.02887793867,
    16.579843645386));
#550 = CARTESIAN_POINT('',(-8.226104351297,-39.15292110658,
    16.265569632377));
#551 = CARTESIAN_POINT('',(-7.639635727457,-39.27135617891,
    15.971404488617));
#552 = CARTESIAN_POINT('',(-7.02988233958,-39.38262918897,
    15.699629679793));
#553 = CARTESIAN_POINT('',(-6.397251366024,-39.4851259965,
    15.452693360652));
#554 = ORIENTED_EDGE('',*,*,#555,.T.);
#555 = EDGE_CURVE('',#504,#390,#556,.T.);
#556 = B_SPLINE_CURVE_WITH_KNOTS('',8,(#557,#558,#559,#560,#561,#562,
    #563,#564,#565),.UNSPECIFIED.,.F.,.F.,(9,9),(0.,1.),
  .PIECEWISE_BEZIER_KNOTS.);
#557 = CARTESIAN_POINT('',(-11.03151456377,-38.44874102528,
    45.547329547977));
#558 = CARTESIAN_POINT('',(-10.7430149703,-38.53151584136,
    45.683508081014));
#559 = CARTESIAN_POINT('',(-10.49438893075,-38.60017258571,
    45.865175504064));
#560 = CARTESIAN_POINT('',(-10.28836744694,-38.65524676944,
    46.07931357306));
#561 = CARTESIAN_POINT('',(-10.12524759573,-38.69783184292,
    46.31625389687));
#562 = CARTESIAN_POINT('',(-10.00439757661,-38.72889264563,
    46.568205042063));
#563 = CARTESIAN_POINT('',(-9.924756699731,-38.74920480521,
    46.828844851863));
#564 = CARTESIAN_POINT('',(-9.885233,-38.75928493323,47.092971554427));
#565 = CARTESIAN_POINT('',(-9.885233,-38.75928493323,47.35596572799));
#566 = CYLINDRICAL_SURFACE('',#567,40.);
#567 = AXIS2_PLACEMENT_3D('',#568,#569,#570);
#568 = CARTESIAN_POINT('',(0.,0.,0.));
#569 = DIRECTION('',(-0.,-0.,-1.));
#570 = DIRECTION('',(1.,0.,0.));
#571 = ADVANCED_FACE('',(#572,#649,#827,#913),#1093,.T.);
#572 = FACE_BOUND('',#573,.F.);
#573 = EDGE_LOOP('',(#574,#583,#584,#591,#592,#601,#623,#632));
#574 = ORIENTED_EDGE('',*,*,#575,.F.);
#575 = EDGE_CURVE('',#22,#576,#578,.T.);
#576 = VERTEX_POINT('',#577);
#577 = CARTESIAN_POINT('',(31.890305272193,24.084911494808,1.E-15));
#578 = CIRCLE('',#579,40.);
#579 = AXIS2_PLACEMENT_3D('',#580,#581,#582);
#580 = CARTESIAN_POINT('',(0.,-6.0656E-02,0.));
#581 = DIRECTION('',(0.,0.,1.));
#582 = DIRECTION('',(1.,0.,0.));
#583 = ORIENTED_EDGE('',*,*,#21,.T.);
#584 = ORIENTED_EDGE('',*,*,#585,.F.);
#585 = EDGE_CURVE('',#109,#24,#586,.T.);
#586 = CIRCLE('',#587,40.);
#587 = AXIS2_PLACEMENT_3D('',#588,#589,#590);
#588 = CARTESIAN_POINT('',(0.,-6.0656E-02,52.841934443504));
#589 = DIRECTION('',(0.,0.,-1.));
#590 = DIRECTION('',(1.,0.,0.));
#591 = ORIENTED_EDGE('',*,*,#108,.T.);
#592 = ORIENTED_EDGE('',*,*,#593,.F.);
#593 = EDGE_CURVE('',#594,#100,#596,.T.);
#594 = VERTEX_POINT('',#595);
#595 = CARTESIAN_POINT('',(-31.89030527219,24.084911494807,1.E-15));
#596 = CIRCLE('',#597,40.);
#597 = AXIS2_PLACEMENT_3D('',#598,#599,#600);
#598 = CARTESIAN_POINT('',(0.,-6.0656E-02,0.));
#599 = DIRECTION('',(0.,0.,1.));
#600 = DIRECTION('',(1.,0.,0.));
#601 = ORIENTED_EDGE('',*,*,#602,.F.);
#602 = EDGE_CURVE('',#603,#594,#605,.T.);
#603 = VERTEX_POINT('',#604);
#604 = CARTESIAN_POINT('',(-16.,36.599949559647,6.));
#605 = B_SPLINE_CURVE_WITH_KNOTS('',6,(#606,#607,#608,#609,#610,#611,
    #612,#613,#614,#615,#616,#617,#618,#619,#620,#621,#622),
  .UNSPECIFIED.,.F.,.F.,(7,5,5,7),(0.,0.32412459639,0.651272150482,1.),
  .UNSPECIFIED.);
#606 = CARTESIAN_POINT('',(-16.,36.599949559647,6.));
#607 = CARTESIAN_POINT('',(-17.17619118372,36.086617642394,5.91277312326
    ));
#608 = CARTESIAN_POINT('',(-18.31030663125,35.537740376781,
    5.772872538749));
#609 = CARTESIAN_POINT('',(-19.40099170306,34.957744539721,
    5.587150664394));
#610 = CARTESIAN_POINT('',(-20.44748104867,34.351019863766,
    5.361866115611));
#611 = CARTESIAN_POINT('',(-21.44945378944,33.721838847372,
    5.102814408168));
#612 = CARTESIAN_POINT('',(-23.37336522007,32.420828902212,
    4.525259351891));
#613 = CARTESIAN_POINT('',(-24.29573252413,31.747802918378,
    4.205845596521));
#614 = CARTESIAN_POINT('',(-25.17566246028,31.058235615927,
    3.861985255615));
#615 = CARTESIAN_POINT('',(-26.01503749828,30.354465325374,
    3.497681937983));
#616 = CARTESIAN_POINT('',(-26.81589362341,29.638194967455,
    3.116209627119));
#617 = CARTESIAN_POINT('',(-28.39514586779,28.134758424767,
    2.298126868646));
#618 = CARTESIAN_POINT('',(-29.16871144142,27.345903522259,
    1.859468658056));
#619 = CARTESIAN_POINT('',(-29.90300721116,26.545648427216,
    1.407716448205));
#620 = CARTESIAN_POINT('',(-30.60006803574,25.735131498802,0.94571133389
    ));
#621 = CARTESIAN_POINT('',(-31.2618818946,24.914902894096,0.475801090759
    ));
#622 = CARTESIAN_POINT('',(-31.89030527219,24.084911494809,0.));
#623 = ORIENTED_EDGE('',*,*,#624,.T.);
#624 = EDGE_CURVE('',#603,#625,#627,.T.);
#625 = VERTEX_POINT('',#626);
#626 = CARTESIAN_POINT('',(16.,36.599949559647,6.));
#627 = CIRCLE('',#628,40.);
#628 = AXIS2_PLACEMENT_3D('',#629,#630,#631);
#629 = CARTESIAN_POINT('',(0.,-6.0656E-02,6.));
#630 = DIRECTION('',(0.,0.,-1.));
#631 = DIRECTION('',(1.,0.,0.));
#632 = ORIENTED_EDGE('',*,*,#633,.F.);
#633 = EDGE_CURVE('',#576,#625,#634,.T.);
#634 = B_SPLINE_CURVE_WITH_KNOTS('',7,(#635,#636,#637,#638,#639,#640,
    #641,#642,#643,#644,#645,#646,#647,#648),.UNSPECIFIED.,.F.,.F.,(8,6,
    8),(0.,0.676690513803,1.),.UNSPECIFIED.);
#635 = CARTESIAN_POINT('',(31.890305272193,24.084911494809,0.));
#636 = CARTESIAN_POINT('',(30.844007874986,25.466810818963,0.79218797486
    ));
#637 = CARTESIAN_POINT('',(29.709591004881,26.819928758023,
    1.567083798019));
#638 = CARTESIAN_POINT('',(28.478170391138,28.14687523408,2.317629106825
    ));
#639 = CARTESIAN_POINT('',(27.139967426122,29.445481827291,
    3.034234015233));
#640 = CARTESIAN_POINT('',(25.685105378801,30.709367481516,3.70338062731
    ));
#641 = CARTESIAN_POINT('',(24.104363948302,31.927741800735,
    4.306882455504));
#642 = CARTESIAN_POINT('',(21.571561553136,33.638665635785,
    5.065640086352));
#643 = CARTESIAN_POINT('',(20.721076942685,34.178801221052,
    5.290756247125));
#644 = CARTESIAN_POINT('',(19.838974420924,34.703555850405,
    5.492620621593));
#645 = CARTESIAN_POINT('',(18.925392542807,35.210521230156,5.66800448923
    ));
#646 = CARTESIAN_POINT('',(17.980645778083,35.69724036151,5.813490955889
    ));
#647 = CARTESIAN_POINT('',(17.00525736504,36.16121927696,5.92544965352)
  );
#648 = CARTESIAN_POINT('',(16.,36.599949559647,6.));
#649 = FACE_BOUND('',#650,.F.);
#650 = EDGE_LOOP('',(#651,#662,#693,#725,#747,#784,#793,#802));
#651 = ORIENTED_EDGE('',*,*,#652,.F.);
#652 = EDGE_CURVE('',#653,#655,#657,.T.);
#653 = VERTEX_POINT('',#654);
#654 = CARTESIAN_POINT('',(6.397251,39.424470055807,13.452693495815));
#655 = VERTEX_POINT('',#656);
#656 = CARTESIAN_POINT('',(12.395133131352,37.970392824034,
    13.452693495815));
#657 = CIRCLE('',#658,40.);
#658 = AXIS2_PLACEMENT_3D('',#659,#660,#661);
#659 = CARTESIAN_POINT('',(0.,-6.0656E-02,13.452693495815));
#660 = DIRECTION('',(0.,0.,-1.));
#661 = DIRECTION('',(1.,0.,0.));
#662 = ORIENTED_EDGE('',*,*,#663,.F.);
#663 = EDGE_CURVE('',#664,#653,#666,.T.);
#664 = VERTEX_POINT('',#665);
#665 = CARTESIAN_POINT('',(6.397251,39.424470055807,15.452693495816));
#666 = B_SPLINE_CURVE_WITH_KNOTS('',7,(#667,#668,#669,#670,#671,#672,
    #673,#674,#675,#676,#677,#678,#679,#680,#681,#682,#683,#684,#685,
    #686,#687,#688,#689,#690,#691,#692),.UNSPECIFIED.,.F.,.F.,(8,6,6,6,8
    ),(0.,0.194580801423,0.5,0.805419198576,1.),.UNSPECIFIED.);
#667 = CARTESIAN_POINT('',(6.397251,39.424470055807,15.452693495815));
#668 = CARTESIAN_POINT('',(6.299966171952,39.440231825509,
    15.452693495815));
#669 = CARTESIAN_POINT('',(6.203169536392,39.455627580927,15.44165156821
    ));
#670 = CARTESIAN_POINT('',(6.108646162509,39.470373430241,
    15.419768328708));
#671 = CARTESIAN_POINT('',(6.018110662536,39.484229537909,
    15.387686308669));
#672 = CARTESIAN_POINT('',(5.933107836374,39.497010406157,
    15.346468894711));
#673 = CARTESIAN_POINT('',(5.85490042124,39.508589956925,15.297577720137
    ));
#674 = CARTESIAN_POINT('',(5.673596627708,39.535086551862,
    15.156944082219));
#675 = CARTESIAN_POINT('',(5.581008647384,39.548248526836,
    15.056120743176));
#676 = CARTESIAN_POINT('',(5.507143570647,39.558523737875,
    14.944689219732));
#677 = CARTESIAN_POINT('',(5.452015496759,39.566084813424,
    14.825985003576));
#678 = CARTESIAN_POINT('',(5.415461516673,39.571062521501,
    14.702817668857));
#679 = CARTESIAN_POINT('',(5.397251,39.573542385271,14.577630202324));
#680 = CARTESIAN_POINT('',(5.397251,39.573542385271,14.327756789306));
#681 = CARTESIAN_POINT('',(5.415461516673,39.571062521501,
    14.202569322774));
#682 = CARTESIAN_POINT('',(5.452015496759,39.566084813424,
    14.079401988053));
#683 = CARTESIAN_POINT('',(5.507143570647,39.558523737875,
    13.960697771899));
#684 = CARTESIAN_POINT('',(5.581008647385,39.548248526835,
    13.849266248454));
#685 = CARTESIAN_POINT('',(5.673596627708,39.535086551862,
    13.748442909411));
#686 = CARTESIAN_POINT('',(5.85490042124,39.508589956925,13.607809271493
    ));
#687 = CARTESIAN_POINT('',(5.933107836374,39.497010406157,
    13.558918096919));
#688 = CARTESIAN_POINT('',(6.018110662536,39.484229537909,
    13.517700682961));
#689 = CARTESIAN_POINT('',(6.108646162509,39.470373430241,
    13.485618662923));
#690 = CARTESIAN_POINT('',(6.203169536392,39.455627580927,13.46373542342
    ));
#691 = CARTESIAN_POINT('',(6.299966171952,39.440231825509,
    13.452693495815));
#692 = CARTESIAN_POINT('',(6.397251,39.424470055807,13.452693495815));
#693 = ORIENTED_EDGE('',*,*,#694,.T.);
#694 = EDGE_CURVE('',#664,#695,#697,.T.);
#695 = VERTEX_POINT('',#696);
#696 = CARTESIAN_POINT('',(17.59352335542,35.862427608486,
    31.841935201909));
#697 = B_SPLINE_CURVE_WITH_KNOTS('',6,(#698,#699,#700,#701,#702,#703,
    #704,#705,#706,#707,#708,#709,#710,#711,#712,#713,#714,#715,#716,
    #717,#718,#719,#720,#721,#722,#723,#724),.UNSPECIFIED.,.F.,.F.,(7,5,
    5,5,5,7),(0.,0.160769524364,0.282073708651,0.379137009728,
    0.708094200991,1.),.UNSPECIFIED.);
#698 = CARTESIAN_POINT('',(6.397251,39.424470055807,15.452693495817));
#699 = CARTESIAN_POINT('',(7.028710106555,39.32216311635,15.699172403952
    ));
#700 = CARTESIAN_POINT('',(7.637386570662,39.211110804626,
    15.970401880684));
#701 = CARTESIAN_POINT('',(8.222868965093,39.092918565035,
    16.263946845013));
#702 = CARTESIAN_POINT('',(8.784918524463,38.969133070897,
    16.577535639407));
#703 = CARTESIAN_POINT('',(9.323442639432,38.841217336673,
    16.909037871018));
#704 = CARTESIAN_POINT('',(10.227066712833,38.611916179793,
    17.518566590982));
#705 = CARTESIAN_POINT('',(10.602456234847,38.511683738911,
    17.789857853489));
#706 = CARTESIAN_POINT('',(10.964826151813,38.410357119925,
    18.069602288137));
#707 = CARTESIAN_POINT('',(11.314375620093,38.308424748718,
    18.357160682407));
#708 = CARTESIAN_POINT('',(11.65131371753,38.206334864659,
    18.651968363529));
#709 = CARTESIAN_POINT('',(12.235549409586,38.023007293534,
    19.194838271978));
#710 = CARTESIAN_POINT('',(12.487310544794,37.941678000464,
    19.440474223634));
#711 = CARTESIAN_POINT('',(12.731253103884,37.860716850332,
    19.690191913465));
#712 = CARTESIAN_POINT('',(12.967484489049,37.780320026991,
    19.943764463219));
#713 = CARTESIAN_POINT('',(13.196109249866,37.700670689218,
    20.200989256381));
#714 = CARTESIAN_POINT('',(14.166626214172,37.355109337898,
    21.34522172669));
#715 = CARTESIAN_POINT('',(14.830379706355,37.098622539727,
    22.269313267962));
#716 = CARTESIAN_POINT('',(15.411329139701,36.859461886464,
    23.22611144413));
#717 = CARTESIAN_POINT('',(15.911919077271,36.643212713524,
    24.209789424495));
#718 = CARTESIAN_POINT('',(16.333929939053,36.454356780018,
    25.215932006885));
#719 = CARTESIAN_POINT('',(16.983609203253,36.15632833969,
    27.150488445714));
#720 = CARTESIAN_POINT('',(17.227699130657,36.040629013029,
    28.074551705437));
#721 = CARTESIAN_POINT('',(17.410612656107,35.952009123295,
    29.009226143867));
#722 = CARTESIAN_POINT('',(17.532530530157,35.892299166246,
    29.950938974426));
#723 = CARTESIAN_POINT('',(17.59352335542,35.862427608486,
    30.896296282352));
#724 = CARTESIAN_POINT('',(17.59352335542,35.862427608486,
    31.841935201909));
#725 = ORIENTED_EDGE('',*,*,#726,.T.);
#726 = EDGE_CURVE('',#695,#727,#729,.T.);
#727 = VERTEX_POINT('',#728);
#728 = CARTESIAN_POINT('',(11.031514026102,38.388085179548,
    45.547326927422));
#729 = B_SPLINE_CURVE_WITH_KNOTS('',6,(#730,#731,#732,#733,#734,#735,
    #736,#737,#738,#739,#740,#741,#742,#743,#744,#745,#746),
  .UNSPECIFIED.,.F.,.F.,(7,5,5,7),(0.,0.375576045931,0.858708586002,1.),
  .UNSPECIFIED.);
#730 = CARTESIAN_POINT('',(17.59352335542,35.862427608486,
    31.841935201909));
#731 = CARTESIAN_POINT('',(17.59352335542,35.862427608486,
    32.784077239904));
#732 = CARTESIAN_POINT('',(17.532980786563,35.892078650888,
    33.725941696279));
#733 = CARTESIAN_POINT('',(17.4119622101,35.951348171619,34.664201467511
    ));
#734 = CARTESIAN_POINT('',(17.23039843254,36.039321180332,
    35.595498997073));
#735 = CARTESIAN_POINT('',(16.988112084837,36.154193682714,
    36.516301190719));
#736 = CARTESIAN_POINT('',(16.294897421362,36.472349304958,
    38.588797668767));
#737 = CARTESIAN_POINT('',(15.804439249447,36.691370317236,
    39.730052595505));
#738 = CARTESIAN_POINT('',(15.212407959288,36.945190442574,
    40.841623489742));
#739 = CARTESIAN_POINT('',(14.515920071619,37.22711073116,
    41.917073181571));
#740 = CARTESIAN_POINT('',(13.710818618341,37.528609135583,
    42.947557303072));
#741 = CARTESIAN_POINT('',(12.52393223066,37.929230348972,
    44.204629878447));
#742 = CARTESIAN_POINT('',(12.245607647564,38.020632036109,
    44.484208952755));
#743 = CARTESIAN_POINT('',(11.957362497854,38.112518993908,
    44.758629319854));
#744 = CARTESIAN_POINT('',(11.65903807431,38.204602620854,
    45.027552179791));
#745 = CARTESIAN_POINT('',(11.350475206721,38.296570486744,
    45.290594043874));
#746 = CARTESIAN_POINT('',(11.0315140261,38.388085179549,45.547326927419
    ));
#747 = ORIENTED_EDGE('',*,*,#748,.F.);
#748 = EDGE_CURVE('',#749,#727,#751,.T.);
#749 = VERTEX_POINT('',#750);
#750 = CARTESIAN_POINT('',(12.121698,38.058426328891,49.341934732543));
#751 = B_SPLINE_CURVE_WITH_KNOTS('',7,(#752,#753,#754,#755,#756,#757,
    #758,#759,#760,#761,#762,#763,#764,#765,#766,#767,#768,#769,#770,
    #771,#772,#773,#774,#775,#776,#777,#778,#779,#780,#781,#782,#783),
  .UNSPECIFIED.,.F.,.F.,(8,6,6,6,6,8),(0.,0.251692687074,0.41421992874,
    0.587587778658,0.875086542915,1.),.UNSPECIFIED.);
#752 = CARTESIAN_POINT('',(12.121698,38.058426328891,49.341934732543));
#753 = CARTESIAN_POINT('',(11.892126421051,38.131429066087,
    49.369269280425));
#754 = CARTESIAN_POINT('',(11.657827007028,38.204158980366,
    49.365767072971));
#755 = CARTESIAN_POINT('',(11.425543619892,38.274355071128,
    49.330113386499));
#756 = CARTESIAN_POINT('',(11.202203190459,38.340004614462,
    49.263461980487));
#757 = CARTESIAN_POINT('',(10.994150029494,38.399640554077,
    49.169252783535));
#758 = CARTESIAN_POINT('',(10.806404498162,38.452338247407,
    49.053079822545));
#759 = CARTESIAN_POINT('',(10.53576191493,38.527034479949,
    48.838294402577));
#760 = CARTESIAN_POINT('',(10.43831467024,38.553562315819,
    48.747272134711));
#761 = CARTESIAN_POINT('',(10.349706799171,38.577393394177,
    48.650542307224));
#762 = CARTESIAN_POINT('',(10.269961771769,38.598618775563,
    48.549036734356));
#763 = CARTESIAN_POINT('',(10.199047568795,38.617329821932,
    48.443597306833));
#764 = CARTESIAN_POINT('',(10.13689097187,38.633613575393,
    48.334991803681));
#765 = CARTESIAN_POINT('',(10.026321251454,38.662416709366,
    48.105455758641));
#766 = CARTESIAN_POINT('',(9.979053179408,38.674625180508,47.98408660758
    ));
#767 = CARTESIAN_POINT('',(9.941424587802,38.684282519926,
    47.860530139591));
#768 = CARTESIAN_POINT('',(9.913302259014,38.691470023007,
    47.735403183614));
#769 = CARTESIAN_POINT('',(9.894589279216,38.696242780074,
    47.609257676968));
#770 = CARTESIAN_POINT('',(9.885233,38.698628933235,47.482608757153));
#771 = CARTESIAN_POINT('',(9.885233,38.698628933235,47.145943863538));
#772 = CARTESIAN_POINT('',(9.910962178612,38.692066905274,
    46.935814404029));
#773 = CARTESIAN_POINT('',(9.96247265852,38.678929666097,46.727890655824
    ));
#774 = CARTESIAN_POINT('',(10.040184137265,38.658995186065,
    46.524658672968));
#775 = CARTESIAN_POINT('',(10.144749495021,38.631867392552,
    46.329035887728));
#776 = CARTESIAN_POINT('',(10.276893470537,38.596982562719,
    46.144672135581));
#777 = CARTESIAN_POINT('',(10.506779693231,38.534846106933,
    45.90335938472));
#778 = CARTESIAN_POINT('',(10.581755073459,38.514423601888,
    45.833275509799));
#779 = CARTESIAN_POINT('',(10.661980740071,38.492381197722,
    45.766762576595));
#780 = CARTESIAN_POINT('',(10.74730397729,38.468712211924,
    45.704374323195));
#781 = CARTESIAN_POINT('',(10.837516920314,38.443422899841,
    45.646653318328));
#782 = CARTESIAN_POINT('',(10.932358106425,38.416534483352,
    45.594130868881));
#783 = CARTESIAN_POINT('',(11.031514026104,38.388085179548,
    45.547326927426));
#784 = ORIENTED_EDGE('',*,*,#785,.T.);
#785 = EDGE_CURVE('',#749,#786,#788,.T.);
#786 = VERTEX_POINT('',#787);
#787 = CARTESIAN_POINT('',(30.708993,25.570531037005,49.341934732543));
#788 = CIRCLE('',#789,40.);
#789 = AXIS2_PLACEMENT_3D('',#790,#791,#792);
#790 = CARTESIAN_POINT('',(0.,-6.0656E-02,49.341934732543));
#791 = DIRECTION('',(0.,0.,-1.));
#792 = DIRECTION('',(1.,0.,0.));
#793 = ORIENTED_EDGE('',*,*,#794,.F.);
#794 = EDGE_CURVE('',#795,#786,#797,.T.);
#795 = VERTEX_POINT('',#796);
#796 = CARTESIAN_POINT('',(21.561612051977,33.630542935627,
    21.18919686565));
#797 = ELLIPSE('',#798,129.44269462492,40.);
#798 = AXIS2_PLACEMENT_3D('',#799,#800,#801);
#799 = CARTESIAN_POINT('',(0.,-6.0656E-02,-45.17060770969));
#800 = DIRECTION('',(0.95105649731,0.,-0.309017052804));
#801 = DIRECTION('',(-0.309017052804,0.,-0.95105649731));
#802 = ORIENTED_EDGE('',*,*,#803,.F.);
#803 = EDGE_CURVE('',#655,#795,#804,.T.);
#804 = B_SPLINE_CURVE_WITH_KNOTS('',6,(#805,#806,#807,#808,#809,#810,
    #811,#812,#813,#814,#815,#816,#817,#818,#819,#820,#821,#822,#823,
    #824,#825,#826),.UNSPECIFIED.,.F.,.F.,(7,5,5,5,7),(0.,0.22238483198,
    0.456282607438,0.760942506011,1.),.UNSPECIFIED.);
#805 = CARTESIAN_POINT('',(12.395133131352,37.970392824034,
    13.452693495815));
#806 = CARTESIAN_POINT('',(12.952654036049,37.788684823574,
    13.484963767466));
#807 = CARTESIAN_POINT('',(13.499544094335,37.599592209571,
    13.554105762932));
#808 = CARTESIAN_POINT('',(14.032561230115,37.404713903983,
    13.657797250674));
#809 = CARTESIAN_POINT('',(14.54877677338,37.205956163073,
    13.793328819048));
#810 = CARTESIAN_POINT('',(15.045637050297,37.005431250949,
    13.957607502388));
#811 = CARTESIAN_POINT('',(16.020963612174,36.59480743983,
    14.346496744194));
#812 = CARTESIAN_POINT('',(16.497992618282,36.384393899082,
    14.574127839811));
#813 = CARTESIAN_POINT('',(16.951464634459,36.175721495504,
    14.826968249501));
#814 = CARTESIAN_POINT('',(17.381067333597,35.970358853529,
    15.102344418851));
#815 = CARTESIAN_POINT('',(17.786676520572,35.769744531783,
    15.397924810274));
#816 = CARTESIAN_POINT('',(18.665311736956,35.321788826244,
    16.120345683898));
#817 = CARTESIAN_POINT('',(19.122034627919,35.078455603529,
    16.560192577651));
#818 = CARTESIAN_POINT('',(19.538435484153,34.848051895895,
    17.02696142463));
#819 = CARTESIAN_POINT('',(19.914659705011,34.633153098811,
    17.517233542042));
#820 = CARTESIAN_POINT('',(20.250779379896,34.436080370532,
    18.028223025023));
#821 = CARTESIAN_POINT('',(20.778744597287,34.119996008604,
    18.972955145792));
#822 = CARTESIAN_POINT('',(20.986050960301,33.993325297904,
    19.399600266045));
#823 = CARTESIAN_POINT('',(21.168228058353,33.880120464886,
    19.835980191185));
#824 = CARTESIAN_POINT('',(21.325026987848,33.781394215763,
    20.280627584795));
#825 = CARTESIAN_POINT('',(21.456227570387,33.697986641407,
    20.732143750139));
#826 = CARTESIAN_POINT('',(21.561612051977,33.630542935627,
    21.18919686565));
#827 = FACE_BOUND('',#828,.F.);
#828 = EDGE_LOOP('',(#829));
#829 = ORIENTED_EDGE('',*,*,#830,.F.);
#830 = EDGE_CURVE('',#831,#831,#833,.T.);
#831 = VERTEX_POINT('',#832);
#832 = CARTESIAN_POINT('',(12.5,37.936054383927,31.841934443504));
#833 = B_SPLINE_CURVE_WITH_KNOTS('',8,(#834,#835,#836,#837,#838,#839,
    #840,#841,#842,#843,#844,#845,#846,#847,#848,#849,#850,#851,#852,
    #853,#854,#855,#856,#857,#858,#859,#860,#861,#862,#863,#864,#865,
    #866,#867,#868,#869,#870,#871,#872,#873,#874,#875,#876,#877,#878,
    #879,#880,#881,#882,#883,#884,#885,#886,#887,#888,#889,#890,#891,
    #892,#893,#894,#895,#896,#897,#898,#899,#900,#901,#902,#903,#904,
    #905,#906,#907,#908,#909,#910,#911,#912),.UNSPECIFIED.,.T.,.F.,(9,7,
    7,7,7,7,7,7,7,7,7,9),(0.,0.119281164466,0.207584820028,
    0.292691388878,0.38099504444,0.500275692918,0.592807031692,
    0.682601829883,0.751752880813,0.817989203465,0.880994645932,1.),
  .UNSPECIFIED.);
#834 = CARTESIAN_POINT('',(12.5,37.936054383927,31.841934443504));
#835 = CARTESIAN_POINT('',(12.5,37.936054383927,32.856706058244));
#836 = CARTESIAN_POINT('',(12.4058502821,37.967027387547,33.870121673237
    ));
#837 = CARTESIAN_POINT('',(12.217991928098,38.028828113808,
    34.876976200212));
#838 = CARTESIAN_POINT('',(11.935595059388,38.120282526073,
    35.871909632209));
#839 = CARTESIAN_POINT('',(11.556773243057,38.239147310659,
    36.848841920664));
#840 = CARTESIAN_POINT('',(11.078707255666,38.381951950114,
    37.800508477485));
#841 = CARTESIAN_POINT('',(10.49780099324,38.543741815473,
    38.717824717364));
#842 = CARTESIAN_POINT('',(9.300808650642,38.846551799431,
    40.233595629772));
#843 = CARTESIAN_POINT('',(8.731134049874,38.982535439578,
    40.855402620494));
#844 = CARTESIAN_POINT('',(8.099081572276,39.122897650645,
    41.448360399029));
#845 = CARTESIAN_POINT('',(7.403050385401,39.264132965707,
    42.005561648146));
#846 = CARTESIAN_POINT('',(6.641884147163,39.401989176237,
    42.518966423376));
#847 = CARTESIAN_POINT('',(5.815110061449,39.531443747961,
    42.979252782949));
#848 = CARTESIAN_POINT('',(4.92328925426,39.646797838181,43.375581390112
    ));
#849 = CARTESIAN_POINT('',(3.048297365699,39.833743240834,
    44.003332035387));
#850 = CARTESIAN_POINT('',(2.067527198716,39.906974923298,
    44.240899395793));
#851 = CARTESIAN_POINT('',(1.044605135409,39.954424192083,
    44.390307879158));
#852 = CARTESIAN_POINT('',(1.166711E-11,39.970886846487,44.441236696672)
  );
#853 = CARTESIAN_POINT('',(-1.044605135426,39.954424192083,
    44.390307879158));
#854 = CARTESIAN_POINT('',(-2.067527198709,39.906974923299,
    44.240899395794));
#855 = CARTESIAN_POINT('',(-3.0482973657,39.833743240834,44.003332035387
    ));
#856 = CARTESIAN_POINT('',(-4.923289254261,39.646797838181,
    43.375581390112));
#857 = CARTESIAN_POINT('',(-5.815110061447,39.531443747961,
    42.979252782949));
#858 = CARTESIAN_POINT('',(-6.641884147164,39.401989176237,
    42.518966423376));
#859 = CARTESIAN_POINT('',(-7.403050385401,39.264132965707,
    42.005561648147));
#860 = CARTESIAN_POINT('',(-8.099081572275,39.122897650645,
    41.44836039903));
#861 = CARTESIAN_POINT('',(-8.731134049875,38.982535439578,
    40.855402620493));
#862 = CARTESIAN_POINT('',(-9.300808650641,38.846551799431,
    40.233595629773));
#863 = CARTESIAN_POINT('',(-10.4977980179,38.54374256816,38.717828485078
    ));
#864 = CARTESIAN_POINT('',(-11.07870672528,38.381952208273,
    37.800510715238));
#865 = CARTESIAN_POINT('',(-11.55677461661,38.239146922745,
    36.848840542135));
#866 = CARTESIAN_POINT('',(-11.93559687743,38.120281928601,
    35.87190532548));
#867 = CARTESIAN_POINT('',(-12.21799314242,38.02882772365,
    34.876970895889));
#868 = CARTESIAN_POINT('',(-12.40585059302,37.967027281978,
    33.870117435495));
#869 = CARTESIAN_POINT('',(-12.5,37.936054383927,32.856704386647));
#870 = CARTESIAN_POINT('',(-12.5,37.936054383927,31.054731971142));
#871 = CARTESIAN_POINT('',(-12.44334310991,37.954693237623,
    30.267909269345));
#872 = CARTESIAN_POINT('',(-12.33012338493,37.991939485192,
    29.484087565922));
#873 = CARTESIAN_POINT('',(-12.16005895594,38.047362574708,
    28.705947633023));
#874 = CARTESIAN_POINT('',(-11.93252346537,38.120123415002,
    27.936341205981));
#875 = CARTESIAN_POINT('',(-11.646575788,38.208946432401,27.178430030343
    ));
#876 = CARTESIAN_POINT('',(-11.30098803682,38.312073131336,
    26.435852537082));
#877 = CARTESIAN_POINT('',(-10.49958397772,38.538916484965,
    25.01136396326));
#878 = CARTESIAN_POINT('',(-10.04721134964,38.661967477581,
    24.328097005895));
#879 = CARTESIAN_POINT('',(-9.535336529104,38.794367613333,
    23.666378396481));
#880 = CARTESIAN_POINT('',(-8.961783643871,38.933647545449,
    23.030517915198));
#881 = CARTESIAN_POINT('',(-8.324209739609,39.076722882,22.426048954984)
  );
#882 = CARTESIAN_POINT('',(-7.620352713206,39.219729117024,
    21.859958427189));
#883 = CARTESIAN_POINT('',(-6.848366219333,39.357913785006,
    21.340992661134));
#884 = CARTESIAN_POINT('',(-5.359544515423,39.584072710724,
    20.52509596668));
#885 = CARTESIAN_POINT('',(-4.665207241054,39.677141189224,
    20.20146605403));
#886 = CARTESIAN_POINT('',(-3.929219714736,39.761132010377,
    19.918848713761));
#887 = CARTESIAN_POINT('',(-3.157583936083,39.832398667379,
    19.685214169263));
#888 = CARTESIAN_POINT('',(-2.357173698696,39.887753370133,
    19.506882436597));
#889 = CARTESIAN_POINT('',(-1.535533942169,39.924775940112,
    19.388561525261));
#890 = CARTESIAN_POINT('',(-0.700657650908,39.942025607832,
    19.333352796201));
#891 = CARTESIAN_POINT('',(0.943759541052,39.936300858923,
    19.351673018537));
#892 = CARTESIAN_POINT('',(1.741028255364,39.915032551463,
    19.419741684997));
#893 = CARTESIAN_POINT('',(2.52407341448,39.875898633863,19.545144888723
    ));
#894 = CARTESIAN_POINT('',(3.286141669387,39.820342928532,
    19.724814795443));
#895 = CARTESIAN_POINT('',(4.020888210709,39.750581423843,
    19.954413115196));
#896 = CARTESIAN_POINT('',(4.722543671556,39.669426571823,
    20.228324996643));
#897 = CARTESIAN_POINT('',(5.386065940604,39.580043983166,
    20.539630106719));
#898 = CARTESIAN_POINT('',(6.598176707455,39.395918732868,21.20388504429
    ));
#899 = CARTESIAN_POINT('',(7.15510846772,39.300994492824,21.556427493574
    ));
#900 = CARTESIAN_POINT('',(7.678336745325,39.202850767477,
    21.933906592189));
#901 = CARTESIAN_POINT('',(8.168346888134,39.103231205516,
    22.333039491208));
#902 = CARTESIAN_POINT('',(8.625776369964,39.003670735,22.750989615636)
  );
#903 = CARTESIAN_POINT('',(9.051354396241,38.905499735584,
    23.185317568522));
#904 = CARTESIAN_POINT('',(9.445844812536,38.809861173857,
    23.633934912889));
#905 = CARTESIAN_POINT('',(10.497798017905,38.54374256816,
    24.966040401928));
#906 = CARTESIAN_POINT('',(11.078706725288,38.381952208273,
    25.883358171772));
#907 = CARTESIAN_POINT('',(11.556774616612,38.239146922745,
    26.835028344872));
#908 = CARTESIAN_POINT('',(11.935596877437,38.120281928601,
    27.811963561527));
#909 = CARTESIAN_POINT('',(12.217993142426,38.02882772365,
    28.806897991119));
#910 = CARTESIAN_POINT('',(12.405850593026,37.967027281978,
    29.813751451512));
#911 = CARTESIAN_POINT('',(12.5,37.936054383927,30.827164500361));
#912 = CARTESIAN_POINT('',(12.5,37.936054383927,31.841934443504));
#913 = FACE_BOUND('',#914,.F.);
#914 = EDGE_LOOP('',(#915,#926,#935,#957,#971,#1023,#1042,#1061,#1070));
#915 = ORIENTED_EDGE('',*,*,#916,.F.);
#916 = EDGE_CURVE('',#917,#919,#921,.T.);
#917 = VERTEX_POINT('',#918);
#918 = CARTESIAN_POINT('',(-30.70899591353,25.570527546263,
    49.341937606889));
#919 = VERTEX_POINT('',#920);
#920 = CARTESIAN_POINT('',(-21.56161390737,33.630541748214,
    21.189196483374));
#921 = ELLIPSE('',#922,129.44269462493,40.);
#922 = AXIS2_PLACEMENT_3D('',#923,#924,#925);
#923 = CARTESIAN_POINT('',(0.,-6.0656E-02,-45.17061380229));
#924 = DIRECTION('',(-0.95105649731,-0.,-0.309017052804));
#925 = DIRECTION('',(0.309017052804,0.,-0.95105649731));
#926 = ORIENTED_EDGE('',*,*,#927,.T.);
#927 = EDGE_CURVE('',#917,#928,#930,.T.);
#928 = VERTEX_POINT('',#929);
#929 = CARTESIAN_POINT('',(-12.121698,38.058426328891,49.341937606888));
#930 = CIRCLE('',#931,40.);
#931 = AXIS2_PLACEMENT_3D('',#932,#933,#934);
#932 = CARTESIAN_POINT('',(0.,-6.0656E-02,49.341937606888));
#933 = DIRECTION('',(0.,0.,-1.));
#934 = DIRECTION('',(1.,0.,0.));
#935 = ORIENTED_EDGE('',*,*,#936,.F.);
#936 = EDGE_CURVE('',#937,#928,#939,.T.);
#937 = VERTEX_POINT('',#938);
#938 = CARTESIAN_POINT('',(-9.885233,38.698628933235,47.35596572799));
#939 = B_SPLINE_CURVE_WITH_KNOTS('',6,(#940,#941,#942,#943,#944,#945,
    #946,#947,#948,#949,#950,#951,#952,#953,#954,#955,#956),
  .UNSPECIFIED.,.F.,.F.,(7,5,5,7),(0.,0.420280132584,0.776680366805,1.),
  .UNSPECIFIED.);
#940 = CARTESIAN_POINT('',(-9.885233,38.698628933235,47.35596572799));
#941 = CARTESIAN_POINT('',(-9.885233,38.698628933235,47.566600703614));
#942 = CARTESIAN_POINT('',(-9.91185385505,38.691839599377,47.77729006434
    ));
#943 = CARTESIAN_POINT('',(-9.965117889321,38.678254595235,
    47.98545769335));
#944 = CARTESIAN_POINT('',(-10.0455453711,38.657597406223,
    48.188393953274));
#945 = CARTESIAN_POINT('',(-10.15394157051,38.629363668044,
    48.382721381553));
#946 = CARTESIAN_POINT('',(-10.40744517641,38.561870794872,
    48.717306041676));
#947 = CARTESIAN_POINT('',(-10.54520312936,38.524744116853,
    48.862259179733));
#948 = CARTESIAN_POINT('',(-10.70414802028,38.481214790337,
    48.993936900576));
#949 = CARTESIAN_POINT('',(-10.88294334659,38.431232183142,
    49.107826560315));
#950 = CARTESIAN_POINT('',(-11.07929138681,38.374972425064,
    49.199646857253));
#951 = CARTESIAN_POINT('',(-11.42198984979,38.274146519325,
    49.306485504444));
#952 = CARTESIAN_POINT('',(-11.55908175513,38.233220293285,
    49.337207335735));
#953 = CARTESIAN_POINT('',(-11.69953841931,38.190623925877,
    49.356392555022));
#954 = CARTESIAN_POINT('',(-11.84143564596,38.146879668383,
    49.363483455073));
#955 = CARTESIAN_POINT('',(-11.98279027558,38.102598365109,
    49.35847702288));
#956 = CARTESIAN_POINT('',(-12.121698,38.058426328891,49.341937606888));
#957 = ORIENTED_EDGE('',*,*,#958,.F.);
#958 = EDGE_CURVE('',#959,#937,#961,.T.);
#959 = VERTEX_POINT('',#960);
#960 = CARTESIAN_POINT('',(-11.03151456377,38.388085025283,
    45.547329547972));
#961 = B_SPLINE_CURVE_WITH_KNOTS('',8,(#962,#963,#964,#965,#966,#967,
    #968,#969,#970),.UNSPECIFIED.,.F.,.F.,(9,9),(0.,1.),
  .PIECEWISE_BEZIER_KNOTS.);
#962 = CARTESIAN_POINT('',(-11.03151456377,38.388085025282,
    45.547329547977));
#963 = CARTESIAN_POINT('',(-10.7430149703,38.470859841366,
    45.683508081014));
#964 = CARTESIAN_POINT('',(-10.49438893075,38.539516585713,
    45.865175504064));
#965 = CARTESIAN_POINT('',(-10.28836744694,38.59459076944,
    46.079313573059));
#966 = CARTESIAN_POINT('',(-10.12524759573,38.637175842926,
    46.316253896871));
#967 = CARTESIAN_POINT('',(-10.00439757661,38.668236645638,
    46.568205042062));
#968 = CARTESIAN_POINT('',(-9.92475669973,38.688548805213,
    46.828844851863));
#969 = CARTESIAN_POINT('',(-9.885233,38.698628933235,47.092971554427));
#970 = CARTESIAN_POINT('',(-9.885233,38.698628933235,47.35596572799));
#971 = ORIENTED_EDGE('',*,*,#972,.T.);
#972 = EDGE_CURVE('',#959,#973,#975,.T.);
#973 = VERTEX_POINT('',#974);
#974 = CARTESIAN_POINT('',(-6.397251366025,39.424469996505,
    15.452693360651));
#975 = B_SPLINE_CURVE_WITH_KNOTS('',6,(#976,#977,#978,#979,#980,#981,
    #982,#983,#984,#985,#986,#987,#988,#989,#990,#991,#992,#993,#994,
    #995,#996,#997,#998,#999,#1000,#1001,#1002,#1003,#1004,#1005,#1006,
    #1007,#1008,#1009,#1010,#1011,#1012,#1013,#1014,#1015,#1016,#1017,
    #1018,#1019,#1020,#1021,#1022),.UNSPECIFIED.,.F.,.F.,(7,5,5,5,5,5,5,
    5,5,7),(0.,6.177872018601E-02,0.110527383119,0.271531831352,
    0.436355464438,0.600277748994,0.786310299685,0.841016618396,
    0.909480014624,1.),.UNSPECIFIED.);
#976 = CARTESIAN_POINT('',(-11.03151456377,38.388085025283,
    45.547329547968));
#977 = CARTESIAN_POINT('',(-11.3512463978,38.296349215745,45.2899763764)
  );
#978 = CARTESIAN_POINT('',(-11.66052960975,38.204158041085,
    45.026283704126));
#979 = CARTESIAN_POINT('',(-11.95952524126,38.111851361464,
    44.756682613388));
#980 = CARTESIAN_POINT('',(-12.24839361514,38.019743816638,
    44.481559272801));
#981 = CARTESIAN_POINT('',(-12.52729457402,37.928125994005,
    44.201254742527));
#982 = CARTESIAN_POINT('',(-13.00872508982,37.765569017782,
    43.69102565044));
#983 = CARTESIAN_POINT('',(-13.21495250498,37.694345213302,
    43.462948057833));
#984 = CARTESIAN_POINT('',(-13.41514536156,37.623726406101,
    43.231979853832));
#985 = CARTESIAN_POINT('',(-13.6093740917,37.553838366879,
    42.998258356778));
#986 = CARTESIAN_POINT('',(-13.79770416255,37.484800414149,
    42.761910351154));
#987 = CARTESIAN_POINT('',(-14.58292050216,37.19189098516,
    41.734163929028));
#988 = CARTESIAN_POINT('',(-15.12227065656,36.97744659965,
    40.917492545697));
#989 = CARTESIAN_POINT('',(-15.59992467885,36.77763324546,
    40.077696667946));
#990 = CARTESIAN_POINT('',(-16.01730239524,36.595950412813,
    39.218422290598));
#991 = CARTESIAN_POINT('',(-16.37544906989,36.435277929981,
    38.342585013295));
#992 = CARTESIAN_POINT('',(-16.98143710878,36.157357875979,
    36.541604636649));
#993 = CARTESIAN_POINT('',(-17.22639762949,36.041259572068,
    35.61597202006));
#994 = CARTESIAN_POINT('',(-17.40996261621,35.952327492844,
    34.679672433411));
#995 = CARTESIAN_POINT('',(-17.53231456083,35.892404941321,
    33.736297690955));
#996 = CARTESIAN_POINT('',(-17.5935247687,35.862426916322,
    32.789259064517));
#997 = CARTESIAN_POINT('',(-17.5935247687,35.862426916322,
    30.899794311574));
#998 = CARTESIAN_POINT('',(-17.53298219296,35.892077965051,
    29.95792976389));
#999 = CARTESIAN_POINT('',(-17.41196360275,35.951347498417,
    29.019669902056));
#1000 = CARTESIAN_POINT('',(-17.23039980466,36.039320525769,
    28.088372283176));
#1001 = CARTESIAN_POINT('',(-16.98811342977,36.154193052206,
    27.167570002123));
#1002 = CARTESIAN_POINT('',(-16.34083092428,36.451267823913,
    25.232396439783));
#1003 = CARTESIAN_POINT('',(-15.9184476028,36.640392293461,
    24.22261175186));
#1004 = CARTESIAN_POINT('',(-15.4169774233,36.857137567887,
    23.235394723155));
#1005 = CARTESIAN_POINT('',(-14.83462645389,37.09698412522,
    22.275197370574));
#1006 = CARTESIAN_POINT('',(-14.1689276649,37.354294705753,
    21.347900150727));
#1007 = CARTESIAN_POINT('',(-13.19590071227,37.70074352255,
    20.20075245794));
#1008 = CARTESIAN_POINT('',(-12.96728258498,37.780389136645,
    19.943544350274));
#1009 = CARTESIAN_POINT('',(-12.73105859755,37.860782047262,
    19.689988209327));
#1010 = CARTESIAN_POINT('',(-12.48712421465,37.941739120451,
    19.440286627275));
#1011 = CARTESIAN_POINT('',(-12.23537204952,38.023064199522,
    19.194666453796));
#1012 = CARTESIAN_POINT('',(-11.65070952448,38.206522886785,
    18.651414180179));
#1013 = CARTESIAN_POINT('',(-11.31330176912,38.308748738158,
    18.356226848638));
#1014 = CARTESIAN_POINT('',(-10.96324873521,38.410815963254,
    18.068308920914));
#1015 = CARTESIAN_POINT('',(-10.60034053727,38.512274465822,
    17.788227452014));
#1016 = CARTESIAN_POINT('',(-10.22437726698,38.612633749275,
    17.516624432482));
#1017 = CARTESIAN_POINT('',(-9.320570986093,38.841899280397,
    16.907270282465));
#1018 = CARTESIAN_POINT('',(-8.78252165783,38.969660871404,
    16.576198177828));
#1019 = CARTESIAN_POINT('',(-8.220995592477,39.093296749863,
    16.263007200678));
#1020 = CARTESIAN_POINT('',(-7.636086759033,39.211347987718,
    15.969822270806));
#1021 = CARTESIAN_POINT('',(-7.02803480767,39.322272520066,
    15.698908528366));
#1022 = CARTESIAN_POINT('',(-6.397251366023,39.424469996505,
    15.452693360652));
#1023 = ORIENTED_EDGE('',*,*,#1024,.F.);
#1024 = EDGE_CURVE('',#1025,#973,#1027,.T.);
#1025 = VERTEX_POINT('',#1026);
#1026 = CARTESIAN_POINT('',(-5.397251,39.573542385271,14.452693360651));
#1027 = B_SPLINE_CURVE_WITH_KNOTS('',7,(#1028,#1029,#1030,#1031,#1032,
    #1033,#1034,#1035,#1036,#1037,#1038,#1039,#1040,#1041),
  .UNSPECIFIED.,.F.,.F.,(8,6,8),(0.,0.610838332663,1.),.UNSPECIFIED.);
#1028 = CARTESIAN_POINT('',(-5.397251,39.573542385271,14.452693360651));
#1029 = CARTESIAN_POINT('',(-5.397251,39.573542385271,14.577630079885));
#1030 = CARTESIAN_POINT('',(-5.415461520383,39.571062520996,
    14.702817559318));
#1031 = CARTESIAN_POINT('',(-5.452015507994,39.566084811894,
    14.825984906361));
#1032 = CARTESIAN_POINT('',(-5.507143593317,39.558523734766,
    14.944689133414));
#1033 = CARTESIAN_POINT('',(-5.581008685391,39.548248521549,
    15.056120665318));
#1034 = CARTESIAN_POINT('',(-5.673596684802,39.535086543745,
    15.156944009161));
#1035 = CARTESIAN_POINT('',(-5.854900533957,39.508589940308,
    15.297577661052));
#1036 = CARTESIAN_POINT('',(-5.933107988232,39.497010383517,
    15.346468845031));
#1037 = CARTESIAN_POINT('',(-6.018110857921,39.484229508378,
    15.387686260819));
#1038 = CARTESIAN_POINT('',(-6.108646403658,39.470373393202,
    15.419768273489));
#1039 = CARTESIAN_POINT('',(-6.203169822987,39.455627536121,
    15.441651495691));
#1040 = CARTESIAN_POINT('',(-6.299966501006,39.440231773122,
    15.452693396259));
#1041 = CARTESIAN_POINT('',(-6.397251366026,39.424469996505,
    15.45269336065));
#1042 = ORIENTED_EDGE('',*,*,#1043,.F.);
#1043 = EDGE_CURVE('',#1044,#1025,#1046,.T.);
#1044 = VERTEX_POINT('',#1045);
#1045 = CARTESIAN_POINT('',(-6.397250980385,39.424470058985,
    13.452693360651));
#1046 = B_SPLINE_CURVE_WITH_KNOTS('',7,(#1047,#1048,#1049,#1050,#1051,
    #1052,#1053,#1054,#1055,#1056,#1057,#1058,#1059,#1060),
  .UNSPECIFIED.,.F.,.F.,(8,6,8),(0.,0.467944275497,1.),.UNSPECIFIED.);
#1047 = CARTESIAN_POINT('',(-6.397250980385,39.424470058985,
    13.452693360651));
#1048 = CARTESIAN_POINT('',(-6.279946253753,39.443475387127,
    13.452693362952));
#1049 = CARTESIAN_POINT('',(-6.163751081586,39.461883899383,
    13.468747644161));
#1050 = CARTESIAN_POINT('',(-6.051569485416,39.479239055864,
    13.500306770278));
#1051 = CARTESIAN_POINT('',(-5.946107533238,39.495181621754,
    13.546078396061));
#1052 = CARTESIAN_POINT('',(-5.849698050203,39.509458812113,
    13.604071641257));
#1053 = CARTESIAN_POINT('',(-5.764081658116,39.521927825532,
    13.671649124455));
#1054 = CARTESIAN_POINT('',(-5.606076702651,39.544635531659,
    13.829654113485));
#1055 = CARTESIAN_POINT('',(-5.536109131303,39.554478376544,
    13.922942534185));
#1056 = CARTESIAN_POINT('',(-5.480350296766,39.562195307318,
    14.022908328322));
#1057 = CARTESIAN_POINT('',(-5.438712302847,39.5678963442,
    14.127518379035));
#1058 = CARTESIAN_POINT('',(-5.411056145185,39.571662442812,
    14.235034617226));
#1059 = CARTESIAN_POINT('',(-5.397251,39.573542385271,14.343913515896));
#1060 = CARTESIAN_POINT('',(-5.397251,39.573542385271,14.452693360651));
#1061 = ORIENTED_EDGE('',*,*,#1062,.F.);
#1062 = EDGE_CURVE('',#1063,#1044,#1065,.T.);
#1063 = VERTEX_POINT('',#1064);
#1064 = CARTESIAN_POINT('',(-12.3951327397,37.970392951681,
    13.452693360651));
#1065 = CIRCLE('',#1066,40.);
#1066 = AXIS2_PLACEMENT_3D('',#1067,#1068,#1069);
#1067 = CARTESIAN_POINT('',(0.,-6.0656E-02,13.452693360651));
#1068 = DIRECTION('',(0.,0.,-1.));
#1069 = DIRECTION('',(1.,0.,0.));
#1070 = ORIENTED_EDGE('',*,*,#1071,.F.);
#1071 = EDGE_CURVE('',#919,#1063,#1072,.T.);
#1072 = B_SPLINE_CURVE_WITH_KNOTS('',7,(#1073,#1074,#1075,#1076,#1077,
    #1078,#1079,#1080,#1081,#1082,#1083,#1084,#1085,#1086,#1087,#1088,
    #1089,#1090,#1091,#1092),.UNSPECIFIED.,.F.,.F.,(8,6,6,8),(0.,
    0.239449692124,0.534423882535,1.),.UNSPECIFIED.);
#1073 = CARTESIAN_POINT('',(-21.56161390737,33.630541748214,
    21.189196483374));
#1074 = CARTESIAN_POINT('',(-21.4712854195,33.68834996254,
    20.797441371235));
#1075 = CARTESIAN_POINT('',(-21.36251647603,33.757561194772,
    20.409637550953));
#1076 = CARTESIAN_POINT('',(-21.23543117321,33.837806980609,
    20.026547353298));
#1077 = CARTESIAN_POINT('',(-21.0901549894,33.928635081022,
    19.648961767892));
#1078 = CARTESIAN_POINT('',(-20.92682229818,34.029515881052,
    19.27770089038));
#1079 = CARTESIAN_POINT('',(-20.74558388138,34.139848788606,
    18.913614369593));
#1080 = CARTESIAN_POINT('',(-20.30150721835,34.405710437026,
    18.118991176637));
#1081 = CARTESIAN_POINT('',(-20.02950762854,34.565778054554,
    17.692650556795));
#1082 = CARTESIAN_POINT('',(-19.73070991916,34.738068715442,
    17.279777414755));
#1083 = CARTESIAN_POINT('',(-19.40511535048,34.921408958327,
    16.881752634004));
#1084 = CARTESIAN_POINT('',(-19.05267529041,35.114538817113,
    16.50016683924));
#1085 = CARTESIAN_POINT('',(-18.6733391159,35.316100728582,
    16.13686766286));
#1086 = CARTESIAN_POINT('',(-17.62592537532,35.853772874622,
    15.252851263698));
#1087 = CARTESIAN_POINT('',(-16.91273058876,36.202848999808,
    14.758385886359));
#1088 = CARTESIAN_POINT('',(-16.12908179356,36.564838951428,
    14.323422340584));
#1089 = CARTESIAN_POINT('',(-15.27852771497,36.93135227427,
    13.961237728057));
#1090 = CARTESIAN_POINT('',(-14.36669926899,37.293434273736,
    13.685609221908));
#1091 = CARTESIAN_POINT('',(-13.40170350786,37.642329997142,
    13.510955176744));
#1092 = CARTESIAN_POINT('',(-12.3951327397,37.970392951681,
    13.452693360651));
#1093 = CYLINDRICAL_SURFACE('',#1094,40.);
#1094 = AXIS2_PLACEMENT_3D('',#1095,#1096,#1097);
#1095 = CARTESIAN_POINT('',(0.,-6.0656E-02,0.));
#1096 = DIRECTION('',(-0.,-0.,-1.));
#1097 = DIRECTION('',(1.,0.,0.));
#1098 = ADVANCED_FACE('',(#1099,#1103),#1114,.F.);
#1099 = FACE_BOUND('',#1100,.F.);
#1100 = EDGE_LOOP('',(#1101,#1102));
#1101 = ORIENTED_EDGE('',*,*,#585,.T.);
#1102 = ORIENTED_EDGE('',*,*,#116,.T.);
#1103 = FACE_BOUND('',#1104,.F.);
#1104 = EDGE_LOOP('',(#1105));
#1105 = ORIENTED_EDGE('',*,*,#1106,.T.);
#1106 = EDGE_CURVE('',#1107,#1107,#1109,.T.);
#1107 = VERTEX_POINT('',#1108);
#1108 = CARTESIAN_POINT('',(35.5,0.,52.841934443504));
#1109 = CIRCLE('',#1110,35.5);
#1110 = AXIS2_PLACEMENT_3D('',#1111,#1112,#1113);
#1111 = CARTESIAN_POINT('',(0.,0.,52.841934443504));
#1112 = DIRECTION('',(0.,0.,1.));
#1113 = DIRECTION('',(1.,0.,0.));
#1114 = PLANE('',#1115);
#1115 = AXIS2_PLACEMENT_3D('',#1116,#1117,#1118);
#1116 = CARTESIAN_POINT('',(1.42E-15,0.2866215,52.841934443504));
#1117 = DIRECTION('',(-0.,-0.,-1.));
#1118 = DIRECTION('',(-1.,0.,0.));
#1119 = ADVANCED_FACE('',(#1120),#1130,.T.);
#1120 = FACE_BOUND('',#1121,.T.);
#1121 = EDGE_LOOP('',(#1122,#1123,#1129));
#1122 = ORIENTED_EDGE('',*,*,#593,.F.);
#1123 = ORIENTED_EDGE('',*,*,#1124,.T.);
#1124 = EDGE_CURVE('',#594,#81,#1125,.T.);
#1125 = LINE('',#1126,#1127);
#1126 = CARTESIAN_POINT('',(-31.89030527219,0.,7.11E-15));
#1127 = VECTOR('',#1128,1.);
#1128 = DIRECTION('',(0.,-1.,2.2E-16));
#1129 = ORIENTED_EDGE('',*,*,#99,.F.);
#1130 = PLANE('',#1131);
#1131 = AXIS2_PLACEMENT_3D('',#1132,#1133,#1134);
#1132 = CARTESIAN_POINT('',(-2.19E-15,2.74E-15,0.));
#1133 = DIRECTION('',(-0.,-0.,-1.));
#1134 = DIRECTION('',(-1.,0.,0.));
#1135 = ADVANCED_FACE('',(#1136),#1147,.F.);
#1136 = FACE_BOUND('',#1137,.F.);
#1137 = EDGE_LOOP('',(#1138,#1139,#1145,#1146));
#1138 = ORIENTED_EDGE('',*,*,#80,.T.);
#1139 = ORIENTED_EDGE('',*,*,#1140,.T.);
#1140 = EDGE_CURVE('',#72,#603,#1141,.T.);
#1141 = LINE('',#1142,#1143);
#1142 = CARTESIAN_POINT('',(-16.,1.33E-15,6.));
#1143 = VECTOR('',#1144,1.);
#1144 = DIRECTION('',(0.,1.,-2.2E-16));
#1145 = ORIENTED_EDGE('',*,*,#602,.T.);
#1146 = ORIENTED_EDGE('',*,*,#1124,.T.);
#1147 = CYLINDRICAL_SURFACE('',#1148,30.);
#1148 = AXIS2_PLACEMENT_3D('',#1149,#1150,#1151);
#1149 = CARTESIAN_POINT('',(-13.78127912885,-5.31E-15,-23.91784212967));
#1150 = DIRECTION('',(0.,-1.,2.2E-16));
#1151 = DIRECTION('',(1.,0.,0.));
#1152 = ADVANCED_FACE('',(#1153,#1164),#1175,.F.);
#1153 = FACE_BOUND('',#1154,.F.);
#1154 = EDGE_LOOP('',(#1155,#1161,#1162,#1163));
#1155 = ORIENTED_EDGE('',*,*,#1156,.F.);
#1156 = EDGE_CURVE('',#625,#50,#1157,.T.);
#1157 = LINE('',#1158,#1159);
#1158 = CARTESIAN_POINT('',(16.,1.33E-15,6.));
#1159 = VECTOR('',#1160,1.);
#1160 = DIRECTION('',(0.,-1.,2.2E-16));
#1161 = ORIENTED_EDGE('',*,*,#624,.F.);
#1162 = ORIENTED_EDGE('',*,*,#1140,.F.);
#1163 = ORIENTED_EDGE('',*,*,#71,.F.);
#1164 = FACE_BOUND('',#1165,.F.);
#1165 = EDGE_LOOP('',(#1166));
#1166 = ORIENTED_EDGE('',*,*,#1167,.T.);
#1167 = EDGE_CURVE('',#1168,#1168,#1170,.T.);
#1168 = VERTEX_POINT('',#1169);
#1169 = CARTESIAN_POINT('',(13.,0.,6.));
#1170 = CIRCLE('',#1171,13.);
#1171 = AXIS2_PLACEMENT_3D('',#1172,#1173,#1174);
#1172 = CARTESIAN_POINT('',(0.,0.,6.));
#1173 = DIRECTION('',(0.,0.,-1.));
#1174 = DIRECTION('',(1.,0.,0.));
#1175 = PLANE('',#1176);
#1176 = AXIS2_PLACEMENT_3D('',#1177,#1178,#1179);
#1177 = CARTESIAN_POINT('',(1.59E-15,0.,6.));
#1178 = DIRECTION('',(0.,2.2E-16,1.));
#1179 = DIRECTION('',(0.,1.,-2.2E-16));
#1180 = ADVANCED_FACE('',(#1181),#1192,.F.);
#1181 = FACE_BOUND('',#1182,.F.);
#1182 = EDGE_LOOP('',(#1183,#1184,#1190,#1191));
#1183 = ORIENTED_EDGE('',*,*,#49,.T.);
#1184 = ORIENTED_EDGE('',*,*,#1185,.T.);
#1185 = EDGE_CURVE('',#41,#576,#1186,.T.);
#1186 = LINE('',#1187,#1188);
#1187 = CARTESIAN_POINT('',(31.890305272193,0.,7.11E-15));
#1188 = VECTOR('',#1189,1.);
#1189 = DIRECTION('',(0.,1.,-2.2E-16));
#1190 = ORIENTED_EDGE('',*,*,#633,.T.);
#1191 = ORIENTED_EDGE('',*,*,#1156,.T.);
#1192 = CYLINDRICAL_SURFACE('',#1193,30.);
#1193 = AXIS2_PLACEMENT_3D('',#1194,#1195,#1196);
#1194 = CARTESIAN_POINT('',(13.781279128854,-5.31E-15,-23.91784212967));
#1195 = DIRECTION('',(0.,-1.,2.2E-16));
#1196 = DIRECTION('',(1.,0.,0.));
#1197 = ADVANCED_FACE('',(#1198),#1204,.T.);
#1198 = FACE_BOUND('',#1199,.T.);
#1199 = EDGE_LOOP('',(#1200,#1201,#1202,#1203));
#1200 = ORIENTED_EDGE('',*,*,#575,.F.);
#1201 = ORIENTED_EDGE('',*,*,#31,.F.);
#1202 = ORIENTED_EDGE('',*,*,#40,.F.);
#1203 = ORIENTED_EDGE('',*,*,#1185,.T.);
#1204 = PLANE('',#1205);
#1205 = AXIS2_PLACEMENT_3D('',#1206,#1207,#1208);
#1206 = CARTESIAN_POINT('',(-2.19E-15,2.74E-15,0.));
#1207 = DIRECTION('',(-0.,-0.,-1.));
#1208 = DIRECTION('',(-1.,0.,0.));
#1209 = ADVANCED_FACE('',(#1210),#1408,.F.);
#1210 = FACE_BOUND('',#1211,.F.);
#1211 = EDGE_LOOP('',(#1212,#1219,#1220,#1221));
#1212 = ORIENTED_EDGE('',*,*,#1213,.T.);
#1213 = EDGE_CURVE('',#1214,#126,#1216,.T.);
#1214 = VERTEX_POINT('',#1215);
#1215 = CARTESIAN_POINT('',(12.5,-3.570714214271,31.841934443504));
#1216 = B_SPLINE_CURVE_WITH_KNOTS('',1,(#1217,#1218),.UNSPECIFIED.,.F.,
  .F.,(2,2),(-270.6011246898,270.60112468986),.PIECEWISE_BEZIER_KNOTS.);
#1217 = CARTESIAN_POINT('',(12.5,270.60112468986,31.841934443504));
#1218 = CARTESIAN_POINT('',(12.5,-270.6011246898,31.841934443504));
#1219 = ORIENTED_EDGE('',*,*,#125,.F.);
#1220 = ORIENTED_EDGE('',*,*,#1213,.F.);
#1221 = ORIENTED_EDGE('',*,*,#1222,.T.);
#1222 = EDGE_CURVE('',#1214,#1214,#1223,.T.);
#1223 = B_SPLINE_CURVE_WITH_KNOTS('',8,(#1224,#1225,#1226,#1227,#1228,
    #1229,#1230,#1231,#1232,#1233,#1234,#1235,#1236,#1237,#1238,#1239,
    #1240,#1241,#1242,#1243,#1244,#1245,#1246,#1247,#1248,#1249,#1250,
    #1251,#1252,#1253,#1254,#1255,#1256,#1257,#1258,#1259,#1260,#1261,
    #1262,#1263,#1264,#1265,#1266,#1267,#1268,#1269,#1270,#1271,#1272,
    #1273,#1274,#1275,#1276,#1277,#1278,#1279,#1280,#1281,#1282,#1283,
    #1284,#1285,#1286,#1287,#1288,#1289,#1290,#1291,#1292,#1293,#1294,
    #1295,#1296,#1297,#1298,#1299,#1300,#1301,#1302,#1303,#1304,#1305,
    #1306,#1307,#1308,#1309,#1310,#1311,#1312,#1313,#1314,#1315,#1316,
    #1317,#1318,#1319,#1320,#1321,#1322,#1323,#1324,#1325,#1326,#1327,
    #1328,#1329,#1330,#1331,#1332,#1333,#1334,#1335,#1336,#1337,#1338,
    #1339,#1340,#1341,#1342,#1343,#1344,#1345,#1346,#1347,#1348,#1349,
    #1350,#1351,#1352,#1353,#1354,#1355,#1356,#1357,#1358,#1359,#1360,
    #1361,#1362,#1363,#1364,#1365,#1366,#1367,#1368,#1369,#1370,#1371,
    #1372,#1373,#1374,#1375,#1376,#1377,#1378,#1379,#1380,#1381,#1382,
    #1383,#1384,#1385,#1386,#1387,#1388,#1389,#1390,#1391,#1392,#1393,
    #1394,#1395,#1396,#1397,#1398,#1399,#1400,#1401,#1402,#1403,#1404,
    #1405,#1406,#1407),.UNSPECIFIED.,.T.,.F.,(9,7,7,7,7,7,7,7,7,7,7,7,7,
    7,7,7,7,7,7,7,7,7,7,7,7,7,9),(0.,2.216941272322E-02,
    5.67130990637E-02,8.657635359507E-02,0.154552544367,0.199162622085,
    0.230189851912,0.267084809874,0.294485624909,0.321838966284,
    0.359797136147,0.410603522118,0.468719657138,0.498008299538,
    0.520355037901,0.555175027513,0.585277148124,0.653797057931,
    0.69876395658,0.73003936239,0.767229430729,0.794849415693,
    0.82242154728,0.860683331825,0.911896101053,0.970477087564,1.),
  .UNSPECIFIED.);
#1224 = CARTESIAN_POINT('',(12.5,-3.570714214271,31.841934443504));
#1225 = CARTESIAN_POINT('',(12.5,-3.570714214271,32.062867172));
#1226 = CARTESIAN_POINT('',(12.49553682972,-3.586336921901,
    32.281862874104));
#1227 = CARTESIAN_POINT('',(12.486749345166,-3.61710293492,
    32.498938173155));
#1228 = CARTESIAN_POINT('',(12.473758945355,-3.662163046871,
    32.713989122467));
#1229 = CARTESIAN_POINT('',(12.456701596672,-3.720279187757,
    32.926671505783));
#1230 = CARTESIAN_POINT('',(12.435779309778,-3.789812421859,
    33.136300062888));
#1231 = CARTESIAN_POINT('',(12.41133106908,-3.868718002671,
    33.341766640378));
#1232 = CARTESIAN_POINT('',(12.341217152371,-4.088284303016,
    33.852660128032));
#1233 = CARTESIAN_POINT('',(12.290488271047,-4.241449545295,
    34.155960829341));
#1234 = CARTESIAN_POINT('',(12.232344150399,-4.409163602336,
    34.451909103143));
#1235 = CARTESIAN_POINT('',(12.167323266893,-4.587242246643,
    34.74063373369));
#1236 = CARTESIAN_POINT('',(12.095920391577,-4.772569520173,
    35.022441713593));
#1237 = CARTESIAN_POINT('',(12.018414996788,-4.963289102142,
    35.298221944923));
#1238 = CARTESIAN_POINT('',(11.934614174983,-5.158845865619,
    35.569661449959));
#1239 = CARTESIAN_POINT('',(11.764957842097,-5.533730080986,
    36.072333634726));
#1240 = CARTESIAN_POINT('',(11.681336615976,-5.710743735773,
    36.302793431855));
#1241 = CARTESIAN_POINT('',(11.592833249537,-5.89007778207,
    36.530637278664));
#1242 = CARTESIAN_POINT('',(11.499481580816,-6.071105671492,
    36.75595054779));
#1243 = CARTESIAN_POINT('',(11.401259376762,-6.253404054668,
    36.9788944472));
#1244 = CARTESIAN_POINT('',(11.298076732347,-6.436712486972,
    37.199690812961));
#1245 = CARTESIAN_POINT('',(11.189767422817,-6.62089560627,
    37.418605400631));
#1246 = CARTESIAN_POINT('',(10.817309678748,-7.22704148672,
    38.130613747229));
#1247 = CARTESIAN_POINT('',(10.53186227536,-7.650558612883,
    38.614811549838));
#1248 = CARTESIAN_POINT('',(10.218336088316,-8.074099894895,
    39.090022210251));
#1249 = CARTESIAN_POINT('',(9.874772652341,-8.496204137283,39.5568009958
    ));
#1250 = CARTESIAN_POINT('',(9.498789855863,-8.91521942825,
    40.014913610414));
#1251 = CARTESIAN_POINT('',(9.087723335763,-9.329050908766,
    40.463196846202));
#1252 = CARTESIAN_POINT('',(8.638701731177,-9.734892939937,
    40.899538007289));
#1253 = CARTESIAN_POINT('',(7.827329945781,-10.38764440558,
    41.597068947581));
#1254 = CARTESIAN_POINT('',(7.488083758429,-10.64135947773,
    41.867044707357));
#1255 = CARTESIAN_POINT('',(7.129728629593,-10.88948812921,
    42.130115580567));
#1256 = CARTESIAN_POINT('',(6.750873064942,-11.13104214394,
    42.385403722177));
#1257 = CARTESIAN_POINT('',(6.350133643636,-11.36467059764,
    42.631631370548));
#1258 = CARTESIAN_POINT('',(5.926182668809,-11.58862650541,
    42.86709777662));
#1259 = CARTESIAN_POINT('',(5.47779664549,-11.80073626939,
    43.089652968409));
#1260 = CARTESIAN_POINT('',(4.674304572732,-12.13583160531,
    43.440651822132));
#1261 = CARTESIAN_POINT('',(4.331520464229,-12.26664176106,
    43.577486955761));
#1262 = CARTESIAN_POINT('',(3.975849065284,-12.38953502051,
    43.705886605485));
#1263 = CARTESIAN_POINT('',(3.607641570988,-12.50326444809,
    43.824587580543));
#1264 = CARTESIAN_POINT('',(3.227308701062,-12.60660346179,
    43.932348524424));
#1265 = CARTESIAN_POINT('',(2.835324834229,-12.69834574903,
    44.02794779369));
#1266 = CARTESIAN_POINT('',(2.432232142578,-12.77730518254,
    44.110181336798));
#1267 = CARTESIAN_POINT('',(1.526841544156,-12.91962078932,
    44.258338997377));
#1268 = CARTESIAN_POINT('',(1.020784154401,-12.97711037601,
    44.318142139124));
#1269 = CARTESIAN_POINT('',(0.505191648599,-13.01233516805,
    44.354762976807));
#1270 = CARTESIAN_POINT('',(-1.513650184237E-02,-13.02382882807,
    44.366708381305));
#1271 = CARTESIAN_POINT('',(-0.535361183272,-13.01111376835,
    44.353493302182));
#1272 = CARTESIAN_POINT('',(-1.050644289126,-12.9747029482,
    44.315638759215));
#1273 = CARTESIAN_POINT('',(-1.556189281358,-12.91609770997,
    44.254673638975));
#1274 = CARTESIAN_POINT('',(-2.412001731021,-12.7796185905,
    44.112587848105));
#1275 = CARTESIAN_POINT('',(-2.768649042553,-12.71060003695,
    44.040707649871));
#1276 = CARTESIAN_POINT('',(-3.116748344917,-12.63152187486,
    43.958310639901));
#1277 = CARTESIAN_POINT('',(-3.455863457992,-12.54320439267,
    43.866229799453));
#1278 = CARTESIAN_POINT('',(-3.785597255673,-12.44649168668,
    43.765320726807));
#1279 = CARTESIAN_POINT('',(-4.105591646337,-12.34225106229,
    43.656462211152));
#1280 = CARTESIAN_POINT('',(-4.415527553319,-12.23137243525,
    43.540556806489));
#1281 = CARTESIAN_POINT('',(-5.014203165946,-11.99836505553,
    43.296717421338));
#1282 = CARTESIAN_POINT('',(-5.303494089905,-11.87605529416,
    43.168594548663));
#1283 = CARTESIAN_POINT('',(-5.583227792401,-11.74848836938,
    43.034814769091));
#1284 = CARTESIAN_POINT('',(-5.853661663508,-11.61624680387,
    42.895959594227));
#1285 = CARTESIAN_POINT('',(-6.115075300216,-11.47984836283,
    42.752542428426));
#1286 = CARTESIAN_POINT('',(-6.367765448423,-11.33974869434,
    42.605010931524));
#1287 = CARTESIAN_POINT('',(-6.612040944915,-11.19634396981,
    42.453749381574));
#1288 = CARTESIAN_POINT('',(-7.175959550983,-10.84685558887,
    42.084448126994));
#1289 = CARTESIAN_POINT('',(-7.48829676931,-10.63790821225,
    41.863129517351));
#1290 = CARTESIAN_POINT('',(-7.785924860352,-10.42409899963,
    41.636051949292));
#1291 = CARTESIAN_POINT('',(-8.069558830338,-10.20622872318,
    41.403960891878));
#1292 = CARTESIAN_POINT('',(-8.339919413291,-9.984942887958,
    41.16743079606));
#1293 = CARTESIAN_POINT('',(-8.59771953617,-9.760744980933,
    40.926873809666));
#1294 = CARTESIAN_POINT('',(-8.843650981571,-9.534011403333,
    40.682546953913));
#1295 = CARTESIAN_POINT('',(-9.392540463548,-8.998490913147,
    40.10262830659));
#1296 = CARTESIAN_POINT('',(-9.686509272405,-8.688019841143,
    39.764259502065));
#1297 = CARTESIAN_POINT('',(-9.961382986346,-8.374724043223,
    39.420241668644));
#1298 = CARTESIAN_POINT('',(-10.21819666932,-8.059543984442,
    39.071087657017));
#1299 = CARTESIAN_POINT('',(-10.45790240608,-7.743290123661,
    38.71704097025));
#1300 = CARTESIAN_POINT('',(-10.68134003313,-7.426714796108,
    38.358108350813));
#1301 = CARTESIAN_POINT('',(-10.88920677687,-7.11064227601,
    37.994083140376));
#1302 = CARTESIAN_POINT('',(-11.30261969405,-6.436521791339,
    37.201798370595));
#1303 = CARTESIAN_POINT('',(-11.49837800111,-6.087377660289,
    36.781704858894));
#1304 = CARTESIAN_POINT('',(-11.6759034843,-5.743476348219,
    36.356171633569));
#1305 = CARTESIAN_POINT('',(-11.83791064328,-5.402098032527,
    35.918589676051));
#1306 = CARTESIAN_POINT('',(-11.98422204953,-5.06496432183,
    35.465259116607));
#1307 = CARTESIAN_POINT('',(-12.11265031333,-4.739592772038,
    34.996249900947));
#1308 = CARTESIAN_POINT('',(-12.22139295298,-4.439770654942,
    34.514014102655));
#1309 = CARTESIAN_POINT('',(-12.35301883299,-4.052372490513,
    33.769898435031));
#1310 = CARTESIAN_POINT('',(-12.3929735549,-3.92964259365,
    33.510369299148));
#1311 = CARTESIAN_POINT('',(-12.42748254614,-3.818855742004,
    33.243635766192));
#1312 = CARTESIAN_POINT('',(-12.45578752287,-3.724269867827,
    32.971719602276));
#1313 = CARTESIAN_POINT('',(-12.47749071621,-3.649510551048,
    32.695696278621));
#1314 = CARTESIAN_POINT('',(-12.49233411303,-3.597550783763,
    32.415781429873));
#1315 = CARTESIAN_POINT('',(-12.5,-3.570714214271,32.131498834267));
#1316 = CARTESIAN_POINT('',(-12.5,-3.570714214271,31.621001715008));
#1317 = CARTESIAN_POINT('',(-12.49553682972,-3.586336921901,
    31.402006012903));
#1318 = CARTESIAN_POINT('',(-12.48674934516,-3.61710293492,
    31.184930713851));
#1319 = CARTESIAN_POINT('',(-12.47375894535,-3.662163046871,
    30.96987976454));
#1320 = CARTESIAN_POINT('',(-12.45670159667,-3.720279187757,
    30.757197381225));
#1321 = CARTESIAN_POINT('',(-12.43577930977,-3.789812421858,
    30.54756882412));
#1322 = CARTESIAN_POINT('',(-12.41133106908,-3.868718002671,
    30.342102246629));
#1323 = CARTESIAN_POINT('',(-12.34121715237,-4.088284303016,
    29.831208758977));
#1324 = CARTESIAN_POINT('',(-12.29048827104,-4.241449545295,
    29.527908057666));
#1325 = CARTESIAN_POINT('',(-12.23234415039,-4.409163602336,
    29.231959783864));
#1326 = CARTESIAN_POINT('',(-12.16732326689,-4.587242246643,
    28.943235153317));
#1327 = CARTESIAN_POINT('',(-12.09592039157,-4.772569520173,
    28.661427173415));
#1328 = CARTESIAN_POINT('',(-12.01841499678,-4.963289102142,
    28.385646942085));
#1329 = CARTESIAN_POINT('',(-11.93461417498,-5.158845865619,
    28.114207437048));
#1330 = CARTESIAN_POINT('',(-11.76495784209,-5.533730080986,
    27.611535252282));
#1331 = CARTESIAN_POINT('',(-11.68133661597,-5.710743735773,
    27.381075455153));
#1332 = CARTESIAN_POINT('',(-11.59283324953,-5.89007778207,
    27.153231608343));
#1333 = CARTESIAN_POINT('',(-11.49948158081,-6.071105671493,
    26.927918339217));
#1334 = CARTESIAN_POINT('',(-11.40125937676,-6.253404054668,
    26.704974439807));
#1335 = CARTESIAN_POINT('',(-11.29807673234,-6.436712486972,
    26.484178074047));
#1336 = CARTESIAN_POINT('',(-11.18976742281,-6.620895606269,
    26.265263486377));
#1337 = CARTESIAN_POINT('',(-10.817309677,-7.227041489555,
    25.553255136448));
#1338 = CARTESIAN_POINT('',(-10.53186228013,-7.650558604247,
    25.069057347366));
#1339 = CARTESIAN_POINT('',(-10.21833608522,-8.074099904531,
    24.593846665016));
#1340 = CARTESIAN_POINT('',(-9.874772646242,-8.496204136579,
    24.127067893151));
#1341 = CARTESIAN_POINT('',(-9.49878986907,-8.915219419849,
    23.668955285031));
#1342 = CARTESIAN_POINT('',(-9.087723325549,-9.329050916649,
    23.220672032492));
#1343 = CARTESIAN_POINT('',(-8.638701734408,-9.734892937338,
    22.784330882496));
#1344 = CARTESIAN_POINT('',(-7.827329945852,-10.38764440552,
    22.086799939487));
#1345 = CARTESIAN_POINT('',(-7.488083758402,-10.64135947776,
    21.816824179614));
#1346 = CARTESIAN_POINT('',(-7.129728629513,-10.88948812926,
    21.55375330639));
#1347 = CARTESIAN_POINT('',(-6.750873064928,-11.13104214394,
    21.298465164838));
#1348 = CARTESIAN_POINT('',(-6.350133643722,-11.36467059759,
    21.05223751651));
#1349 = CARTESIAN_POINT('',(-5.926182668873,-11.58862650539,
    20.816771110407));
#1350 = CARTESIAN_POINT('',(-5.477796645386,-11.80073626944,
    20.594215918553));
#1351 = CARTESIAN_POINT('',(-4.674304576376,-12.13583160379,
    20.243217066468));
#1352 = CARTESIAN_POINT('',(-4.331520461202,-12.26664176166,
    20.106381930622));
#1353 = CARTESIAN_POINT('',(-3.975849061105,-12.3895350219,
    19.977982280061));
#1354 = CARTESIAN_POINT('',(-3.607641571765,-12.50326444837,
    19.859281306174));
#1355 = CARTESIAN_POINT('',(-3.227308706112,-12.60660346069,
    19.751520363728));
#1356 = CARTESIAN_POINT('',(-2.835324836543,-12.69834574815,
    19.655921094235));
#1357 = CARTESIAN_POINT('',(-2.432232137148,-12.7773051834,
    19.573687549321));
#1358 = CARTESIAN_POINT('',(-1.526841544194,-12.91962078931,
    19.425529889637));
#1359 = CARTESIAN_POINT('',(-1.020784154378,-12.97711037602,
    19.365726747877));
#1360 = CARTESIAN_POINT('',(-0.50519164856,-13.01233516805,
    19.329105910199));
#1361 = CARTESIAN_POINT('',(1.513650184259E-02,-13.02382882806,
    19.317160505709));
#1362 = CARTESIAN_POINT('',(0.535361183234,-13.01111376835,
    19.330375584825));
#1363 = CARTESIAN_POINT('',(1.050644289104,-12.97470294821,
    19.368230127785));
#1364 = CARTESIAN_POINT('',(1.556189281397,-12.91609770996,
    19.429195248039));
#1365 = CARTESIAN_POINT('',(2.412001731148,-12.77961859048,
    19.571281038923));
#1366 = CARTESIAN_POINT('',(2.768649042597,-12.71060003694,
    19.643161237152));
#1367 = CARTESIAN_POINT('',(3.116748344852,-12.63152187487,
    19.725558247097));
#1368 = CARTESIAN_POINT('',(3.455863457888,-12.5432043927,
    19.817639087525));
#1369 = CARTESIAN_POINT('',(3.785597255619,-12.4464916867,
    19.918548160177));
#1370 = CARTESIAN_POINT('',(4.10559164638,-12.34225106229,
    20.027406675865));
#1371 = CARTESIAN_POINT('',(4.415527553421,-12.23137243521,
    20.14331208056));
#1372 = CARTESIAN_POINT('',(5.014203165947,-11.99836505553,
    20.38715146567));
#1373 = CARTESIAN_POINT('',(5.303494089906,-11.87605529416,
    20.515274338344));
#1374 = CARTESIAN_POINT('',(5.583227792401,-11.74848836938,
    20.649054117917));
#1375 = CARTESIAN_POINT('',(5.853661663508,-11.61624680387,
    20.787909292781));
#1376 = CARTESIAN_POINT('',(6.115075300216,-11.47984836283,
    20.931326458582));
#1377 = CARTESIAN_POINT('',(6.367765448423,-11.33974869434,
    21.078857955484));
#1378 = CARTESIAN_POINT('',(6.612040944916,-11.19634396981,
    21.230119505434));
#1379 = CARTESIAN_POINT('',(7.175959550983,-10.84685558887,
    21.599420760014));
#1380 = CARTESIAN_POINT('',(7.488296769309,-10.63790821225,
    21.820739369656));
#1381 = CARTESIAN_POINT('',(7.785924860353,-10.42409899963,
    22.047816937716));
#1382 = CARTESIAN_POINT('',(8.069558830339,-10.20622872318,
    22.27990799513));
#1383 = CARTESIAN_POINT('',(8.339919413291,-9.984942887958,
    22.516438090948));
#1384 = CARTESIAN_POINT('',(8.59771953617,-9.760744980933,
    22.756995077342));
#1385 = CARTESIAN_POINT('',(8.843650981571,-9.534011403333,
    23.001321933094));
#1386 = CARTESIAN_POINT('',(9.392540463546,-8.998490913149,
    23.581240580416));
#1387 = CARTESIAN_POINT('',(9.686509272408,-8.68801984114,
    23.919609384946));
#1388 = CARTESIAN_POINT('',(9.961382986346,-8.374724043222,
    24.263627218363));
#1389 = CARTESIAN_POINT('',(10.218196669325,-8.059543984441,
    24.612781229992));
#1390 = CARTESIAN_POINT('',(10.45790240608,-7.743290123661,
    24.966827916758));
#1391 = CARTESIAN_POINT('',(10.681340033132,-7.426714796111,
    25.32576053619));
#1392 = CARTESIAN_POINT('',(10.889206776879,-7.110642276008,
    25.689785746634));
#1393 = CARTESIAN_POINT('',(11.302619694049,-6.436521791345,
    26.482070516406));
#1394 = CARTESIAN_POINT('',(11.498378001122,-6.087377660278,
    26.902164028127));
#1395 = CARTESIAN_POINT('',(11.675903484308,-5.743476348221,
    27.327697253435));
#1396 = CARTESIAN_POINT('',(11.837910643275,-5.402098032535,
    27.765279210951));
#1397 = CARTESIAN_POINT('',(11.98422204954,-5.064964321829,
    28.218609770394));
#1398 = CARTESIAN_POINT('',(12.112650313336,-4.739592772031,
    28.687618986077));
#1399 = CARTESIAN_POINT('',(12.221392952979,-4.439770654946,
    29.169854784344));
#1400 = CARTESIAN_POINT('',(12.353018832995,-4.052372490513,
    29.913970451977));
#1401 = CARTESIAN_POINT('',(12.392973554906,-3.929642593651,
    30.173499587858));
#1402 = CARTESIAN_POINT('',(12.427482546143,-3.818855742002,
    30.440233120819));
#1403 = CARTESIAN_POINT('',(12.455787522875,-3.724269867827,
    30.712149284732));
#1404 = CARTESIAN_POINT('',(12.477490716219,-3.64951055105,
    30.988172608383));
#1405 = CARTESIAN_POINT('',(12.492334113038,-3.597550783762,
    31.268087457137));
#1406 = CARTESIAN_POINT('',(12.5,-3.570714214271,31.552370052741));
#1407 = CARTESIAN_POINT('',(12.5,-3.570714214271,31.841934443504));
#1408 = CYLINDRICAL_SURFACE('',#1409,12.5);
#1409 = AXIS2_PLACEMENT_3D('',#1410,#1411,#1412);
#1410 = CARTESIAN_POINT('',(0.,7.07E-15,31.841934443504));
#1411 = DIRECTION('',(0.,-1.,2.2E-16));
#1412 = DIRECTION('',(1.,0.,0.));
#1413 = ADVANCED_FACE('',(#1414),#1440,.F.);
#1414 = FACE_BOUND('',#1415,.F.);
#1415 = EDGE_LOOP('',(#1416,#1424,#1433,#1439));
#1416 = ORIENTED_EDGE('',*,*,#1417,.F.);
#1417 = EDGE_CURVE('',#1418,#214,#1420,.T.);
#1418 = VERTEX_POINT('',#1419);
#1419 = CARTESIAN_POINT('',(6.397251,-38.97852202999,13.452693495815));
#1420 = LINE('',#1421,#1422);
#1421 = CARTESIAN_POINT('',(6.397251,2.99E-15,13.452693495815));
#1422 = VECTOR('',#1423,1.);
#1423 = DIRECTION('',(0.,-1.,2.2E-16));
#1424 = ORIENTED_EDGE('',*,*,#1425,.T.);
#1425 = EDGE_CURVE('',#1418,#1426,#1428,.T.);
#1426 = VERTEX_POINT('',#1427);
#1427 = CARTESIAN_POINT('',(12.395133131352,-37.5048086871,
    13.452693495815));
#1428 = CIRCLE('',#1429,39.5);
#1429 = AXIS2_PLACEMENT_3D('',#1430,#1431,#1432);
#1430 = CARTESIAN_POINT('',(0.,0.,13.452693495815));
#1431 = DIRECTION('',(0.,0.,1.));
#1432 = DIRECTION('',(1.,0.,0.));
#1433 = ORIENTED_EDGE('',*,*,#1434,.F.);
#1434 = EDGE_CURVE('',#212,#1426,#1435,.T.);
#1435 = LINE('',#1436,#1437);
#1436 = CARTESIAN_POINT('',(12.395133131352,2.99E-15,13.452693495815));
#1437 = VECTOR('',#1438,1.);
#1438 = DIRECTION('',(0.,1.,-2.2E-16));
#1439 = ORIENTED_EDGE('',*,*,#211,.T.);
#1440 = PLANE('',#1441);
#1441 = AXIS2_PLACEMENT_3D('',#1442,#1443,#1444);
#1442 = CARTESIAN_POINT('',(9.396192065676,0.,13.452693495815));
#1443 = DIRECTION('',(1.552E-14,-2.2E-16,-1.));
#1444 = DIRECTION('',(-1.,0.,-1.552E-14));
#1445 = ADVANCED_FACE('',(#1446),#1483,.F.);
#1446 = FACE_BOUND('',#1447,.F.);
#1447 = EDGE_LOOP('',(#1448,#1449,#1450,#1477));
#1448 = ORIENTED_EDGE('',*,*,#222,.F.);
#1449 = ORIENTED_EDGE('',*,*,#1434,.T.);
#1450 = ORIENTED_EDGE('',*,*,#1451,.T.);
#1451 = EDGE_CURVE('',#1426,#1452,#1454,.T.);
#1452 = VERTEX_POINT('',#1453);
#1453 = CARTESIAN_POINT('',(21.561612051977,-33.09602522539,
    21.18919686565));
#1454 = B_SPLINE_CURVE_WITH_KNOTS('',6,(#1455,#1456,#1457,#1458,#1459,
    #1460,#1461,#1462,#1463,#1464,#1465,#1466,#1467,#1468,#1469,#1470,
    #1471,#1472,#1473,#1474,#1475,#1476),.UNSPECIFIED.,.F.,.F.,(7,5,5,5,
    7),(0.,0.22252010343,0.456610639905,0.739769110979,1.),
  .UNSPECIFIED.);
#1455 = CARTESIAN_POINT('',(12.395133131352,-37.5048086871,
    13.452693495815));
#1456 = CARTESIAN_POINT('',(12.952902603296,-37.32046894232,
    13.484978154967));
#1457 = CARTESIAN_POINT('',(13.499896499044,-37.12864910591,
    13.5541595921));
#1458 = CARTESIAN_POINT('',(14.032904480874,-36.93096561734,
    13.657880458406));
#1459 = CARTESIAN_POINT('',(14.549034212121,-36.72934206742,
    13.793412716645));
#1460 = CARTESIAN_POINT('',(15.045768810655,-36.52590748833,
    13.957660038828));
#1461 = CARTESIAN_POINT('',(16.020932852453,-36.10921328581,
    14.346484479456));
#1462 = CARTESIAN_POINT('',(16.497918864718,-35.8956290151,
    14.574093828219));
#1463 = CARTESIAN_POINT('',(16.951356232394,-35.68376519216,
    14.826907502514));
#1464 = CARTESIAN_POINT('',(17.380951295737,-35.47520513179,
    15.102265410567));
#1465 = CARTESIAN_POINT('',(17.786593996855,-35.27140259206,
    15.397856958616));
#1466 = CARTESIAN_POINT('',(18.629952442397,-34.83454054751,
    16.091272990259));
#1467 = CARTESIAN_POINT('',(19.056907228168,-34.60412725798,
    16.497817679739));
#1468 = CARTESIAN_POINT('',(19.449143703413,-34.3847742969,
    16.927935583926));
#1469 = CARTESIAN_POINT('',(19.806772672711,-34.17859913546,
    17.378887050211));
#1470 = CARTESIAN_POINT('',(20.129847042449,-33.98753811896,
    17.848421710237));
#1471 = CARTESIAN_POINT('',(20.683261919644,-33.6533583928,
    18.781487864602));
#1472 = CARTESIAN_POINT('',(20.919017516934,-33.50759504356,
    19.242468938771));
#1473 = CARTESIAN_POINT('',(21.125059492074,-33.37771104219,
    19.715568708352));
#1474 = CARTESIAN_POINT('',(21.301044242897,-33.26509874951,
    20.1989019335));
#1475 = CARTESIAN_POINT('',(21.44666781146,-33.17090984083,
    20.690683019536));
#1476 = CARTESIAN_POINT('',(21.561612051977,-33.09602522539,
    21.18919686565));
#1477 = ORIENTED_EDGE('',*,*,#1478,.T.);
#1478 = EDGE_CURVE('',#1452,#223,#1479,.T.);
#1479 = LINE('',#1480,#1481);
#1480 = CARTESIAN_POINT('',(21.561612051977,4.7E-15,21.18919686565));
#1481 = VECTOR('',#1482,1.);
#1482 = DIRECTION('',(0.,-1.,2.2E-16));
#1483 = CYLINDRICAL_SURFACE('',#1484,10.);
#1484 = AXIS2_PLACEMENT_3D('',#1485,#1486,#1487);
#1485 = CARTESIAN_POINT('',(11.817283056458,5.2E-15,23.435984));
#1486 = DIRECTION('',(0.,-1.,2.2E-16));
#1487 = DIRECTION('',(1.,0.,0.));
#1488 = ADVANCED_FACE('',(#1489),#1530,.F.);
#1489 = FACE_BOUND('',#1490,.F.);
#1490 = EDGE_LOOP('',(#1491,#1492,#1500,#1529));
#1491 = ORIENTED_EDGE('',*,*,#358,.F.);
#1492 = ORIENTED_EDGE('',*,*,#1493,.T.);
#1493 = EDGE_CURVE('',#327,#1494,#1496,.T.);
#1494 = VERTEX_POINT('',#1495);
#1495 = CARTESIAN_POINT('',(6.397251,-38.97852202999,15.452693495816));
#1496 = LINE('',#1497,#1498);
#1497 = CARTESIAN_POINT('',(6.397251,3.43E-15,15.452693495816));
#1498 = VECTOR('',#1499,1.);
#1499 = DIRECTION('',(0.,1.,-2.2E-16));
#1500 = ORIENTED_EDGE('',*,*,#1501,.T.);
#1501 = EDGE_CURVE('',#1494,#1418,#1502,.T.);
#1502 = B_SPLINE_CURVE_WITH_KNOTS('',7,(#1503,#1504,#1505,#1506,#1507,
    #1508,#1509,#1510,#1511,#1512,#1513,#1514,#1515,#1516,#1517,#1518,
    #1519,#1520,#1521,#1522,#1523,#1524,#1525,#1526,#1527,#1528),
  .UNSPECIFIED.,.F.,.F.,(8,6,6,6,8),(0.,0.194605822011,0.5,
    0.805394177989,1.),.UNSPECIFIED.);
#1503 = CARTESIAN_POINT('',(6.397251,-38.97852202999,15.452693495815));
#1504 = CARTESIAN_POINT('',(6.299975498871,-38.99448712473,
    15.452693495815));
#1505 = CARTESIAN_POINT('',(6.203185106419,-39.01008181544,
    15.441653685343));
#1506 = CARTESIAN_POINT('',(6.108664629099,-39.0250185465,
    15.419773401073));
#1507 = CARTESIAN_POINT('',(6.018128663824,-39.03905436357,
    15.387693912137));
#1508 = CARTESIAN_POINT('',(5.933122246737,-39.05200133359,
    15.34647734393));
#1509 = CARTESIAN_POINT('',(5.854908595678,-39.06373169354,
    15.297584060881));
#1510 = CARTESIAN_POINT('',(5.673607109931,-39.09057064992,
    15.156952213065));
#1511 = CARTESIAN_POINT('',(5.581021340038,-39.10390240001,
    15.056136078513));
#1512 = CARTESIAN_POINT('',(5.507153340063,-39.11431069145,
    14.944707612827));
#1513 = CARTESIAN_POINT('',(5.452020681924,-39.12196995245,
    14.826001762797));
#1514 = CARTESIAN_POINT('',(5.415463014339,-39.12701236953,
    14.702829255499));
#1515 = CARTESIAN_POINT('',(5.397251,-39.12952442393,14.577635338336));
#1516 = CARTESIAN_POINT('',(5.397251,-39.12952442393,14.327751653294));
#1517 = CARTESIAN_POINT('',(5.415463014339,-39.12701236953,
    14.202557736131));
#1518 = CARTESIAN_POINT('',(5.452020681924,-39.12196995245,
    14.079385228834));
#1519 = CARTESIAN_POINT('',(5.507153340064,-39.11431069145,
    13.960679378803));
#1520 = CARTESIAN_POINT('',(5.581021340038,-39.10390240001,
    13.849250913118));
#1521 = CARTESIAN_POINT('',(5.673607109931,-39.09057064992,
    13.748434778566));
#1522 = CARTESIAN_POINT('',(5.854908595678,-39.06373169354,
    13.607802930749));
#1523 = CARTESIAN_POINT('',(5.933122246737,-39.05200133359,13.5589096477
    ));
#1524 = CARTESIAN_POINT('',(6.018128663824,-39.03905436357,
    13.517693079493));
#1525 = CARTESIAN_POINT('',(6.108664629099,-39.0250185465,
    13.485613590557));
#1526 = CARTESIAN_POINT('',(6.203185106419,-39.01008181544,
    13.463733306287));
#1527 = CARTESIAN_POINT('',(6.299975498871,-38.99448712473,
    13.452693495815));
#1528 = CARTESIAN_POINT('',(6.397251,-38.97852202999,13.452693495815));
#1529 = ORIENTED_EDGE('',*,*,#1417,.T.);
#1530 = CYLINDRICAL_SURFACE('',#1531,1.);
#1531 = AXIS2_PLACEMENT_3D('',#1532,#1533,#1534);
#1532 = CARTESIAN_POINT('',(6.397251,3.21E-15,14.452693495815));
#1533 = DIRECTION('',(0.,-1.,2.2E-16));
#1534 = DIRECTION('',(1.,0.,0.));
#1535 = ADVANCED_FACE('',(#1536),#1555,.F.);
#1536 = FACE_BOUND('',#1537,.F.);
#1537 = EDGE_LOOP('',(#1538,#1539,#1548,#1554));
#1538 = ORIENTED_EDGE('',*,*,#1478,.F.);
#1539 = ORIENTED_EDGE('',*,*,#1540,.F.);
#1540 = EDGE_CURVE('',#1541,#1452,#1543,.T.);
#1541 = VERTEX_POINT('',#1542);
#1542 = CARTESIAN_POINT('',(30.708993,-24.84366617321,49.341934732543));
#1543 = ELLIPSE('',#1544,127.82466094211,39.5);
#1544 = AXIS2_PLACEMENT_3D('',#1545,#1546,#1547);
#1545 = CARTESIAN_POINT('',(0.,0.,-45.17060770969));
#1546 = DIRECTION('',(0.95105649731,0.,-0.309017052804));
#1547 = DIRECTION('',(0.309017052804,0.,0.95105649731));
#1548 = ORIENTED_EDGE('',*,*,#1549,.T.);
#1549 = EDGE_CURVE('',#1541,#250,#1550,.T.);
#1550 = LINE('',#1551,#1552);
#1551 = CARTESIAN_POINT('',(30.708993,1.096E-14,49.341934732543));
#1552 = VECTOR('',#1553,1.);
#1553 = DIRECTION('',(0.,-1.,2.2E-16));
#1554 = ORIENTED_EDGE('',*,*,#249,.T.);
#1555 = PLANE('',#1556);
#1556 = AXIS2_PLACEMENT_3D('',#1557,#1558,#1559);
#1557 = CARTESIAN_POINT('',(26.135302525989,0.,35.265565799097));
#1558 = DIRECTION('',(0.95105649731,0.,-0.309017052804));
#1559 = DIRECTION('',(0.309017052804,0.,0.95105649731));
#1560 = ADVANCED_FACE('',(#1561),#1631,.T.);
#1561 = FACE_BOUND('',#1562,.T.);
#1562 = EDGE_LOOP('',(#1563,#1564,#1565,#1597,#1624,#1630));
#1563 = ORIENTED_EDGE('',*,*,#326,.F.);
#1564 = ORIENTED_EDGE('',*,*,#1493,.T.);
#1565 = ORIENTED_EDGE('',*,*,#1566,.T.);
#1566 = EDGE_CURVE('',#1494,#1567,#1569,.T.);
#1567 = VERTEX_POINT('',#1568);
#1568 = CARTESIAN_POINT('',(17.59352335542,-35.36549074934,
    31.841935201909));
#1569 = B_SPLINE_CURVE_WITH_KNOTS('',6,(#1570,#1571,#1572,#1573,#1574,
    #1575,#1576,#1577,#1578,#1579,#1580,#1581,#1582,#1583,#1584,#1585,
    #1586,#1587,#1588,#1589,#1590,#1591,#1592,#1593,#1594,#1595,#1596),
  .UNSPECIFIED.,.F.,.F.,(7,5,5,5,5,7),(0.,0.159704891596,0.279874824797,
    0.374860534631,0.692867194598,1.),.UNSPECIFIED.);
#1570 = CARTESIAN_POINT('',(6.397251,-38.97852202999,15.452693495817));
#1571 = CARTESIAN_POINT('',(7.024553842428,-38.87556754309,
    15.697550079666));
#1572 = CARTESIAN_POINT('',(7.629312053936,-38.76387193391,
    15.966808709751));
#1573 = CARTESIAN_POINT('',(8.211137654886,-38.64502886844,
    16.258075995872));
#1574 = CARTESIAN_POINT('',(8.76981077562,-38.52057200885,
    16.569122358082));
#1575 = CARTESIAN_POINT('',(9.305253339172,-38.39195145539,
    16.897860196106));
#1576 = CARTESIAN_POINT('',(10.202944768591,-38.16160721721,
    17.501512360389));
#1577 = CARTESIAN_POINT('',(10.575413478104,-38.06106693161,
    17.76971154458));
#1578 = CARTESIAN_POINT('',(10.935095570616,-37.95940995106,
    18.046224446622));
#1579 = CARTESIAN_POINT('',(11.282187294047,-37.85711766346,
    18.330428511442));
#1580 = CARTESIAN_POINT('',(11.616894446141,-37.75463222511,
    18.621773793599));
#1581 = CARTESIAN_POINT('',(12.194375464256,-37.57151498643,
    19.1553378186));
#1582 = CARTESIAN_POINT('',(12.441720719743,-37.49080306876,
    19.395061019117));
#1583 = CARTESIAN_POINT('',(12.681572637396,-37.41041996642,
    19.638716737071));
#1584 = CARTESIAN_POINT('',(12.914033079289,-37.33055273,19.886091738635
    ));
#1585 = CARTESIAN_POINT('',(13.139201273103,-37.25137630197,
    20.13699537791));
#1586 = CARTESIAN_POINT('',(14.086933259303,-36.91083336376,
    21.242521488656));
#1587 = CARTESIAN_POINT('',(14.736527201332,-36.65800744833,
    22.13202019618));
#1588 = CARTESIAN_POINT('',(15.308594106086,-36.4210081864,
    23.052642682462));
#1589 = CARTESIAN_POINT('',(15.805412993529,-36.20503013183,
    23.999099820542));
#1590 = CARTESIAN_POINT('',(16.228661664678,-36.01429761625,
    24.967390263388));
#1591 = CARTESIAN_POINT('',(16.917611003144,-35.69570714285,
    26.907409609088));
#1592 = CARTESIAN_POINT('',(17.188105393782,-35.56596779861,
    27.877609847631));
#1593 = CARTESIAN_POINT('',(17.390804850992,-35.46633859931,
    28.860257646722));
#1594 = CARTESIAN_POINT('',(17.525918626081,-35.39912254676,
    29.851160392131));
#1595 = CARTESIAN_POINT('',(17.59352335542,-35.36549074934,
    30.846358798574));
#1596 = CARTESIAN_POINT('',(17.59352335542,-35.36549074934,
    31.841935201909));
#1597 = ORIENTED_EDGE('',*,*,#1598,.T.);
#1598 = EDGE_CURVE('',#1567,#1599,#1601,.T.);
#1599 = VERTEX_POINT('',#1600);
#1600 = CARTESIAN_POINT('',(11.031514026102,-37.92829680188,
    45.547326927422));
#1601 = B_SPLINE_CURVE_WITH_KNOTS('',6,(#1602,#1603,#1604,#1605,#1606,
    #1607,#1608,#1609,#1610,#1611,#1612,#1613,#1614,#1615,#1616,#1617,
    #1618,#1619,#1620,#1621,#1622,#1623),.UNSPECIFIED.,.F.,.F.,(7,5,5,5,
    7),(0.,0.39465097886,0.751179134817,0.860822430225,1.),
  .UNSPECIFIED.);
#1602 = CARTESIAN_POINT('',(17.59352335542,-35.36549074934,
    31.841935201909));
#1603 = CARTESIAN_POINT('',(17.59352335542,-35.36549074934,
    32.832233313656));
#1604 = CARTESIAN_POINT('',(17.526633569715,-35.39876687903,
    33.822162835125));
#1605 = CARTESIAN_POINT('',(17.392946809508,-35.46527302293,
    34.807864439153));
#1606 = CARTESIAN_POINT('',(17.19238879475,-35.56386234256,
    35.785438335107));
#1607 = CARTESIAN_POINT('',(16.924756487288,-35.69227917714,
    36.750757676416));
#1608 = CARTESIAN_POINT('',(16.287318434547,-35.98728102017,
    38.556183646281));
#1609 = CARTESIAN_POINT('',(15.929903661288,-36.14896972845,
    39.399310242468));
#1610 = CARTESIAN_POINT('',(15.517105085313,-36.3301043,40.226433577285)
  );
#1611 = CARTESIAN_POINT('',(15.047951449976,-36.52797670352,
    41.034905272126));
#1612 = CARTESIAN_POINT('',(14.52113988129,-36.73933460689,
    41.821418376111));
#1613 = CARTESIAN_POINT('',(13.754926536955,-37.02822017478,
    42.815595173168));
#1614 = CARTESIAN_POINT('',(13.569088337752,-37.0970823511,
    43.046985670502));
#1615 = CARTESIAN_POINT('',(13.377567100332,-37.16675210305,
    43.275826817772));
#1616 = CARTESIAN_POINT('',(13.180300285417,-37.23711455214,
    43.501998773692));
#1617 = CARTESIAN_POINT('',(12.9772206541,-37.308048799,43.725371810825)
  );
#1618 = CARTESIAN_POINT('',(12.503003793064,-37.47003422105,
    44.2256185791));
#1619 = CARTESIAN_POINT('',(12.228274002429,-37.56135530155,
    44.500690657526));
#1620 = CARTESIAN_POINT('',(11.943913959176,-37.6531336427,
    44.770741924832));
#1621 = CARTESIAN_POINT('',(11.649770131878,-37.7450890419,45.0354492435
    ));
#1622 = CARTESIAN_POINT('',(11.345688394441,-37.83691861611,
    45.294446964525));
#1623 = CARTESIAN_POINT('',(11.0315140261,-37.92829680188,
    45.547326927419));
#1624 = ORIENTED_EDGE('',*,*,#1625,.T.);
#1625 = EDGE_CURVE('',#1599,#268,#1626,.T.);
#1626 = LINE('',#1627,#1628);
#1627 = CARTESIAN_POINT('',(11.031514026102,1.011E-14,45.547326927422));
#1628 = VECTOR('',#1629,1.);
#1629 = DIRECTION('',(0.,-1.,2.2E-16));
#1630 = ORIENTED_EDGE('',*,*,#304,.F.);
#1631 = CYLINDRICAL_SURFACE('',#1632,17.59352335542);
#1632 = AXIS2_PLACEMENT_3D('',#1633,#1634,#1635);
#1633 = CARTESIAN_POINT('',(0.,7.07E-15,31.841935201909));
#1634 = DIRECTION('',(0.,-1.,2.2E-16));
#1635 = DIRECTION('',(1.,0.,0.));
#1636 = ADVANCED_FACE('',(#1637),#1656,.F.);
#1637 = FACE_BOUND('',#1638,.F.);
#1638 = EDGE_LOOP('',(#1639,#1647,#1648,#1649));
#1639 = ORIENTED_EDGE('',*,*,#1640,.F.);
#1640 = EDGE_CURVE('',#259,#1641,#1643,.T.);
#1641 = VERTEX_POINT('',#1642);
#1642 = CARTESIAN_POINT('',(12.121698,-37.59407450113,49.341934732543));
#1643 = LINE('',#1644,#1645);
#1644 = CARTESIAN_POINT('',(12.121698,1.096E-14,49.341934732543));
#1645 = VECTOR('',#1646,1.);
#1646 = DIRECTION('',(0.,1.,-2.2E-16));
#1647 = ORIENTED_EDGE('',*,*,#258,.F.);
#1648 = ORIENTED_EDGE('',*,*,#1549,.F.);
#1649 = ORIENTED_EDGE('',*,*,#1650,.F.);
#1650 = EDGE_CURVE('',#1641,#1541,#1651,.T.);
#1651 = CIRCLE('',#1652,39.5);
#1652 = AXIS2_PLACEMENT_3D('',#1653,#1654,#1655);
#1653 = CARTESIAN_POINT('',(0.,0.,49.341934732543));
#1654 = DIRECTION('',(0.,0.,1.));
#1655 = DIRECTION('',(1.,0.,0.));
#1656 = PLANE('',#1657);
#1657 = AXIS2_PLACEMENT_3D('',#1658,#1659,#1660);
#1658 = CARTESIAN_POINT('',(21.4153455,-1.63E-15,49.341934732543));
#1659 = DIRECTION('',(0.,0.,1.));
#1660 = DIRECTION('',(1.,0.,0.));
#1661 = ADVANCED_FACE('',(#1662),#1696,.F.);
#1662 = FACE_BOUND('',#1663,.F.);
#1663 = EDGE_LOOP('',(#1664,#1665,#1666,#1695));
#1664 = ORIENTED_EDGE('',*,*,#267,.F.);
#1665 = ORIENTED_EDGE('',*,*,#1640,.T.);
#1666 = ORIENTED_EDGE('',*,*,#1667,.T.);
#1667 = EDGE_CURVE('',#1641,#1599,#1668,.T.);
#1668 = B_SPLINE_CURVE_WITH_KNOTS('',7,(#1669,#1670,#1671,#1672,#1673,
    #1674,#1675,#1676,#1677,#1678,#1679,#1680,#1681,#1682,#1683,#1684,
    #1685,#1686,#1687,#1688,#1689,#1690,#1691,#1692,#1693,#1694),
  .UNSPECIFIED.,.F.,.F.,(8,6,6,6,8),(0.,0.252068005335,0.414652970125,
    0.730182915319,1.),.UNSPECIFIED.);
#1669 = CARTESIAN_POINT('',(12.121698,-37.59407450113,49.341934732543));
#1670 = CARTESIAN_POINT('',(11.892260065641,-37.66805364244,
    49.369253367678));
#1671 = CARTESIAN_POINT('',(11.658058428847,-37.74176516588,
    49.365776057757));
#1672 = CARTESIAN_POINT('',(11.425827257496,-37.81291875824,
    49.330169827023));
#1673 = CARTESIAN_POINT('',(11.202487012293,-37.87947499299,
    49.263567125765));
#1674 = CARTESIAN_POINT('',(10.994381522242,-37.93994622568,
    49.169383368847));
#1675 = CARTESIAN_POINT('',(10.80653749575,-37.9933935732,
    49.053185371134));
#1676 = CARTESIAN_POINT('',(10.535796587061,-38.06913633954,
    48.838321918824));
#1677 = CARTESIAN_POINT('',(10.438364271793,-38.0960214186,
    48.747320434371));
#1678 = CARTESIAN_POINT('',(10.349756832185,-38.12017648782,
    48.650601371573));
#1679 = CARTESIAN_POINT('',(10.27000287286,-38.14169250347,
    48.549095276329));
#1680 = CARTESIAN_POINT('',(10.19907501154,-38.16066093971,
    48.443644459406));
#1681 = CARTESIAN_POINT('',(10.13690382719,-38.17716914743,
    48.335018490547));
#1682 = CARTESIAN_POINT('',(9.979536355985,-38.21871781763,
    48.008333148281));
#1683 = CARTESIAN_POINT('',(9.908182496663,-38.23720445277,
    47.783234396532));
#1684 = CARTESIAN_POINT('',(9.868237171996,-38.2474441492,
    47.552767588659));
#1685 = CARTESIAN_POINT('',(9.859095712477,-38.249783189,47.320108493749
    ));
#1686 = CARTESIAN_POINT('',(9.880667215864,-38.24427649724,
    47.088141338923));
#1687 = CARTESIAN_POINT('',(9.933359228508,-38.23069498604,
    46.859936756746));
#1688 = CARTESIAN_POINT('',(10.090461552376,-38.18950366725,
    46.450624646208));
#1689 = CARTESIAN_POINT('',(10.186754625653,-38.16408502149,
    46.266229944276));
#1690 = CARTESIAN_POINT('',(10.307614336108,-38.13185068251,
    46.089724183812));
#1691 = CARTESIAN_POINT('',(10.45320880539,-38.09244112108,
    45.925058541822));
#1692 = CARTESIAN_POINT('',(10.623181781725,-38.04551958904,
    45.776511594157));
#1693 = CARTESIAN_POINT('',(10.816568766619,-37.99081402108,
    45.648786178407));
#1694 = CARTESIAN_POINT('',(11.031514026104,-37.92829680188,
    45.547326927426));
#1695 = ORIENTED_EDGE('',*,*,#1625,.T.);
#1696 = CYLINDRICAL_SURFACE('',#1697,2.);
#1697 = AXIS2_PLACEMENT_3D('',#1698,#1699,#1700);
#1698 = CARTESIAN_POINT('',(11.885233,1.052E-14,47.355962853645));
#1699 = DIRECTION('',(0.,-1.,2.2E-16));
#1700 = DIRECTION('',(1.,0.,0.));
#1701 = ADVANCED_FACE('',(#1702),#1756,.F.);
#1702 = FACE_BOUND('',#1703,.F.);
#1703 = EDGE_LOOP('',(#1704,#1705,#1713,#1727,#1749,#1755));
#1704 = ORIENTED_EDGE('',*,*,#555,.F.);
#1705 = ORIENTED_EDGE('',*,*,#1706,.T.);
#1706 = EDGE_CURVE('',#504,#1707,#1709,.T.);
#1707 = VERTEX_POINT('',#1708);
#1708 = CARTESIAN_POINT('',(-11.03151456377,-37.9282966455,
    45.547329547972));
#1709 = LINE('',#1710,#1711);
#1710 = CARTESIAN_POINT('',(-11.03151456377,1.011E-14,45.547329547972));
#1711 = VECTOR('',#1712,1.);
#1712 = DIRECTION('',(0.,1.,-2.2E-16));
#1713 = ORIENTED_EDGE('',*,*,#1714,.T.);
#1714 = EDGE_CURVE('',#1707,#1715,#1717,.T.);
#1715 = VERTEX_POINT('',#1716);
#1716 = CARTESIAN_POINT('',(-9.885233,-38.24306693422,47.35596572799));
#1717 = B_SPLINE_CURVE_WITH_KNOTS('',8,(#1718,#1719,#1720,#1721,#1722,
    #1723,#1724,#1725,#1726),.UNSPECIFIED.,.F.,.F.,(9,9),(0.,1.),
  .PIECEWISE_BEZIER_KNOTS.);
#1718 = CARTESIAN_POINT('',(-11.03151456377,-37.9282966455,
    45.547329547977));
#1719 = CARTESIAN_POINT('',(-10.74323242323,-38.01214403421,
    45.683405438161));
#1720 = CARTESIAN_POINT('',(-10.49468278699,-38.08171904615,
    45.864939894971));
#1721 = CARTESIAN_POINT('',(-10.28863131745,-38.13755220618,
    46.078987876281));
#1722 = CARTESIAN_POINT('',(-10.12542701658,-38.18073724209,
    46.315910018193));
#1723 = CARTESIAN_POINT('',(-10.00448530115,-38.21224173198,
    46.567914588699));
#1724 = CARTESIAN_POINT('',(-9.92477993249,-38.23284473478,
    46.828656326231));
#1725 = CARTESIAN_POINT('',(-9.885233,-38.24306693422,47.092894273996));
#1726 = CARTESIAN_POINT('',(-9.885233,-38.24306693422,47.35596572799));
#1727 = ORIENTED_EDGE('',*,*,#1728,.T.);
#1728 = EDGE_CURVE('',#1715,#1729,#1731,.T.);
#1729 = VERTEX_POINT('',#1730);
#1730 = CARTESIAN_POINT('',(-12.121698,-37.59407450113,49.341937606888)
  );
#1731 = B_SPLINE_CURVE_WITH_KNOTS('',6,(#1732,#1733,#1734,#1735,#1736,
    #1737,#1738,#1739,#1740,#1741,#1742,#1743,#1744,#1745,#1746,#1747,
    #1748),.UNSPECIFIED.,.F.,.F.,(7,5,5,7),(0.,0.42001213295,
    0.776449052953,1.),.UNSPECIFIED.);
#1732 = CARTESIAN_POINT('',(-9.885233,-38.24306693422,47.35596572799));
#1733 = CARTESIAN_POINT('',(-9.885233,-38.24306693422,47.566623071507));
#1734 = CARTESIAN_POINT('',(-9.911859505177,-38.2361844946,
    47.777338946828));
#1735 = CARTESIAN_POINT('',(-9.96513682871,-38.22241268302,
    47.985525453915));
#1736 = CARTESIAN_POINT('',(-10.04557814665,-38.2014727639,
    48.188461752378));
#1737 = CARTESIAN_POINT('',(-10.15397443056,-38.17285660493,
    48.382764751628));
#1738 = CARTESIAN_POINT('',(-10.40750349721,-38.10444072353,
    48.717383015903));
#1739 = CARTESIAN_POINT('',(-10.54532383849,-38.06679197163,
    48.862381532033));
#1740 = CARTESIAN_POINT('',(-10.70431787868,-38.0226551336,
    48.994064264023));
#1741 = CARTESIAN_POINT('',(-10.88312492341,-37.97198466006,
    49.107921185549));
#1742 = CARTESIAN_POINT('',(-11.07942230614,-37.91496641126,
    49.19968767227));
#1743 = CARTESIAN_POINT('',(-11.42203087805,-37.81277827131,
    49.306498295292));
#1744 = CARTESIAN_POINT('',(-11.55914126116,-37.77128100603,
    49.337218416148));
#1745 = CARTESIAN_POINT('',(-11.69959751467,-37.72809460506,
    49.356396815109));
#1746 = CARTESIAN_POINT('',(-11.84148064212,-37.68374707494,
    49.363482064259));
#1747 = CARTESIAN_POINT('',(-11.98281357944,-37.63885589355,
    49.358474248145));
#1748 = CARTESIAN_POINT('',(-12.121698,-37.59407450113,49.341937606888)
  );
#1749 = ORIENTED_EDGE('',*,*,#1750,.T.);
#1750 = EDGE_CURVE('',#1729,#392,#1751,.T.);
#1751 = LINE('',#1752,#1753);
#1752 = CARTESIAN_POINT('',(-12.121698,1.096E-14,49.341937606888));
#1753 = VECTOR('',#1754,1.);
#1754 = DIRECTION('',(0.,-1.,2.2E-16));
#1755 = ORIENTED_EDGE('',*,*,#389,.F.);
#1756 = CYLINDRICAL_SURFACE('',#1757,2.);
#1757 = AXIS2_PLACEMENT_3D('',#1758,#1759,#1760);
#1758 = CARTESIAN_POINT('',(-11.885233,1.052E-14,47.35596572799));
#1759 = DIRECTION('',(0.,-1.,2.2E-16));
#1760 = DIRECTION('',(1.,0.,0.));
#1761 = ADVANCED_FACE('',(#1762),#1781,.F.);
#1762 = FACE_BOUND('',#1763,.F.);
#1763 = EDGE_LOOP('',(#1764,#1765,#1774,#1780));
#1764 = ORIENTED_EDGE('',*,*,#1750,.F.);
#1765 = ORIENTED_EDGE('',*,*,#1766,.F.);
#1766 = EDGE_CURVE('',#1767,#1729,#1769,.T.);
#1767 = VERTEX_POINT('',#1768);
#1768 = CARTESIAN_POINT('',(-30.70899591353,-24.84366257181,
    49.341937606889));
#1769 = CIRCLE('',#1770,39.5);
#1770 = AXIS2_PLACEMENT_3D('',#1771,#1772,#1773);
#1771 = CARTESIAN_POINT('',(0.,0.,49.341937606888));
#1772 = DIRECTION('',(0.,0.,1.));
#1773 = DIRECTION('',(1.,0.,0.));
#1774 = ORIENTED_EDGE('',*,*,#1775,.F.);
#1775 = EDGE_CURVE('',#414,#1767,#1776,.T.);
#1776 = LINE('',#1777,#1778);
#1777 = CARTESIAN_POINT('',(-30.70899591353,1.096E-14,49.341937606889));
#1778 = VECTOR('',#1779,1.);
#1779 = DIRECTION('',(0.,1.,-2.2E-16));
#1780 = ORIENTED_EDGE('',*,*,#413,.F.);
#1781 = PLANE('',#1782);
#1782 = AXIS2_PLACEMENT_3D('',#1783,#1784,#1785);
#1783 = CARTESIAN_POINT('',(-21.41534695677,0.,49.341937606888));
#1784 = DIRECTION('',(1.109E-14,0.,1.));
#1785 = DIRECTION('',(1.,0.,-1.109E-14));
#1786 = ADVANCED_FACE('',(#1787),#1849,.T.);
#1787 = FACE_BOUND('',#1788,.T.);
#1788 = EDGE_LOOP('',(#1789,#1790,#1791,#1843));
#1789 = ORIENTED_EDGE('',*,*,#503,.F.);
#1790 = ORIENTED_EDGE('',*,*,#1706,.T.);
#1791 = ORIENTED_EDGE('',*,*,#1792,.T.);
#1792 = EDGE_CURVE('',#1707,#1793,#1795,.T.);
#1793 = VERTEX_POINT('',#1794);
#1794 = CARTESIAN_POINT('',(-6.397251366025,-38.97852196992,
    15.452693360651));
#1795 = B_SPLINE_CURVE_WITH_KNOTS('',6,(#1796,#1797,#1798,#1799,#1800,
    #1801,#1802,#1803,#1804,#1805,#1806,#1807,#1808,#1809,#1810,#1811,
    #1812,#1813,#1814,#1815,#1816,#1817,#1818,#1819,#1820,#1821,#1822,
    #1823,#1824,#1825,#1826,#1827,#1828,#1829,#1830,#1831,#1832,#1833,
    #1834,#1835,#1836,#1837,#1838,#1839,#1840,#1841,#1842),
  .UNSPECIFIED.,.F.,.F.,(7,5,5,5,5,5,5,5,5,7),(0.,6.103808566792E-02,
    0.108888306992,0.263684422645,0.436336868765,0.608537678451,
    0.789318692811,0.842837280408,0.910540585656,1.),.UNSPECIFIED.);
#1796 = CARTESIAN_POINT('',(-11.03151456377,-37.9282966455,
    45.547329547968));
#1797 = CARTESIAN_POINT('',(-11.34729242412,-37.83645207631,
    45.293158942411));
#1798 = CARTESIAN_POINT('',(-11.65287432783,-37.74415127462,
    45.032808008883));
#1799 = CARTESIAN_POINT('',(-11.94841753442,-37.65172548229,
    44.76669105128));
#1800 = CARTESIAN_POINT('',(-12.23407843451,-37.55948167243,
    44.495179211832));
#1801 = CARTESIAN_POINT('',(-12.51001278735,-37.46770368675,
    44.218600274669));
#1802 = CARTESIAN_POINT('',(-12.98518880928,-37.3052753537,
    43.716667583098));
#1803 = CARTESIAN_POINT('',(-13.18811655309,-37.2343456813,
    43.49316071963));
#1804 = CARTESIAN_POINT('',(-13.38523109367,-37.16399121288,
    43.266857333777));
#1805 = CARTESIAN_POINT('',(-13.5765996208,-37.09433279176,
    43.037887017362));
#1806 = CARTESIAN_POINT('',(-13.7622846102,-37.02548524761,
    42.806369499255));
#1807 = CARTESIAN_POINT('',(-14.52483782321,-36.73780987541,
    41.815567516618));
#1808 = CARTESIAN_POINT('',(-15.0487403916,-36.52758126256,
    41.032846959994));
#1809 = CARTESIAN_POINT('',(-15.51555870946,-36.33071333536,
    40.228392437529));
#1810 = CARTESIAN_POINT('',(-15.92657586412,-36.15040988445,
    39.405461304871));
#1811 = CARTESIAN_POINT('',(-16.28274966354,-35.98934103796,
    38.566665020484));
#1812 = CARTESIAN_POINT('',(-16.92124659819,-35.69396318287,
    36.763407646451));
#1813 = CARTESIAN_POINT('',(-17.19028531319,-35.56489632945,
    35.795686060845));
#1814 = CARTESIAN_POINT('',(-17.39189563759,-35.4657959676,
    34.815615211666));
#1815 = CARTESIAN_POINT('',(-17.52628365059,-35.39894095893,
    33.827354171556));
#1816 = CARTESIAN_POINT('',(-17.5935247687,-35.36549004627,
    32.834831918205));
#1817 = CARTESIAN_POINT('',(-17.5935247687,-35.36549004627,
    30.851638249765));
#1818 = CARTESIAN_POINT('',(-17.52663497763,-35.39876618196,
    29.861708649104));
#1819 = CARTESIAN_POINT('',(-17.39294820677,-35.46527233782,
    28.876006965673));
#1820 = CARTESIAN_POINT('',(-17.19239017576,-35.56386167528,
    27.89843298961));
#1821 = CARTESIAN_POINT('',(-16.92475784579,-35.69227853336,
    26.933113567141));
#1822 = CARTESIAN_POINT('',(-16.23828265525,-36.00997444943,
    24.988798933459));
#1823 = CARTESIAN_POINT('',(-15.81268496618,-36.20191407436,
    24.011846345918));
#1824 = CARTESIAN_POINT('',(-15.31227454965,-36.41958807289,
    23.057045321032));
#1825 = CARTESIAN_POINT('',(-14.73533318009,-36.65867004303,
    22.128492564307));
#1826 = CARTESIAN_POINT('',(-14.07952129242,-36.91383010366,
    21.231615876306));
#1827 = CARTESIAN_POINT('',(-13.12383186207,-37.25679573525,
    20.11976492594));
#1828 = CARTESIAN_POINT('',(-12.89833975353,-37.3359811185,
    19.86916241467));
#1829 = CARTESIAN_POINT('',(-12.66555687628,-37.41584889182,
    19.622094208802));
#1830 = CARTESIAN_POINT('',(-12.42538392714,-37.49622395939,
    19.37875136514));
#1831 = CARTESIAN_POINT('',(-12.17771901956,-37.57691909982,
    19.139347569743));
#1832 = CARTESIAN_POINT('',(-11.59954116218,-37.759970498,
    18.606545097989));
#1833 = CARTESIAN_POINT('',(-11.26445921486,-37.86240156614,
    18.315644968885));
#1834 = CARTESIAN_POINT('',(-10.91699706196,-37.96462478119,
    18.031897450227));
#1835 = CARTESIAN_POINT('',(-10.55694964247,-38.06619755288,
    17.755853763755));
#1836 = CARTESIAN_POINT('',(-10.18412161413,-38.16663808999,
    17.488137653338));
#1837 = CARTESIAN_POINT('',(-9.288560090255,-38.39595750522,
    16.887623686046));
#1838 = CARTESIAN_POINT('',(-8.755880938801,-38.52367264569,
    16.561374074098));
#1839 = CARTESIAN_POINT('',(-8.200257618538,-38.64724991267,
    16.252632638877));
#1840 = CARTESIAN_POINT('',(-7.621771119364,-38.76526429679,
    15.963452014621));
#1841 = CARTESIAN_POINT('',(-7.020641113267,-38.87620970382,
    15.696022530435));
#1842 = CARTESIAN_POINT('',(-6.397251366024,-38.97852196992,
    15.452693360652));
#1843 = ORIENTED_EDGE('',*,*,#1844,.T.);
#1844 = EDGE_CURVE('',#1793,#485,#1845,.T.);
#1845 = LINE('',#1846,#1847);
#1846 = CARTESIAN_POINT('',(-6.397251366025,3.43E-15,15.452693360651));
#1847 = VECTOR('',#1848,1.);
#1848 = DIRECTION('',(0.,-1.,2.2E-16));
#1849 = CYLINDRICAL_SURFACE('',#1850,17.593524768705);
#1850 = AXIS2_PLACEMENT_3D('',#1851,#1852,#1853);
#1851 = CARTESIAN_POINT('',(0.,7.07E-15,31.841936441007));
#1852 = DIRECTION('',(0.,-1.,2.2E-16));
#1853 = DIRECTION('',(1.,0.,0.));
#1854 = ADVANCED_FACE('',(#1855),#1874,.F.);
#1855 = FACE_BOUND('',#1856,.F.);
#1856 = EDGE_LOOP('',(#1857,#1865,#1866,#1867));
#1857 = ORIENTED_EDGE('',*,*,#1858,.F.);
#1858 = EDGE_CURVE('',#423,#1859,#1861,.T.);
#1859 = VERTEX_POINT('',#1860);
#1860 = CARTESIAN_POINT('',(-21.56161390737,-33.09602401662,
    21.189196483374));
#1861 = LINE('',#1862,#1863);
#1862 = CARTESIAN_POINT('',(-21.56161390737,4.7E-15,21.189196483374));
#1863 = VECTOR('',#1864,1.);
#1864 = DIRECTION('',(0.,1.,-2.2E-16));
#1865 = ORIENTED_EDGE('',*,*,#422,.T.);
#1866 = ORIENTED_EDGE('',*,*,#1775,.T.);
#1867 = ORIENTED_EDGE('',*,*,#1868,.F.);
#1868 = EDGE_CURVE('',#1859,#1767,#1869,.T.);
#1869 = ELLIPSE('',#1870,127.82466094211,39.5);
#1870 = AXIS2_PLACEMENT_3D('',#1871,#1872,#1873);
#1871 = CARTESIAN_POINT('',(0.,0.,-45.17061380229));
#1872 = DIRECTION('',(-0.95105649731,0.,-0.309017052804));
#1873 = DIRECTION('',(-0.309017052804,0.,0.95105649731));
#1874 = PLANE('',#1875);
#1875 = AXIS2_PLACEMENT_3D('',#1876,#1877,#1878);
#1876 = CARTESIAN_POINT('',(-26.13530491045,2.39E-15,35.265567045131));
#1877 = DIRECTION('',(-0.95105649731,-0.,-0.309017052804));
#1878 = DIRECTION('',(0.309017052804,0.,-0.95105649731));
#1879 = ADVANCED_FACE('',(#1880),#1929,.F.);
#1880 = FACE_BOUND('',#1881,.F.);
#1881 = EDGE_LOOP('',(#1882,#1883,#1891,#1910,#1927,#1928));
#1882 = ORIENTED_EDGE('',*,*,#465,.F.);
#1883 = ORIENTED_EDGE('',*,*,#1884,.T.);
#1884 = EDGE_CURVE('',#457,#1885,#1887,.T.);
#1885 = VERTEX_POINT('',#1886);
#1886 = CARTESIAN_POINT('',(-6.397250980385,-38.97852203321,
    13.452693360651));
#1887 = LINE('',#1888,#1889);
#1888 = CARTESIAN_POINT('',(-6.397250980385,2.99E-15,13.452693360651));
#1889 = VECTOR('',#1890,1.);
#1890 = DIRECTION('',(0.,1.,-2.2E-16));
#1891 = ORIENTED_EDGE('',*,*,#1892,.T.);
#1892 = EDGE_CURVE('',#1885,#1893,#1895,.T.);
#1893 = VERTEX_POINT('',#1894);
#1894 = CARTESIAN_POINT('',(-5.397251,-39.12952442393,14.452693360651));
#1895 = B_SPLINE_CURVE_WITH_KNOTS('',7,(#1896,#1897,#1898,#1899,#1900,
    #1901,#1902,#1903,#1904,#1905,#1906,#1907,#1908,#1909),
  .UNSPECIFIED.,.F.,.F.,(8,6,8),(0.,0.467995790889,1.),.UNSPECIFIED.);
#1896 = CARTESIAN_POINT('',(-6.397250980385,-38.97852203321,
    13.452693360651));
#1897 = CARTESIAN_POINT('',(-6.279960650227,-38.9977720109,
    13.452693362951));
#1898 = CARTESIAN_POINT('',(-6.163774462924,-39.01641812506,
    13.468743703955));
#1899 = CARTESIAN_POINT('',(-6.051596224899,-39.03399789748,
    13.500297681527));
#1900 = CARTESIAN_POINT('',(-5.94613246659,-39.05014733812,
    13.546065287641));
#1901 = CARTESIAN_POINT('',(-5.849716990575,-39.06461025388,
    13.604057633525));
#1902 = CARTESIAN_POINT('',(-5.76409176234,-39.07724184593,
    13.671639020228));
#1903 = CARTESIAN_POINT('',(-5.606082609109,-39.10024365483,
    13.829648207026));
#1904 = CARTESIAN_POINT('',(-5.536116175338,-39.11021346747,
    13.922932213505));
#1905 = CARTESIAN_POINT('',(-5.480355701902,-39.11803023264,
    14.022896388666));
#1906 = CARTESIAN_POINT('',(-5.438715193926,-39.12380516408,
    14.127507648307));
#1907 = CARTESIAN_POINT('',(-5.411057011103,-39.12762011544,
    14.235027153839));
#1908 = CARTESIAN_POINT('',(-5.397251,-39.12952442393,14.343910105067));
#1909 = CARTESIAN_POINT('',(-5.397251,-39.12952442393,14.452693360651));
#1910 = ORIENTED_EDGE('',*,*,#1911,.T.);
#1911 = EDGE_CURVE('',#1893,#1793,#1912,.T.);
#1912 = B_SPLINE_CURVE_WITH_KNOTS('',7,(#1913,#1914,#1915,#1916,#1917,
    #1918,#1919,#1920,#1921,#1922,#1923,#1924,#1925,#1926),
  .UNSPECIFIED.,.F.,.F.,(8,6,8),(0.,0.61078829147,1.),.UNSPECIFIED.);
#1913 = CARTESIAN_POINT('',(-5.397251,-39.12952442393,14.452693360651));
#1914 = CARTESIAN_POINT('',(-5.397251,-39.12952442393,14.577635215898));
#1915 = CARTESIAN_POINT('',(-5.415463018049,-39.12701236902,
    14.702829145964));
#1916 = CARTESIAN_POINT('',(-5.452020693161,-39.1219699509,
    14.826001665587));
#1917 = CARTESIAN_POINT('',(-5.507153362738,-39.1143106883,
    14.944707526515));
#1918 = CARTESIAN_POINT('',(-5.581021378051,-39.10390239465,
    15.05613600066));
#1919 = CARTESIAN_POINT('',(-5.67360716703,-39.0905706417,
    15.156952140008));
#1920 = CARTESIAN_POINT('',(-5.854908708402,-39.06373167671,
    15.2975840018));
#1921 = CARTESIAN_POINT('',(-5.933122398606,-39.05200131065,
    15.346477294253));
#1922 = CARTESIAN_POINT('',(-6.018128859221,-39.03905433365,
    15.387693864287));
#1923 = CARTESIAN_POINT('',(-6.108664870258,-39.02501850898,
    15.419773345852));
#1924 = CARTESIAN_POINT('',(-6.203185393021,-39.01008177005,
    15.44165361282));
#1925 = CARTESIAN_POINT('',(-6.299975827928,-38.99448707166,
    15.452693396256));
#1926 = CARTESIAN_POINT('',(-6.397251366026,-38.97852196992,
    15.45269336065));
#1927 = ORIENTED_EDGE('',*,*,#1844,.T.);
#1928 = ORIENTED_EDGE('',*,*,#484,.F.);
#1929 = CYLINDRICAL_SURFACE('',#1930,1.);
#1930 = AXIS2_PLACEMENT_3D('',#1931,#1932,#1933);
#1931 = CARTESIAN_POINT('',(-6.397251,3.21E-15,14.452693360651));
#1932 = DIRECTION('',(0.,-1.,2.2E-16));
#1933 = DIRECTION('',(1.,0.,0.));
#1934 = ADVANCED_FACE('',(#1935),#1970,.F.);
#1935 = FACE_BOUND('',#1936,.F.);
#1936 = EDGE_LOOP('',(#1937,#1938,#1939,#1964));
#1937 = ORIENTED_EDGE('',*,*,#431,.F.);
#1938 = ORIENTED_EDGE('',*,*,#1858,.T.);
#1939 = ORIENTED_EDGE('',*,*,#1940,.T.);
#1940 = EDGE_CURVE('',#1859,#1941,#1943,.T.);
#1941 = VERTEX_POINT('',#1942);
#1942 = CARTESIAN_POINT('',(-12.3951327397,-37.50480881654,
    13.452693360651));
#1943 = B_SPLINE_CURVE_WITH_KNOTS('',7,(#1944,#1945,#1946,#1947,#1948,
    #1949,#1950,#1951,#1952,#1953,#1954,#1955,#1956,#1957,#1958,#1959,
    #1960,#1961,#1962,#1963),.UNSPECIFIED.,.F.,.F.,(8,6,6,8),(0.,
    0.260597039466,0.554315126132,1.),.UNSPECIFIED.);
#1944 = CARTESIAN_POINT('',(-21.56161390737,-33.09602401662,
    21.189196483374));
#1945 = CARTESIAN_POINT('',(-21.46309138492,-33.16021011309,
    20.761903801505));
#1946 = CARTESIAN_POINT('',(-21.34265470643,-33.23818522862,
    20.339416432654));
#1947 = CARTESIAN_POINT('',(-21.20048525381,-33.3294462662,
    19.922715707324));
#1948 = CARTESIAN_POINT('',(-21.03675870298,-33.43337380068,
    19.512813229145));
#1949 = CARTESIAN_POINT('',(-20.85166043592,-33.54924069798,
    19.110759130689));
#1950 = CARTESIAN_POINT('',(-20.64540095274,-33.67622073431,
    18.717650329291));
#1951 = CARTESIAN_POINT('',(-20.162189079,-33.96800838682,
    17.902947698353));
#1952 = CARTESIAN_POINT('',(-19.87956664562,-34.1355833906,
    17.484054410945));
#1953 = CARTESIAN_POINT('',(-19.57044958719,-34.31497581592,
    17.079157393569));
#1954 = CARTESIAN_POINT('',(-19.23482762831,-34.50497684284,
    16.689629659731));
#1955 = CARTESIAN_POINT('',(-18.87264020701,-34.70429659243,
    16.317066396662));
#1956 = CARTESIAN_POINT('',(-18.48382746179,-34.91155084088,
    15.963333730897));
#1957 = CARTESIAN_POINT('',(-17.43800084412,-35.44952275545,
    15.125760069169));
#1958 = CARTESIAN_POINT('',(-16.74168241971,-35.79101639022,
    14.665591837132));
#1959 = CARTESIAN_POINT('',(-15.98112664227,-36.14322582123,
    14.26169910804));
#1960 = CARTESIAN_POINT('',(-15.15978515196,-36.4985329398,
    13.925976349699));
#1961 = CARTESIAN_POINT('',(-14.28292689665,-36.8489168671,
    13.670655871811));
#1962 = CARTESIAN_POINT('',(-13.357944541,-37.18660481931,13.50842234253
    ));
#1963 = CARTESIAN_POINT('',(-12.3951327397,-37.50480881654,
    13.452693360651));
#1964 = ORIENTED_EDGE('',*,*,#1965,.T.);
#1965 = EDGE_CURVE('',#1941,#432,#1966,.T.);
#1966 = LINE('',#1967,#1968);
#1967 = CARTESIAN_POINT('',(-12.3951327397,2.99E-15,13.452693360651));
#1968 = VECTOR('',#1969,1.);
#1969 = DIRECTION('',(0.,-1.,2.2E-16));
#1970 = CYLINDRICAL_SURFACE('',#1971,10.);
#1971 = AXIS2_PLACEMENT_3D('',#1972,#1973,#1974);
#1972 = CARTESIAN_POINT('',(-11.817285,5.2E-15,23.435984));
#1973 = DIRECTION('',(0.,-1.,2.2E-16));
#1974 = DIRECTION('',(1.,0.,0.));
#1975 = ADVANCED_FACE('',(#1976),#1988,.F.);
#1976 = FACE_BOUND('',#1977,.F.);
#1977 = EDGE_LOOP('',(#1978,#1979,#1980,#1981));
#1978 = ORIENTED_EDGE('',*,*,#1884,.F.);
#1979 = ORIENTED_EDGE('',*,*,#456,.T.);
#1980 = ORIENTED_EDGE('',*,*,#1965,.F.);
#1981 = ORIENTED_EDGE('',*,*,#1982,.T.);
#1982 = EDGE_CURVE('',#1941,#1885,#1983,.T.);
#1983 = CIRCLE('',#1984,39.5);
#1984 = AXIS2_PLACEMENT_3D('',#1985,#1986,#1987);
#1985 = CARTESIAN_POINT('',(0.,0.,13.452693360651));
#1986 = DIRECTION('',(0.,0.,1.));
#1987 = DIRECTION('',(1.,0.,0.));
#1988 = PLANE('',#1989);
#1989 = AXIS2_PLACEMENT_3D('',#1990,#1991,#1992);
#1990 = CARTESIAN_POINT('',(-9.396191860043,3.53E-15,13.452693360651));
#1991 = DIRECTION('',(-0.,-2.2E-16,-1.));
#1992 = DIRECTION('',(0.,-1.,2.2E-16));
#1993 = ADVANCED_FACE('',(#1994),#2020,.F.);
#1994 = FACE_BOUND('',#1995,.F.);
#1995 = EDGE_LOOP('',(#1996,#2004,#2005,#2013));
#1996 = ORIENTED_EDGE('',*,*,#1997,.F.);
#1997 = EDGE_CURVE('',#653,#1998,#2000,.T.);
#1998 = VERTEX_POINT('',#1999);
#1999 = CARTESIAN_POINT('',(6.397251,38.978522029997,13.452693495815));
#2000 = LINE('',#2001,#2002);
#2001 = CARTESIAN_POINT('',(6.397251,2.99E-15,13.452693495815));
#2002 = VECTOR('',#2003,1.);
#2003 = DIRECTION('',(0.,-1.,2.2E-16));
#2004 = ORIENTED_EDGE('',*,*,#652,.T.);
#2005 = ORIENTED_EDGE('',*,*,#2006,.F.);
#2006 = EDGE_CURVE('',#2007,#655,#2009,.T.);
#2007 = VERTEX_POINT('',#2008);
#2008 = CARTESIAN_POINT('',(12.395133131352,37.504808687101,
    13.452693495815));
#2009 = LINE('',#2010,#2011);
#2010 = CARTESIAN_POINT('',(12.395133131352,2.99E-15,13.452693495815));
#2011 = VECTOR('',#2012,1.);
#2012 = DIRECTION('',(0.,1.,-2.2E-16));
#2013 = ORIENTED_EDGE('',*,*,#2014,.T.);
#2014 = EDGE_CURVE('',#2007,#1998,#2015,.T.);
#2015 = CIRCLE('',#2016,39.5);
#2016 = AXIS2_PLACEMENT_3D('',#2017,#2018,#2019);
#2017 = CARTESIAN_POINT('',(0.,0.,13.452693495815));
#2018 = DIRECTION('',(0.,0.,1.));
#2019 = DIRECTION('',(1.,0.,0.));
#2020 = PLANE('',#2021);
#2021 = AXIS2_PLACEMENT_3D('',#2022,#2023,#2024);
#2022 = CARTESIAN_POINT('',(9.396192065676,0.,13.452693495815));
#2023 = DIRECTION('',(1.552E-14,-2.2E-16,-1.));
#2024 = DIRECTION('',(-1.,0.,-1.552E-14));
#2025 = ADVANCED_FACE('',(#2026),#2067,.F.);
#2026 = FACE_BOUND('',#2027,.F.);
#2027 = EDGE_LOOP('',(#2028,#2059,#2065,#2066));
#2028 = ORIENTED_EDGE('',*,*,#2029,.F.);
#2029 = EDGE_CURVE('',#2030,#1998,#2032,.T.);
#2030 = VERTEX_POINT('',#2031);
#2031 = CARTESIAN_POINT('',(6.397251,38.978522029997,15.452693495816));
#2032 = B_SPLINE_CURVE_WITH_KNOTS('',7,(#2033,#2034,#2035,#2036,#2037,
    #2038,#2039,#2040,#2041,#2042,#2043,#2044,#2045,#2046,#2047,#2048,
    #2049,#2050,#2051,#2052,#2053,#2054,#2055,#2056,#2057,#2058),
  .UNSPECIFIED.,.F.,.F.,(8,6,6,6,8),(0.,0.194605822011,0.5,
    0.805394177989,1.),.UNSPECIFIED.);
#2033 = CARTESIAN_POINT('',(6.397251,38.978522029997,15.452693495815));
#2034 = CARTESIAN_POINT('',(6.299975498871,38.994487124733,
    15.452693495815));
#2035 = CARTESIAN_POINT('',(6.203185106419,39.010081815441,
    15.441653685343));
#2036 = CARTESIAN_POINT('',(6.108664629099,39.025018546504,
    15.419773401073));
#2037 = CARTESIAN_POINT('',(6.018128663824,39.039054363571,
    15.387693912137));
#2038 = CARTESIAN_POINT('',(5.933122246737,39.052001333592,
    15.34647734393));
#2039 = CARTESIAN_POINT('',(5.854908595678,39.063731693549,
    15.297584060881));
#2040 = CARTESIAN_POINT('',(5.673607109931,39.090570649927,
    15.156952213065));
#2041 = CARTESIAN_POINT('',(5.581021340038,39.10390240001,
    15.056136078513));
#2042 = CARTESIAN_POINT('',(5.507153340063,39.114310691455,
    14.944707612827));
#2043 = CARTESIAN_POINT('',(5.452020681924,39.12196995245,
    14.826001762797));
#2044 = CARTESIAN_POINT('',(5.415463014339,39.127012369536,
    14.702829255498));
#2045 = CARTESIAN_POINT('',(5.397251,39.129524423931,14.577635338336));
#2046 = CARTESIAN_POINT('',(5.397251,39.129524423931,14.327751653294));
#2047 = CARTESIAN_POINT('',(5.415463014339,39.127012369536,
    14.202557736132));
#2048 = CARTESIAN_POINT('',(5.452020681924,39.12196995245,
    14.079385228833));
#2049 = CARTESIAN_POINT('',(5.507153340063,39.114310691455,
    13.960679378803));
#2050 = CARTESIAN_POINT('',(5.581021340038,39.10390240001,
    13.849250913117));
#2051 = CARTESIAN_POINT('',(5.673607109931,39.090570649927,
    13.748434778566));
#2052 = CARTESIAN_POINT('',(5.854908595678,39.063731693549,
    13.607802930749));
#2053 = CARTESIAN_POINT('',(5.933122246737,39.052001333592,13.5589096477
    ));
#2054 = CARTESIAN_POINT('',(6.018128663824,39.039054363571,
    13.517693079493));
#2055 = CARTESIAN_POINT('',(6.108664629099,39.025018546504,
    13.485613590557));
#2056 = CARTESIAN_POINT('',(6.203185106419,39.010081815441,
    13.463733306287));
#2057 = CARTESIAN_POINT('',(6.299975498871,38.994487124733,
    13.452693495815));
#2058 = CARTESIAN_POINT('',(6.397251,38.978522029997,13.452693495815));
#2059 = ORIENTED_EDGE('',*,*,#2060,.T.);
#2060 = EDGE_CURVE('',#2030,#664,#2061,.T.);
#2061 = LINE('',#2062,#2063);
#2062 = CARTESIAN_POINT('',(6.397251,3.43E-15,15.452693495816));
#2063 = VECTOR('',#2064,1.);
#2064 = DIRECTION('',(0.,1.,-2.2E-16));
#2065 = ORIENTED_EDGE('',*,*,#663,.T.);
#2066 = ORIENTED_EDGE('',*,*,#1997,.T.);
#2067 = CYLINDRICAL_SURFACE('',#2068,1.);
#2068 = AXIS2_PLACEMENT_3D('',#2069,#2070,#2071);
#2069 = CARTESIAN_POINT('',(6.397251,3.21E-15,14.452693495815));
#2070 = DIRECTION('',(0.,-1.,2.2E-16));
#2071 = DIRECTION('',(1.,0.,0.));
#2072 = ADVANCED_FACE('',(#2073),#2110,.F.);
#2073 = FACE_BOUND('',#2074,.F.);
#2074 = EDGE_LOOP('',(#2075,#2102,#2103,#2104));
#2075 = ORIENTED_EDGE('',*,*,#2076,.F.);
#2076 = EDGE_CURVE('',#2007,#2077,#2079,.T.);
#2077 = VERTEX_POINT('',#2078);
#2078 = CARTESIAN_POINT('',(21.561612051977,33.096025225396,
    21.18919686565));
#2079 = B_SPLINE_CURVE_WITH_KNOTS('',6,(#2080,#2081,#2082,#2083,#2084,
    #2085,#2086,#2087,#2088,#2089,#2090,#2091,#2092,#2093,#2094,#2095,
    #2096,#2097,#2098,#2099,#2100,#2101),.UNSPECIFIED.,.F.,.F.,(7,5,5,5,
    7),(0.,0.222520103429,0.456610639905,0.739769110978,1.),
  .UNSPECIFIED.);
#2080 = CARTESIAN_POINT('',(12.395133131352,37.504808687101,
    13.452693495815));
#2081 = CARTESIAN_POINT('',(12.952902603296,37.320468942323,
    13.484978154967));
#2082 = CARTESIAN_POINT('',(13.499896499044,37.128649105917,
    13.5541595921));
#2083 = CARTESIAN_POINT('',(14.032904480874,36.930965617344,
    13.657880458406));
#2084 = CARTESIAN_POINT('',(14.549034212121,36.729342067426,
    13.793412716645));
#2085 = CARTESIAN_POINT('',(15.045768810655,36.525907488338,
    13.957660038828));
#2086 = CARTESIAN_POINT('',(16.020932852453,36.10921328581,
    14.346484479456));
#2087 = CARTESIAN_POINT('',(16.497918864718,35.895629015107,
    14.574093828219));
#2088 = CARTESIAN_POINT('',(16.951356232394,35.683765192161,
    14.826907502514));
#2089 = CARTESIAN_POINT('',(17.380951295737,35.475205131792,
    15.102265410567));
#2090 = CARTESIAN_POINT('',(17.786593996855,35.271402592067,
    15.397856958616));
#2091 = CARTESIAN_POINT('',(18.629952442397,34.834540547511,
    16.091272990259));
#2092 = CARTESIAN_POINT('',(19.056907228168,34.604127257984,
    16.497817679739));
#2093 = CARTESIAN_POINT('',(19.449143703413,34.384774296903,
    16.927935583926));
#2094 = CARTESIAN_POINT('',(19.806772672711,34.178599135465,
    17.378887050211));
#2095 = CARTESIAN_POINT('',(20.129847042449,33.987538118963,
    17.848421710237));
#2096 = CARTESIAN_POINT('',(20.683261919645,33.653358392807,
    18.781487864603));
#2097 = CARTESIAN_POINT('',(20.919017516934,33.507595043564,
    19.242468938771));
#2098 = CARTESIAN_POINT('',(21.125059492074,33.377711042193,
    19.715568708351));
#2099 = CARTESIAN_POINT('',(21.301044242897,33.265098749512,
    20.198901933499));
#2100 = CARTESIAN_POINT('',(21.44666781146,33.170909840837,
    20.690683019537));
#2101 = CARTESIAN_POINT('',(21.561612051977,33.096025225396,
    21.18919686565));
#2102 = ORIENTED_EDGE('',*,*,#2006,.T.);
#2103 = ORIENTED_EDGE('',*,*,#803,.T.);
#2104 = ORIENTED_EDGE('',*,*,#2105,.T.);
#2105 = EDGE_CURVE('',#795,#2077,#2106,.T.);
#2106 = LINE('',#2107,#2108);
#2107 = CARTESIAN_POINT('',(21.561612051977,4.7E-15,21.18919686565));
#2108 = VECTOR('',#2109,1.);
#2109 = DIRECTION('',(0.,-1.,2.2E-16));
#2110 = CYLINDRICAL_SURFACE('',#2111,10.);
#2111 = AXIS2_PLACEMENT_3D('',#2112,#2113,#2114);
#2112 = CARTESIAN_POINT('',(11.817283056458,5.2E-15,23.435984));
#2113 = DIRECTION('',(0.,-1.,2.2E-16));
#2114 = DIRECTION('',(1.,0.,0.));
#2115 = ADVANCED_FACE('',(#2116),#2186,.T.);
#2116 = FACE_BOUND('',#2117,.T.);
#2117 = EDGE_LOOP('',(#2118,#2150,#2151,#2152,#2153,#2161));
#2118 = ORIENTED_EDGE('',*,*,#2119,.F.);
#2119 = EDGE_CURVE('',#2030,#2120,#2122,.T.);
#2120 = VERTEX_POINT('',#2121);
#2121 = CARTESIAN_POINT('',(17.59352335542,35.365490749349,
    31.841935201909));
#2122 = B_SPLINE_CURVE_WITH_KNOTS('',6,(#2123,#2124,#2125,#2126,#2127,
    #2128,#2129,#2130,#2131,#2132,#2133,#2134,#2135,#2136,#2137,#2138,
    #2139,#2140,#2141,#2142,#2143,#2144,#2145,#2146,#2147,#2148,#2149),
  .UNSPECIFIED.,.F.,.F.,(7,5,5,5,5,7),(0.,0.159704894399,0.279874828358,
    0.374860537729,0.692867196151,1.),.UNSPECIFIED.);
#2123 = CARTESIAN_POINT('',(6.397251,38.978522029998,15.452693495817));
#2124 = CARTESIAN_POINT('',(7.024553842427,38.87556754309,
    15.697550079666));
#2125 = CARTESIAN_POINT('',(7.629312053936,38.763871933916,
    15.966808709751));
#2126 = CARTESIAN_POINT('',(8.211137654886,38.645028868447,
    16.258075995872));
#2127 = CARTESIAN_POINT('',(8.76981077562,38.520572008851,
    16.569122358082));
#2128 = CARTESIAN_POINT('',(9.305253339172,38.391951455393,
    16.897860196106));
#2129 = CARTESIAN_POINT('',(10.202944764258,38.161607218328,
    17.501512357476));
#2130 = CARTESIAN_POINT('',(10.575413478879,38.0610669313,
    17.769711545585));
#2131 = CARTESIAN_POINT('',(10.935095574594,37.95940994993,
    18.046224449751));
#2132 = CARTESIAN_POINT('',(11.282187295401,37.857117663172,
    18.330428512111));
#2133 = CARTESIAN_POINT('',(11.616894442533,37.754632226263,
    18.621773790265));
#2134 = CARTESIAN_POINT('',(12.194375464256,37.571514986435,
    19.1553378186));
#2135 = CARTESIAN_POINT('',(12.441720719743,37.490803068764,
    19.395061019117));
#2136 = CARTESIAN_POINT('',(12.681572637396,37.410419966425,
    19.638716737071));
#2137 = CARTESIAN_POINT('',(12.914033079289,37.330552730007,
    19.886091738635));
#2138 = CARTESIAN_POINT('',(13.139201273103,37.251376301975,
    20.13699537791));
#2139 = CARTESIAN_POINT('',(14.086933259313,36.910833363757,
    21.242521488667));
#2140 = CARTESIAN_POINT('',(14.736527201226,36.658007448372,
    22.132020196058));
#2141 = CARTESIAN_POINT('',(15.308594106192,36.421008186365,
    23.052642682523));
#2142 = CARTESIAN_POINT('',(15.805412993569,36.205030131814,
    23.999099820746));
#2143 = CARTESIAN_POINT('',(16.228661664609,36.014297616286,
    24.967390263193));
#2144 = CARTESIAN_POINT('',(16.917611003145,35.695707142854,
    26.907409609091));
#2145 = CARTESIAN_POINT('',(17.188105393781,35.565967798613,
    27.877609847628));
#2146 = CARTESIAN_POINT('',(17.390804850992,35.466338599313,
    28.860257646725));
#2147 = CARTESIAN_POINT('',(17.525918626081,35.399122546768,
    29.851160392127));
#2148 = CARTESIAN_POINT('',(17.59352335542,35.365490749349,
    30.846358798577));
#2149 = CARTESIAN_POINT('',(17.59352335542,35.365490749349,
    31.841935201909));
#2150 = ORIENTED_EDGE('',*,*,#2060,.T.);
#2151 = ORIENTED_EDGE('',*,*,#694,.T.);
#2152 = ORIENTED_EDGE('',*,*,#726,.T.);
#2153 = ORIENTED_EDGE('',*,*,#2154,.T.);
#2154 = EDGE_CURVE('',#727,#2155,#2157,.T.);
#2155 = VERTEX_POINT('',#2156);
#2156 = CARTESIAN_POINT('',(11.031514026102,37.928296801885,
    45.547326927422));
#2157 = LINE('',#2158,#2159);
#2158 = CARTESIAN_POINT('',(11.031514026102,1.011E-14,45.547326927422));
#2159 = VECTOR('',#2160,1.);
#2160 = DIRECTION('',(0.,-1.,2.2E-16));
#2161 = ORIENTED_EDGE('',*,*,#2162,.F.);
#2162 = EDGE_CURVE('',#2120,#2155,#2163,.T.);
#2163 = B_SPLINE_CURVE_WITH_KNOTS('',6,(#2164,#2165,#2166,#2167,#2168,
    #2169,#2170,#2171,#2172,#2173,#2174,#2175,#2176,#2177,#2178,#2179,
    #2180,#2181,#2182,#2183,#2184,#2185),.UNSPECIFIED.,.F.,.F.,(7,5,5,5,
    7),(0.,0.394650979119,0.751179135289,0.860822430761,1.),
  .UNSPECIFIED.);
#2164 = CARTESIAN_POINT('',(17.59352335542,35.365490749349,
    31.841935201909));
#2165 = CARTESIAN_POINT('',(17.59352335542,35.365490749349,
    32.832233313656));
#2166 = CARTESIAN_POINT('',(17.526633569715,35.398766879037,
    33.822162835126));
#2167 = CARTESIAN_POINT('',(17.392946809507,35.465273022936,
    34.807864439152));
#2168 = CARTESIAN_POINT('',(17.192388794751,35.563862342565,
    35.785438335107));
#2169 = CARTESIAN_POINT('',(16.924756487288,35.69227917714,
    36.750757676416));
#2170 = CARTESIAN_POINT('',(16.287318434565,35.987281020169,
    38.556183646227));
#2171 = CARTESIAN_POINT('',(15.929903661279,36.148969728455,
    39.399310242516));
#2172 = CARTESIAN_POINT('',(15.517105085285,36.330104300016,
    40.226433577312));
#2173 = CARTESIAN_POINT('',(15.047951449998,36.527976703515,
    41.034905272095));
#2174 = CARTESIAN_POINT('',(14.521139881293,36.739334606889,
    41.821418376107));
#2175 = CARTESIAN_POINT('',(13.754926536955,37.028220174788,
    42.815595173168));
#2176 = CARTESIAN_POINT('',(13.569088337752,37.097082351106,
    43.046985670501));
#2177 = CARTESIAN_POINT('',(13.377567100332,37.166752103058,
    43.275826817772));
#2178 = CARTESIAN_POINT('',(13.180300285417,37.237114552148,
    43.501998773692));
#2179 = CARTESIAN_POINT('',(12.9772206541,37.308048799005,
    43.725371810825));
#2180 = CARTESIAN_POINT('',(12.503003794243,37.470034220654,
    44.225618577857));
#2181 = CARTESIAN_POINT('',(12.228274001971,37.561355301672,
    44.500690657818));
#2182 = CARTESIAN_POINT('',(11.943913957862,37.653133643115,
    44.770741926039));
#2183 = CARTESIAN_POINT('',(11.649770131635,37.745089042005,
    45.035449243854));
#2184 = CARTESIAN_POINT('',(11.345688395888,37.836918615698,
    45.29444696336));
#2185 = CARTESIAN_POINT('',(11.0315140261,37.928296801886,
    45.547326927419));
#2186 = CYLINDRICAL_SURFACE('',#2187,17.59352335542);
#2187 = AXIS2_PLACEMENT_3D('',#2188,#2189,#2190);
#2188 = CARTESIAN_POINT('',(0.,7.07E-15,31.841935201909));
#2189 = DIRECTION('',(0.,-1.,2.2E-16));
#2190 = DIRECTION('',(1.,0.,0.));
#2191 = ADVANCED_FACE('',(#2192),#2211,.F.);
#2192 = FACE_BOUND('',#2193,.F.);
#2193 = EDGE_LOOP('',(#2194,#2195,#2196,#2204));
#2194 = ORIENTED_EDGE('',*,*,#2105,.F.);
#2195 = ORIENTED_EDGE('',*,*,#794,.T.);
#2196 = ORIENTED_EDGE('',*,*,#2197,.T.);
#2197 = EDGE_CURVE('',#786,#2198,#2200,.T.);
#2198 = VERTEX_POINT('',#2199);
#2199 = CARTESIAN_POINT('',(30.708993,24.843666173211,49.341934732543));
#2200 = LINE('',#2201,#2202);
#2201 = CARTESIAN_POINT('',(30.708993,1.096E-14,49.341934732543));
#2202 = VECTOR('',#2203,1.);
#2203 = DIRECTION('',(0.,-1.,2.2E-16));
#2204 = ORIENTED_EDGE('',*,*,#2205,.F.);
#2205 = EDGE_CURVE('',#2077,#2198,#2206,.T.);
#2206 = ELLIPSE('',#2207,127.82466094211,39.5);
#2207 = AXIS2_PLACEMENT_3D('',#2208,#2209,#2210);
#2208 = CARTESIAN_POINT('',(0.,0.,-45.17060770969));
#2209 = DIRECTION('',(0.95105649731,0.,-0.309017052804));
#2210 = DIRECTION('',(0.309017052804,0.,0.95105649731));
#2211 = PLANE('',#2212);
#2212 = AXIS2_PLACEMENT_3D('',#2213,#2214,#2215);
#2213 = CARTESIAN_POINT('',(26.135302525989,0.,35.265565799097));
#2214 = DIRECTION('',(0.95105649731,0.,-0.309017052804));
#2215 = DIRECTION('',(0.309017052804,0.,0.95105649731));
#2216 = ADVANCED_FACE('',(#2217),#2236,.F.);
#2217 = FACE_BOUND('',#2218,.F.);
#2218 = EDGE_LOOP('',(#2219,#2227,#2234,#2235));
#2219 = ORIENTED_EDGE('',*,*,#2220,.F.);
#2220 = EDGE_CURVE('',#2221,#749,#2223,.T.);
#2221 = VERTEX_POINT('',#2222);
#2222 = CARTESIAN_POINT('',(12.121698,37.594074501134,49.341934732543));
#2223 = LINE('',#2224,#2225);
#2224 = CARTESIAN_POINT('',(12.121698,1.096E-14,49.341934732543));
#2225 = VECTOR('',#2226,1.);
#2226 = DIRECTION('',(0.,1.,-2.2E-16));
#2227 = ORIENTED_EDGE('',*,*,#2228,.F.);
#2228 = EDGE_CURVE('',#2198,#2221,#2229,.T.);
#2229 = CIRCLE('',#2230,39.5);
#2230 = AXIS2_PLACEMENT_3D('',#2231,#2232,#2233);
#2231 = CARTESIAN_POINT('',(0.,0.,49.341934732543));
#2232 = DIRECTION('',(0.,0.,1.));
#2233 = DIRECTION('',(1.,0.,0.));
#2234 = ORIENTED_EDGE('',*,*,#2197,.F.);
#2235 = ORIENTED_EDGE('',*,*,#785,.F.);
#2236 = PLANE('',#2237);
#2237 = AXIS2_PLACEMENT_3D('',#2238,#2239,#2240);
#2238 = CARTESIAN_POINT('',(21.4153455,-1.63E-15,49.341934732543));
#2239 = DIRECTION('',(0.,0.,1.));
#2240 = DIRECTION('',(1.,0.,0.));
#2241 = ADVANCED_FACE('',(#2242),#2276,.F.);
#2242 = FACE_BOUND('',#2243,.F.);
#2243 = EDGE_LOOP('',(#2244,#2273,#2274,#2275));
#2244 = ORIENTED_EDGE('',*,*,#2245,.F.);
#2245 = EDGE_CURVE('',#2221,#2155,#2246,.T.);
#2246 = B_SPLINE_CURVE_WITH_KNOTS('',7,(#2247,#2248,#2249,#2250,#2251,
    #2252,#2253,#2254,#2255,#2256,#2257,#2258,#2259,#2260,#2261,#2262,
    #2263,#2264,#2265,#2266,#2267,#2268,#2269,#2270,#2271,#2272),
  .UNSPECIFIED.,.F.,.F.,(8,6,6,6,8),(0.,0.252068005183,0.414652969978,
    0.730182915251,1.),.UNSPECIFIED.);
#2247 = CARTESIAN_POINT('',(12.121698,37.594074501134,49.341934732543));
#2248 = CARTESIAN_POINT('',(11.892260065733,37.668053642417,
    49.369253367667));
#2249 = CARTESIAN_POINT('',(11.658058428754,37.741765165921,
    49.365776057792));
#2250 = CARTESIAN_POINT('',(11.425827257426,37.812918758265,
    49.330169826974));
#2251 = CARTESIAN_POINT('',(11.20248701237,37.879474992969,
    49.263567125756));
#2252 = CARTESIAN_POINT('',(10.994381522311,37.939946225671,
    49.16938336893));
#2253 = CARTESIAN_POINT('',(10.806537495678,37.993393573222,
    49.053185371076));
#2254 = CARTESIAN_POINT('',(10.53579658704,38.069136339548,
    48.838321918807));
#2255 = CARTESIAN_POINT('',(10.438364271793,38.096021418604,
    48.747320434366));
#2256 = CARTESIAN_POINT('',(10.3497568322,38.120176487816,
    48.650601371587));
#2257 = CARTESIAN_POINT('',(10.270002872871,38.141692503474,
    48.549095276348));
#2258 = CARTESIAN_POINT('',(10.199075011536,38.160660939718,
    48.443644459407));
#2259 = CARTESIAN_POINT('',(10.136903827178,38.17716914744,
    48.335018490522));
#2260 = CARTESIAN_POINT('',(9.979536355985,38.218717817633,
    48.008333148281));
#2261 = CARTESIAN_POINT('',(9.908182496663,38.237204452774,
    47.783234396532));
#2262 = CARTESIAN_POINT('',(9.868237171996,38.247444149207,
    47.552767588659));
#2263 = CARTESIAN_POINT('',(9.859095712477,38.249783189,47.32010849375)
  );
#2264 = CARTESIAN_POINT('',(9.880667215865,38.244276497249,
    47.088141338923));
#2265 = CARTESIAN_POINT('',(9.933359228508,38.230694986049,
    46.859936756746));
#2266 = CARTESIAN_POINT('',(10.090461552376,38.189503667255,
    46.450624646208));
#2267 = CARTESIAN_POINT('',(10.186754625653,38.16408502149,
    46.266229944276));
#2268 = CARTESIAN_POINT('',(10.307614336107,38.13185068251,
    46.089724183812));
#2269 = CARTESIAN_POINT('',(10.45320880539,38.092441121088,
    45.925058541822));
#2270 = CARTESIAN_POINT('',(10.623181781725,38.045519589048,
    45.776511594157));
#2271 = CARTESIAN_POINT('',(10.816568766619,37.99081402108,
    45.648786178407));
#2272 = CARTESIAN_POINT('',(11.031514026104,37.928296801885,
    45.547326927426));
#2273 = ORIENTED_EDGE('',*,*,#2220,.T.);
#2274 = ORIENTED_EDGE('',*,*,#748,.T.);
#2275 = ORIENTED_EDGE('',*,*,#2154,.T.);
#2276 = CYLINDRICAL_SURFACE('',#2277,2.);
#2277 = AXIS2_PLACEMENT_3D('',#2278,#2279,#2280);
#2278 = CARTESIAN_POINT('',(11.885233,1.052E-14,47.355962853645));
#2279 = DIRECTION('',(0.,-1.,2.2E-16));
#2280 = DIRECTION('',(1.,0.,0.));
#2281 = ADVANCED_FACE('',(#2282),#2480,.F.);
#2282 = FACE_BOUND('',#2283,.F.);
#2283 = EDGE_LOOP('',(#2284,#2473,#2478,#2479));
#2284 = ORIENTED_EDGE('',*,*,#2285,.F.);
#2285 = EDGE_CURVE('',#2286,#2286,#2288,.T.);
#2286 = VERTEX_POINT('',#2287);
#2287 = CARTESIAN_POINT('',(12.5,3.570714214271,31.841934443504));
#2288 = B_SPLINE_CURVE_WITH_KNOTS('',8,(#2289,#2290,#2291,#2292,#2293,
    #2294,#2295,#2296,#2297,#2298,#2299,#2300,#2301,#2302,#2303,#2304,
    #2305,#2306,#2307,#2308,#2309,#2310,#2311,#2312,#2313,#2314,#2315,
    #2316,#2317,#2318,#2319,#2320,#2321,#2322,#2323,#2324,#2325,#2326,
    #2327,#2328,#2329,#2330,#2331,#2332,#2333,#2334,#2335,#2336,#2337,
    #2338,#2339,#2340,#2341,#2342,#2343,#2344,#2345,#2346,#2347,#2348,
    #2349,#2350,#2351,#2352,#2353,#2354,#2355,#2356,#2357,#2358,#2359,
    #2360,#2361,#2362,#2363,#2364,#2365,#2366,#2367,#2368,#2369,#2370,
    #2371,#2372,#2373,#2374,#2375,#2376,#2377,#2378,#2379,#2380,#2381,
    #2382,#2383,#2384,#2385,#2386,#2387,#2388,#2389,#2390,#2391,#2392,
    #2393,#2394,#2395,#2396,#2397,#2398,#2399,#2400,#2401,#2402,#2403,
    #2404,#2405,#2406,#2407,#2408,#2409,#2410,#2411,#2412,#2413,#2414,
    #2415,#2416,#2417,#2418,#2419,#2420,#2421,#2422,#2423,#2424,#2425,
    #2426,#2427,#2428,#2429,#2430,#2431,#2432,#2433,#2434,#2435,#2436,
    #2437,#2438,#2439,#2440,#2441,#2442,#2443,#2444,#2445,#2446,#2447,
    #2448,#2449,#2450,#2451,#2452,#2453,#2454,#2455,#2456,#2457,#2458,
    #2459,#2460,#2461,#2462,#2463,#2464,#2465,#2466,#2467,#2468,#2469,
    #2470,#2471,#2472),.UNSPECIFIED.,.T.,.F.,(9,7,7,7,7,7,7,7,7,7,7,7,7,
    7,7,7,7,7,7,7,7,7,7,7,7,7,9),(0.,2.216941238765E-02,
    5.671309885474E-02,8.657635349532E-02,0.154552544515,0.199162622397,
    0.230189852337,0.26708481043,0.294485625564,0.321838966428,
    0.359797136323,0.410603522333,0.468719657398,0.498008299821,
    0.520355038201,0.55517502784,0.585277148474,0.653797057872,
    0.698763956549,0.730039362379,0.767229430745,0.794849415716,
    0.822421547301,0.86068333184,0.911896101062,0.970477087566,1.),
  .UNSPECIFIED.);
#2289 = CARTESIAN_POINT('',(12.5,3.570714214271,31.841934443504));
#2290 = CARTESIAN_POINT('',(12.5,3.570714214271,32.06286717509));
#2291 = CARTESIAN_POINT('',(12.495536830026,3.586336920926,
    32.281862868324));
#2292 = CARTESIAN_POINT('',(12.486749344932,3.61710293566,32.49893817353
    ));
#2293 = CARTESIAN_POINT('',(12.473758944955,3.662163048147,
    32.713989128081));
#2294 = CARTESIAN_POINT('',(12.456701596911,3.720279187011,
    32.926671505462));
#2295 = CARTESIAN_POINT('',(12.435779310336,3.78981242009,
    33.136300056697));
#2296 = CARTESIAN_POINT('',(12.411331068565,3.868718004285,
    33.341766644133));
#2297 = CARTESIAN_POINT('',(12.341217152371,4.088284303016,
    33.852660128031));
#2298 = CARTESIAN_POINT('',(12.290488271047,4.241449545295,
    34.155960829341));
#2299 = CARTESIAN_POINT('',(12.232344150399,4.409163602336,
    34.451909103144));
#2300 = CARTESIAN_POINT('',(12.167323266893,4.587242246643,
    34.74063373369));
#2301 = CARTESIAN_POINT('',(12.095920391577,4.772569520173,
    35.022441713592));
#2302 = CARTESIAN_POINT('',(12.018414996789,4.963289102142,
    35.298221944923));
#2303 = CARTESIAN_POINT('',(11.934614174983,5.158845865619,
    35.569661449959));
#2304 = CARTESIAN_POINT('',(11.764957842097,5.533730080985,
    36.072333634724));
#2305 = CARTESIAN_POINT('',(11.681336615976,5.710743735772,
    36.302793431854));
#2306 = CARTESIAN_POINT('',(11.592833249537,5.89007778207,
    36.530637278665));
#2307 = CARTESIAN_POINT('',(11.499481580815,6.071105671494,
    36.755950547792));
#2308 = CARTESIAN_POINT('',(11.401259376761,6.253404054669,
    36.978894447201));
#2309 = CARTESIAN_POINT('',(11.298076732348,6.436712486972,
    37.199690812961));
#2310 = CARTESIAN_POINT('',(11.189767422818,6.620895606268,
    37.418605400629));
#2311 = CARTESIAN_POINT('',(10.817309678747,7.227041486722,
    38.130613747231));
#2312 = CARTESIAN_POINT('',(10.531862275362,7.650558612881,
    38.61481154984));
#2313 = CARTESIAN_POINT('',(10.218336088316,8.074099894894,
    39.090022210238));
#2314 = CARTESIAN_POINT('',(9.87477265234,8.496204137286,39.556800995818
    ));
#2315 = CARTESIAN_POINT('',(9.498789855862,8.915219428249,
    40.014913610402));
#2316 = CARTESIAN_POINT('',(9.087723335764,9.329050908766,
    40.463196846205));
#2317 = CARTESIAN_POINT('',(8.638701731176,9.734892939937,
    40.899538007289));
#2318 = CARTESIAN_POINT('',(7.827329945781,10.387644405585,
    41.597068947581));
#2319 = CARTESIAN_POINT('',(7.488083758429,10.641359477733,
    41.867044707357));
#2320 = CARTESIAN_POINT('',(7.129728629593,10.889488129219,
    42.130115580566));
#2321 = CARTESIAN_POINT('',(6.750873064941,11.131042143948,
    42.385403722177));
#2322 = CARTESIAN_POINT('',(6.350133643636,11.364670597641,
    42.631631370548));
#2323 = CARTESIAN_POINT('',(5.926182668809,11.58862650541,42.86709777662
    ));
#2324 = CARTESIAN_POINT('',(5.477796645489,11.800736269399,
    43.089652968409));
#2325 = CARTESIAN_POINT('',(4.674304572737,12.135831605313,
    43.44065182213));
#2326 = CARTESIAN_POINT('',(4.33152046423,12.266641761063,
    43.577486955761));
#2327 = CARTESIAN_POINT('',(3.975849065281,12.389535020514,
    43.705886605486));
#2328 = CARTESIAN_POINT('',(3.607641570983,12.503264448096,
    43.824587580545));
#2329 = CARTESIAN_POINT('',(3.22730870106,12.606603461795,
    43.932348524425));
#2330 = CARTESIAN_POINT('',(2.835324834231,12.69834574903,44.02794779369
    ));
#2331 = CARTESIAN_POINT('',(2.432232142583,12.777305182545,
    44.110181336797));
#2332 = CARTESIAN_POINT('',(1.526841544194,12.919620789315,
    44.258338997371));
#2333 = CARTESIAN_POINT('',(1.020784154379,12.977110376026,
    44.318142139131));
#2334 = CARTESIAN_POINT('',(0.50519164856,13.012335168056,
    44.354762976808));
#2335 = CARTESIAN_POINT('',(-1.513650184215E-02,13.023828828064,
    44.366708381299));
#2336 = CARTESIAN_POINT('',(-0.535361183233,13.011113768355,
    44.353493302183));
#2337 = CARTESIAN_POINT('',(-1.050644289104,12.974702948216,
    44.315638759222));
#2338 = CARTESIAN_POINT('',(-1.556189281397,12.916097709965,
    44.254673638969));
#2339 = CARTESIAN_POINT('',(-2.412001731021,12.779618590505,
    44.112587848105));
#2340 = CARTESIAN_POINT('',(-2.768649042553,12.710600036955,
    44.040707649871));
#2341 = CARTESIAN_POINT('',(-3.116748344917,12.631521874865,
    43.958310639901));
#2342 = CARTESIAN_POINT('',(-3.455863457992,12.543204392673,
    43.866229799453));
#2343 = CARTESIAN_POINT('',(-3.785597255673,12.446491686684,
    43.765320726807));
#2344 = CARTESIAN_POINT('',(-4.105591646337,12.342251062298,
    43.656462211152));
#2345 = CARTESIAN_POINT('',(-4.415527553319,12.231372435253,
    43.540556806489));
#2346 = CARTESIAN_POINT('',(-5.01420315927,11.998365058131,
    43.296717424057));
#2347 = CARTESIAN_POINT('',(-5.303494092665,11.876055292523,
    43.168594546928));
#2348 = CARTESIAN_POINT('',(-5.583227798485,11.748488366677,
    43.034814766252));
#2349 = CARTESIAN_POINT('',(-5.853661664385,11.616246803973,
    42.89595959434));
#2350 = CARTESIAN_POINT('',(-6.115075295107,11.479848365635,
    42.752542431379));
#2351 = CARTESIAN_POINT('',(-6.367765444834,11.339748695863,
    42.605010933116));
#2352 = CARTESIAN_POINT('',(-6.612040949545,11.19634396695,
    42.453749378542));
#2353 = CARTESIAN_POINT('',(-7.175959550964,10.846855588887,
    42.084448127007));
#2354 = CARTESIAN_POINT('',(-7.488296769303,10.637908212264,
    41.863129517358));
#2355 = CARTESIAN_POINT('',(-7.785924860363,10.424098999632,
    41.636051949285));
#2356 = CARTESIAN_POINT('',(-8.069558830356,10.206228723174,
    41.403960891863));
#2357 = CARTESIAN_POINT('',(-8.3399194133,9.984942887949,41.16743079605)
  );
#2358 = CARTESIAN_POINT('',(-8.597719536161,9.760744980939,
    40.926873809672));
#2359 = CARTESIAN_POINT('',(-8.843650981552,9.534011403351,
    40.682546953933));
#2360 = CARTESIAN_POINT('',(-9.392540463547,8.998490913148,
    40.10262830659));
#2361 = CARTESIAN_POINT('',(-9.686509272407,8.688019841141,
    39.764259502063));
#2362 = CARTESIAN_POINT('',(-9.961382986346,8.374724043222,
    39.420241668645));
#2363 = CARTESIAN_POINT('',(-10.21819666932,8.059543984442,
    39.071087657017));
#2364 = CARTESIAN_POINT('',(-10.45790240608,7.743290123662,
    38.71704097025));
#2365 = CARTESIAN_POINT('',(-10.68134003313,7.42671479611,
    38.358108350816));
#2366 = CARTESIAN_POINT('',(-10.88920677687,7.110642276008,
    37.994083140374));
#2367 = CARTESIAN_POINT('',(-11.30261969405,6.436521791342,
    37.201798370597));
#2368 = CARTESIAN_POINT('',(-11.49837800111,6.087377660288,
    36.781704858894));
#2369 = CARTESIAN_POINT('',(-11.67590348431,5.74347634821,
    36.356171633555));
#2370 = CARTESIAN_POINT('',(-11.83791064327,5.402098032543,
    35.918589676074));
#2371 = CARTESIAN_POINT('',(-11.98422204954,5.064964321822,
    35.465259116596));
#2372 = CARTESIAN_POINT('',(-12.11265031333,4.739592772039,
    34.996249900947));
#2373 = CARTESIAN_POINT('',(-12.22139295298,4.439770654942,
    34.514014102655));
#2374 = CARTESIAN_POINT('',(-12.35301883299,4.052372490513,
    33.76989843503));
#2375 = CARTESIAN_POINT('',(-12.3929735549,3.92964259365,33.510369299149
    ));
#2376 = CARTESIAN_POINT('',(-12.42748254614,3.818855742003,
    33.243635766191));
#2377 = CARTESIAN_POINT('',(-12.45578752287,3.724269867827,
    32.971719602276));
#2378 = CARTESIAN_POINT('',(-12.47749071621,3.649510551049,
    32.695696278622));
#2379 = CARTESIAN_POINT('',(-12.49233411303,3.597550783763,
    32.415781429873));
#2380 = CARTESIAN_POINT('',(-12.5,3.570714214271,32.131498834267));
#2381 = CARTESIAN_POINT('',(-12.5,3.570714214271,31.621001715008));
#2382 = CARTESIAN_POINT('',(-12.49553682972,3.586336921901,
    31.402006012903));
#2383 = CARTESIAN_POINT('',(-12.48674934516,3.61710293492,
    31.184930713852));
#2384 = CARTESIAN_POINT('',(-12.47375894535,3.662163046871,
    30.96987976454));
#2385 = CARTESIAN_POINT('',(-12.45670159667,3.720279187757,
    30.757197381225));
#2386 = CARTESIAN_POINT('',(-12.43577930977,3.789812421859,
    30.54756882412));
#2387 = CARTESIAN_POINT('',(-12.41133106908,3.868718002671,
    30.342102246629));
#2388 = CARTESIAN_POINT('',(-12.34121715237,4.088284303016,
    29.831208758978));
#2389 = CARTESIAN_POINT('',(-12.29048827104,4.241449545296,
    29.527908057665));
#2390 = CARTESIAN_POINT('',(-12.23234415039,4.409163602336,
    29.231959783864));
#2391 = CARTESIAN_POINT('',(-12.16732326689,4.587242246644,
    28.943235153317));
#2392 = CARTESIAN_POINT('',(-12.09592039157,4.772569520174,
    28.661427173414));
#2393 = CARTESIAN_POINT('',(-12.01841499679,4.96328910214,
    28.385646942087));
#2394 = CARTESIAN_POINT('',(-11.93461417498,5.15884586562,
    28.114207437048));
#2395 = CARTESIAN_POINT('',(-11.76495784209,5.533730080987,
    27.611535252281));
#2396 = CARTESIAN_POINT('',(-11.68133661597,5.710743735772,
    27.381075455154));
#2397 = CARTESIAN_POINT('',(-11.59283324953,5.89007778207,
    27.153231608343));
#2398 = CARTESIAN_POINT('',(-11.49948158081,6.071105671493,
    26.927918339217));
#2399 = CARTESIAN_POINT('',(-11.40125937676,6.253404054668,
    26.704974439808));
#2400 = CARTESIAN_POINT('',(-11.29807673234,6.436712486971,
    26.484178074048));
#2401 = CARTESIAN_POINT('',(-11.18976742281,6.620895606269,
    26.265263486377));
#2402 = CARTESIAN_POINT('',(-10.81730967874,7.227041486717,
    25.553255139782));
#2403 = CARTESIAN_POINT('',(-10.53186227535,7.650558612892,
    25.069057337158));
#2404 = CARTESIAN_POINT('',(-10.21833608832,8.074099894883,
    24.593846676774));
#2405 = CARTESIAN_POINT('',(-9.874772652332,8.496204137298,
    24.127067891187));
#2406 = CARTESIAN_POINT('',(-9.498789855872,8.915219428238,
    23.668955276609));
#2407 = CARTESIAN_POINT('',(-9.087723335759,9.329050908771,23.2206720408
    ));
#2408 = CARTESIAN_POINT('',(-8.638701731176,9.734892939937,
    22.784330879718));
#2409 = CARTESIAN_POINT('',(-7.827329945852,10.387644405528,
    22.086799939488));
#2410 = CARTESIAN_POINT('',(-7.488083758402,10.641359477767,
    21.816824179614));
#2411 = CARTESIAN_POINT('',(-7.129728629513,10.889488129268,
    21.553753306389));
#2412 = CARTESIAN_POINT('',(-6.750873064927,11.131042143942,
    21.298465164837));
#2413 = CARTESIAN_POINT('',(-6.350133643722,11.364670597594,
    21.05223751651));
#2414 = CARTESIAN_POINT('',(-5.926182668874,11.588626505391,
    20.816771110407));
#2415 = CARTESIAN_POINT('',(-5.477796645387,11.800736269442,
    20.594215918554));
#2416 = CARTESIAN_POINT('',(-4.674304576376,12.135831603796,
    20.243217066468));
#2417 = CARTESIAN_POINT('',(-4.331520461202,12.266641761662,
    20.106381930622));
#2418 = CARTESIAN_POINT('',(-3.975849061105,12.389535021909,
    19.977982280061));
#2419 = CARTESIAN_POINT('',(-3.607641571765,12.50326444837,
    19.859281306174));
#2420 = CARTESIAN_POINT('',(-3.227308706112,12.606603460698,
    19.751520363728));
#2421 = CARTESIAN_POINT('',(-2.835324836543,12.698345748154,
    19.655921094235));
#2422 = CARTESIAN_POINT('',(-2.432232137149,12.7773051834,
    19.573687549321));
#2423 = CARTESIAN_POINT('',(-1.526841544155,12.919620789321,
    19.425529889631));
#2424 = CARTESIAN_POINT('',(-1.0207841544,12.977110376019,
    19.365726747884));
#2425 = CARTESIAN_POINT('',(-0.505191648599,13.012335168056,
    19.3291059102));
#2426 = CARTESIAN_POINT('',(1.513650184251E-02,13.02382882807,
    19.317160505703));
#2427 = CARTESIAN_POINT('',(0.535361183272,13.011113768354,
    19.330375584826));
#2428 = CARTESIAN_POINT('',(1.050644289126,12.974702948209,
    19.368230127793));
#2429 = CARTESIAN_POINT('',(1.556189281358,12.916097709971,
    19.429195248032));
#2430 = CARTESIAN_POINT('',(2.412001731022,12.779618590505,
    19.571281038902));
#2431 = CARTESIAN_POINT('',(2.768649042554,12.710600036955,
    19.643161237137));
#2432 = CARTESIAN_POINT('',(3.116748344917,12.631521874865,
    19.725558247107));
#2433 = CARTESIAN_POINT('',(3.455863457993,12.543204392673,
    19.817639087554));
#2434 = CARTESIAN_POINT('',(3.785597255674,12.446491686684,
    19.918548160201));
#2435 = CARTESIAN_POINT('',(4.105591646338,12.342251062298,
    20.027406675856));
#2436 = CARTESIAN_POINT('',(4.41552755332,12.231372435253,
    20.143312080519));
#2437 = CARTESIAN_POINT('',(5.014203165937,11.998365055536,
    20.387151465666));
#2438 = CARTESIAN_POINT('',(5.303494089901,11.876055294169,
    20.515274338342));
#2439 = CARTESIAN_POINT('',(5.583227792406,11.74848836938,
    20.649054117919));
#2440 = CARTESIAN_POINT('',(5.853661663516,11.616246803872,
    20.787909292785));
#2441 = CARTESIAN_POINT('',(6.115075300221,11.47984836283,
    20.931326458585));
#2442 = CARTESIAN_POINT('',(6.36776544842,11.339748694345,
    21.078857955483));
#2443 = CARTESIAN_POINT('',(6.612040944908,11.196343969824,
    21.230119505429));
#2444 = CARTESIAN_POINT('',(7.175959550983,10.846855588875,
    21.599420760014));
#2445 = CARTESIAN_POINT('',(7.48829676931,10.637908212258,
    21.820739369657));
#2446 = CARTESIAN_POINT('',(7.785924860353,10.424098999639,
    22.047816937716));
#2447 = CARTESIAN_POINT('',(8.069558830338,10.206228723188,
    22.27990799513));
#2448 = CARTESIAN_POINT('',(8.339919413291,9.984942887958,
    22.516438090948));
#2449 = CARTESIAN_POINT('',(8.59771953617,9.760744980932,22.756995077342
    ));
#2450 = CARTESIAN_POINT('',(8.843650981571,9.534011403333,
    23.001321933094));
#2451 = CARTESIAN_POINT('',(9.392540463547,8.998490913148,
    23.581240580418));
#2452 = CARTESIAN_POINT('',(9.686509272405,8.688019841143,
    23.919609384943));
#2453 = CARTESIAN_POINT('',(9.961382986348,8.374724043222,
    24.263627218364));
#2454 = CARTESIAN_POINT('',(10.218196669325,8.059543984441,
    24.612781229992));
#2455 = CARTESIAN_POINT('',(10.457902406079,7.743290123661,
    24.966827916758));
#2456 = CARTESIAN_POINT('',(10.681340033134,7.426714796108,
    25.325760536193));
#2457 = CARTESIAN_POINT('',(10.889206776877,7.110642276011,
    25.689785746631));
#2458 = CARTESIAN_POINT('',(11.302619694054,6.436521791337,
    26.482070516416));
#2459 = CARTESIAN_POINT('',(11.498378001108,6.087377660298,
    26.902164028102));
#2460 = CARTESIAN_POINT('',(11.675903484326,5.743476348205,
    27.327697253457));
#2461 = CARTESIAN_POINT('',(11.837910643262,5.40209803254,
    27.765279210937));
#2462 = CARTESIAN_POINT('',(11.98422204955,5.064964321819,28.21860977042
    ));
#2463 = CARTESIAN_POINT('',(12.112650313329,4.739592772045,
    28.687618986047));
#2464 = CARTESIAN_POINT('',(12.221392952981,4.439770654939,
    29.169854784358));
#2465 = CARTESIAN_POINT('',(12.353018832995,4.052372490512,
    29.913970451978));
#2466 = CARTESIAN_POINT('',(12.392973554906,3.929642593651,
    30.173499587858));
#2467 = CARTESIAN_POINT('',(12.427482546143,3.818855742003,
    30.440233120817));
#2468 = CARTESIAN_POINT('',(12.455787522875,3.724269867827,
    30.712149284732));
#2469 = CARTESIAN_POINT('',(12.477490716218,3.649510551049,
    30.988172608385));
#2470 = CARTESIAN_POINT('',(12.492334113038,3.597550783763,
    31.268087457136));
#2471 = CARTESIAN_POINT('',(12.5,3.570714214271,31.55237005274));
#2472 = CARTESIAN_POINT('',(12.5,3.570714214271,31.841934443504));
#2473 = ORIENTED_EDGE('',*,*,#2474,.F.);
#2474 = EDGE_CURVE('',#831,#2286,#2475,.T.);
#2475 = B_SPLINE_CURVE_WITH_KNOTS('',1,(#2476,#2477),.UNSPECIFIED.,.F.,
  .F.,(2,2),(-270.6011246898,270.60112468986),.PIECEWISE_BEZIER_KNOTS.);
#2476 = CARTESIAN_POINT('',(12.5,270.60112468986,31.841934443504));
#2477 = CARTESIAN_POINT('',(12.5,-270.6011246898,31.841934443504));
#2478 = ORIENTED_EDGE('',*,*,#830,.T.);
#2479 = ORIENTED_EDGE('',*,*,#2474,.T.);
#2480 = CYLINDRICAL_SURFACE('',#2481,12.5);
#2481 = AXIS2_PLACEMENT_3D('',#2482,#2483,#2484);
#2482 = CARTESIAN_POINT('',(0.,7.07E-15,31.841934443504));
#2483 = DIRECTION('',(0.,-1.,2.2E-16));
#2484 = DIRECTION('',(1.,0.,0.));
#2485 = ADVANCED_FACE('',(#2486),#2512,.F.);
#2486 = FACE_BOUND('',#2487,.F.);
#2487 = EDGE_LOOP('',(#2488,#2496,#2505,#2511));
#2488 = ORIENTED_EDGE('',*,*,#2489,.F.);
#2489 = EDGE_CURVE('',#2490,#919,#2492,.T.);
#2490 = VERTEX_POINT('',#2491);
#2491 = CARTESIAN_POINT('',(-21.56161390737,33.096024016628,
    21.189196483374));
#2492 = LINE('',#2493,#2494);
#2493 = CARTESIAN_POINT('',(-21.56161390737,4.7E-15,21.189196483374));
#2494 = VECTOR('',#2495,1.);
#2495 = DIRECTION('',(0.,1.,-2.2E-16));
#2496 = ORIENTED_EDGE('',*,*,#2497,.F.);
#2497 = EDGE_CURVE('',#2498,#2490,#2500,.T.);
#2498 = VERTEX_POINT('',#2499);
#2499 = CARTESIAN_POINT('',(-30.70899591353,24.843662571815,
    49.341937606889));
#2500 = ELLIPSE('',#2501,127.82466094211,39.5);
#2501 = AXIS2_PLACEMENT_3D('',#2502,#2503,#2504);
#2502 = CARTESIAN_POINT('',(0.,0.,-45.17061380229));
#2503 = DIRECTION('',(-0.95105649731,0.,-0.309017052804));
#2504 = DIRECTION('',(-0.309017052804,0.,0.95105649731));
#2505 = ORIENTED_EDGE('',*,*,#2506,.T.);
#2506 = EDGE_CURVE('',#2498,#917,#2507,.T.);
#2507 = LINE('',#2508,#2509);
#2508 = CARTESIAN_POINT('',(-30.70899591353,1.096E-14,49.341937606889));
#2509 = VECTOR('',#2510,1.);
#2510 = DIRECTION('',(0.,1.,-2.2E-16));
#2511 = ORIENTED_EDGE('',*,*,#916,.T.);
#2512 = PLANE('',#2513);
#2513 = AXIS2_PLACEMENT_3D('',#2514,#2515,#2516);
#2514 = CARTESIAN_POINT('',(-26.13530491045,2.39E-15,35.265567045131));
#2515 = DIRECTION('',(-0.95105649731,-0.,-0.309017052804));
#2516 = DIRECTION('',(0.309017052804,0.,-0.95105649731));
#2517 = ADVANCED_FACE('',(#2518),#2537,.F.);
#2518 = FACE_BOUND('',#2519,.F.);
#2519 = EDGE_LOOP('',(#2520,#2528,#2529,#2530));
#2520 = ORIENTED_EDGE('',*,*,#2521,.F.);
#2521 = EDGE_CURVE('',#928,#2522,#2524,.T.);
#2522 = VERTEX_POINT('',#2523);
#2523 = CARTESIAN_POINT('',(-12.121698,37.594074501134,49.341937606888)
  );
#2524 = LINE('',#2525,#2526);
#2525 = CARTESIAN_POINT('',(-12.121698,1.096E-14,49.341937606888));
#2526 = VECTOR('',#2527,1.);
#2527 = DIRECTION('',(0.,-1.,2.2E-16));
#2528 = ORIENTED_EDGE('',*,*,#927,.F.);
#2529 = ORIENTED_EDGE('',*,*,#2506,.F.);
#2530 = ORIENTED_EDGE('',*,*,#2531,.F.);
#2531 = EDGE_CURVE('',#2522,#2498,#2532,.T.);
#2532 = CIRCLE('',#2533,39.5);
#2533 = AXIS2_PLACEMENT_3D('',#2534,#2535,#2536);
#2534 = CARTESIAN_POINT('',(0.,0.,49.341937606888));
#2535 = DIRECTION('',(0.,0.,1.));
#2536 = DIRECTION('',(1.,0.,0.));
#2537 = PLANE('',#2538);
#2538 = AXIS2_PLACEMENT_3D('',#2539,#2540,#2541);
#2539 = CARTESIAN_POINT('',(-21.41534695677,0.,49.341937606888));
#2540 = DIRECTION('',(1.109E-14,0.,1.));
#2541 = DIRECTION('',(1.,0.,-1.109E-14));
#2542 = ADVANCED_FACE('',(#2543),#2578,.F.);
#2543 = FACE_BOUND('',#2544,.F.);
#2544 = EDGE_LOOP('',(#2545,#2570,#2571,#2572));
#2545 = ORIENTED_EDGE('',*,*,#2546,.F.);
#2546 = EDGE_CURVE('',#2490,#2547,#2549,.T.);
#2547 = VERTEX_POINT('',#2548);
#2548 = CARTESIAN_POINT('',(-12.3951327397,37.50480881654,
    13.452693360651));
#2549 = B_SPLINE_CURVE_WITH_KNOTS('',7,(#2550,#2551,#2552,#2553,#2554,
    #2555,#2556,#2557,#2558,#2559,#2560,#2561,#2562,#2563,#2564,#2565,
    #2566,#2567,#2568,#2569),.UNSPECIFIED.,.F.,.F.,(8,6,6,8),(0.,
    0.260597039467,0.554315126133,1.),.UNSPECIFIED.);
#2550 = CARTESIAN_POINT('',(-21.56161390737,33.096024016628,
    21.189196483374));
#2551 = CARTESIAN_POINT('',(-21.46309138492,33.160210113099,
    20.761903801505));
#2552 = CARTESIAN_POINT('',(-21.34265470643,33.238185228622,
    20.339416432654));
#2553 = CARTESIAN_POINT('',(-21.20048525381,33.329446266199,
    19.922715707324));
#2554 = CARTESIAN_POINT('',(-21.03675870298,33.433373800681,
    19.512813229145));
#2555 = CARTESIAN_POINT('',(-20.85166043592,33.549240697983,
    19.110759130689));
#2556 = CARTESIAN_POINT('',(-20.64540095274,33.67622073431,
    18.717650329291));
#2557 = CARTESIAN_POINT('',(-20.162189079,33.968008386828,
    17.902947698353));
#2558 = CARTESIAN_POINT('',(-19.87956664562,34.135583390604,
    17.484054410945));
#2559 = CARTESIAN_POINT('',(-19.57044958719,34.314975815922,
    17.079157393569));
#2560 = CARTESIAN_POINT('',(-19.23482762831,34.504976842849,
    16.689629659731));
#2561 = CARTESIAN_POINT('',(-18.87264020701,34.704296592433,
    16.317066396662));
#2562 = CARTESIAN_POINT('',(-18.48382746179,34.911550840884,
    15.963333730897));
#2563 = CARTESIAN_POINT('',(-17.43800084413,35.449522755452,
    15.125760069171));
#2564 = CARTESIAN_POINT('',(-16.7416824197,35.791016390228,
    14.665591837125));
#2565 = CARTESIAN_POINT('',(-15.98112664227,36.143225821228,
    14.261699108048));
#2566 = CARTESIAN_POINT('',(-15.15978515197,36.498532939804,
    13.925976349695));
#2567 = CARTESIAN_POINT('',(-14.28292689664,36.848916867104,
    13.670655871811));
#2568 = CARTESIAN_POINT('',(-13.357944541,37.186604819316,13.50842234253
    ));
#2569 = CARTESIAN_POINT('',(-12.3951327397,37.50480881654,
    13.452693360651));
#2570 = ORIENTED_EDGE('',*,*,#2489,.T.);
#2571 = ORIENTED_EDGE('',*,*,#1071,.T.);
#2572 = ORIENTED_EDGE('',*,*,#2573,.T.);
#2573 = EDGE_CURVE('',#1063,#2547,#2574,.T.);
#2574 = LINE('',#2575,#2576);
#2575 = CARTESIAN_POINT('',(-12.3951327397,2.99E-15,13.452693360651));
#2576 = VECTOR('',#2577,1.);
#2577 = DIRECTION('',(0.,-1.,2.2E-16));
#2578 = CYLINDRICAL_SURFACE('',#2579,10.);
#2579 = AXIS2_PLACEMENT_3D('',#2580,#2581,#2582);
#2580 = CARTESIAN_POINT('',(-11.817285,5.2E-15,23.435984));
#2581 = DIRECTION('',(0.,-1.,2.2E-16));
#2582 = DIRECTION('',(1.,0.,0.));
#2583 = ADVANCED_FACE('',(#2584),#2631,.F.);
#2584 = FACE_BOUND('',#2585,.F.);
#2585 = EDGE_LOOP('',(#2586,#2602,#2608,#2609,#2610,#2611));
#2586 = ORIENTED_EDGE('',*,*,#2587,.F.);
#2587 = EDGE_CURVE('',#2588,#2590,#2592,.T.);
#2588 = VERTEX_POINT('',#2589);
#2589 = CARTESIAN_POINT('',(-11.03151456377,37.928296645503,
    45.547329547972));
#2590 = VERTEX_POINT('',#2591);
#2591 = CARTESIAN_POINT('',(-9.885233,38.243066934226,47.35596572799));
#2592 = B_SPLINE_CURVE_WITH_KNOTS('',8,(#2593,#2594,#2595,#2596,#2597,
    #2598,#2599,#2600,#2601),.UNSPECIFIED.,.F.,.F.,(9,9),(0.,1.),
  .PIECEWISE_BEZIER_KNOTS.);
#2593 = CARTESIAN_POINT('',(-11.03151456377,37.928296645502,
    45.547329547977));
#2594 = CARTESIAN_POINT('',(-10.74323242323,38.01214403421,
    45.683405438161));
#2595 = CARTESIAN_POINT('',(-10.49468278699,38.081719046155,
    45.864939894971));
#2596 = CARTESIAN_POINT('',(-10.28863131745,38.137552206184,
    46.078987876281));
#2597 = CARTESIAN_POINT('',(-10.12542701658,38.180737242091,
    46.315910018193));
#2598 = CARTESIAN_POINT('',(-10.00448530115,38.212241731987,
    46.567914588699));
#2599 = CARTESIAN_POINT('',(-9.92477993249,38.232844734782,
    46.828656326231));
#2600 = CARTESIAN_POINT('',(-9.885233,38.243066934226,47.092894273997));
#2601 = CARTESIAN_POINT('',(-9.885233,38.243066934226,47.35596572799));
#2602 = ORIENTED_EDGE('',*,*,#2603,.T.);
#2603 = EDGE_CURVE('',#2588,#959,#2604,.T.);
#2604 = LINE('',#2605,#2606);
#2605 = CARTESIAN_POINT('',(-11.03151456377,1.011E-14,45.547329547972));
#2606 = VECTOR('',#2607,1.);
#2607 = DIRECTION('',(0.,1.,-2.2E-16));
#2608 = ORIENTED_EDGE('',*,*,#958,.T.);
#2609 = ORIENTED_EDGE('',*,*,#936,.T.);
#2610 = ORIENTED_EDGE('',*,*,#2521,.T.);
#2611 = ORIENTED_EDGE('',*,*,#2612,.F.);
#2612 = EDGE_CURVE('',#2590,#2522,#2613,.T.);
#2613 = B_SPLINE_CURVE_WITH_KNOTS('',6,(#2614,#2615,#2616,#2617,#2618,
    #2619,#2620,#2621,#2622,#2623,#2624,#2625,#2626,#2627,#2628,#2629,
    #2630),.UNSPECIFIED.,.F.,.F.,(7,5,5,7),(0.,0.420012132966,
    0.776449052985,1.),.UNSPECIFIED.);
#2614 = CARTESIAN_POINT('',(-9.885233,38.243066934226,47.35596572799));
#2615 = CARTESIAN_POINT('',(-9.885233,38.243066934226,47.566623071507));
#2616 = CARTESIAN_POINT('',(-9.911859505177,38.236184494602,
    47.777338946828));
#2617 = CARTESIAN_POINT('',(-9.96513682871,38.222412683028,
    47.985525453915));
#2618 = CARTESIAN_POINT('',(-10.04557814665,38.2014727639,
    48.188461752378));
#2619 = CARTESIAN_POINT('',(-10.15397443056,38.172856604931,
    48.382764751628));
#2620 = CARTESIAN_POINT('',(-10.40750349721,38.104440723532,
    48.717383015902));
#2621 = CARTESIAN_POINT('',(-10.54532383849,38.06679197163,
    48.862381532033));
#2622 = CARTESIAN_POINT('',(-10.70431787868,38.022655133606,
    48.994064264023));
#2623 = CARTESIAN_POINT('',(-10.88312492341,37.971984660067,
    49.107921185549));
#2624 = CARTESIAN_POINT('',(-11.07942230614,37.914966411263,
    49.19968767227));
#2625 = CARTESIAN_POINT('',(-11.42203087802,37.81277827132,
    49.306498295284));
#2626 = CARTESIAN_POINT('',(-11.55914126119,37.771281006026,
    49.337218416164));
#2627 = CARTESIAN_POINT('',(-11.69959751468,37.728094605066,
    49.356396815093));
#2628 = CARTESIAN_POINT('',(-11.84148064208,37.683747074957,
    49.363482064268));
#2629 = CARTESIAN_POINT('',(-11.98281357946,37.638855893545,
    49.358474248142));
#2630 = CARTESIAN_POINT('',(-12.121698,37.594074501134,49.341937606888)
  );
#2631 = CYLINDRICAL_SURFACE('',#2632,2.);
#2632 = AXIS2_PLACEMENT_3D('',#2633,#2634,#2635);
#2633 = CARTESIAN_POINT('',(-11.885233,1.052E-14,47.35596572799));
#2634 = DIRECTION('',(0.,-1.,2.2E-16));
#2635 = DIRECTION('',(1.,0.,0.));
#2636 = ADVANCED_FACE('',(#2637),#2656,.F.);
#2637 = FACE_BOUND('',#2638,.F.);
#2638 = EDGE_LOOP('',(#2639,#2647,#2654,#2655));
#2639 = ORIENTED_EDGE('',*,*,#2640,.F.);
#2640 = EDGE_CURVE('',#2641,#1044,#2643,.T.);
#2641 = VERTEX_POINT('',#2642);
#2642 = CARTESIAN_POINT('',(-6.397250980385,38.978522033217,
    13.452693360651));
#2643 = LINE('',#2644,#2645);
#2644 = CARTESIAN_POINT('',(-6.397250980385,2.99E-15,13.452693360651));
#2645 = VECTOR('',#2646,1.);
#2646 = DIRECTION('',(0.,1.,-2.2E-16));
#2647 = ORIENTED_EDGE('',*,*,#2648,.T.);
#2648 = EDGE_CURVE('',#2641,#2547,#2649,.T.);
#2649 = CIRCLE('',#2650,39.5);
#2650 = AXIS2_PLACEMENT_3D('',#2651,#2652,#2653);
#2651 = CARTESIAN_POINT('',(0.,0.,13.452693360651));
#2652 = DIRECTION('',(0.,0.,1.));
#2653 = DIRECTION('',(1.,0.,0.));
#2654 = ORIENTED_EDGE('',*,*,#2573,.F.);
#2655 = ORIENTED_EDGE('',*,*,#1062,.T.);
#2656 = PLANE('',#2657);
#2657 = AXIS2_PLACEMENT_3D('',#2658,#2659,#2660);
#2658 = CARTESIAN_POINT('',(-9.396191860043,3.53E-15,13.452693360651));
#2659 = DIRECTION('',(-0.,-2.2E-16,-1.));
#2660 = DIRECTION('',(0.,-1.,2.2E-16));
#2661 = ADVANCED_FACE('',(#2662),#2711,.F.);
#2662 = FACE_BOUND('',#2663,.F.);
#2663 = EDGE_LOOP('',(#2664,#2683,#2684,#2685,#2686,#2694));
#2664 = ORIENTED_EDGE('',*,*,#2665,.F.);
#2665 = EDGE_CURVE('',#2641,#2666,#2668,.T.);
#2666 = VERTEX_POINT('',#2667);
#2667 = CARTESIAN_POINT('',(-5.397251,39.129524423931,14.452693360651));
#2668 = B_SPLINE_CURVE_WITH_KNOTS('',7,(#2669,#2670,#2671,#2672,#2673,
    #2674,#2675,#2676,#2677,#2678,#2679,#2680,#2681,#2682),
  .UNSPECIFIED.,.F.,.F.,(8,6,8),(0.,0.467995790889,1.),.UNSPECIFIED.);
#2669 = CARTESIAN_POINT('',(-6.397250980385,38.978522033217,
    13.452693360651));
#2670 = CARTESIAN_POINT('',(-6.279960650227,38.997772010908,
    13.452693362951));
#2671 = CARTESIAN_POINT('',(-6.163774462924,39.016418125067,
    13.468743703955));
#2672 = CARTESIAN_POINT('',(-6.051596224899,39.033997897481,
    13.500297681527));
#2673 = CARTESIAN_POINT('',(-5.94613246659,39.05014733812,
    13.546065287641));
#2674 = CARTESIAN_POINT('',(-5.849716990575,39.064610253881,
    13.604057633525));
#2675 = CARTESIAN_POINT('',(-5.76409176234,39.077241845932,
    13.671639020228));
#2676 = CARTESIAN_POINT('',(-5.606082609109,39.10024365483,
    13.829648207026));
#2677 = CARTESIAN_POINT('',(-5.536116175338,39.110213467477,
    13.922932213505));
#2678 = CARTESIAN_POINT('',(-5.480355701902,39.118030232642,
    14.022896388666));
#2679 = CARTESIAN_POINT('',(-5.438715193926,39.123805164084,
    14.127507648307));
#2680 = CARTESIAN_POINT('',(-5.411057011103,39.127620115444,
    14.235027153839));
#2681 = CARTESIAN_POINT('',(-5.397251,39.129524423931,14.343910105066));
#2682 = CARTESIAN_POINT('',(-5.397251,39.129524423931,14.452693360651));
#2683 = ORIENTED_EDGE('',*,*,#2640,.T.);
#2684 = ORIENTED_EDGE('',*,*,#1043,.T.);
#2685 = ORIENTED_EDGE('',*,*,#1024,.T.);
#2686 = ORIENTED_EDGE('',*,*,#2687,.T.);
#2687 = EDGE_CURVE('',#973,#2688,#2690,.T.);
#2688 = VERTEX_POINT('',#2689);
#2689 = CARTESIAN_POINT('',(-6.397251366025,38.978521969925,
    15.452693360651));
#2690 = LINE('',#2691,#2692);
#2691 = CARTESIAN_POINT('',(-6.397251366025,3.43E-15,15.452693360651));
#2692 = VECTOR('',#2693,1.);
#2693 = DIRECTION('',(0.,-1.,2.2E-16));
#2694 = ORIENTED_EDGE('',*,*,#2695,.F.);
#2695 = EDGE_CURVE('',#2666,#2688,#2696,.T.);
#2696 = B_SPLINE_CURVE_WITH_KNOTS('',7,(#2697,#2698,#2699,#2700,#2701,
    #2702,#2703,#2704,#2705,#2706,#2707,#2708,#2709,#2710),
  .UNSPECIFIED.,.F.,.F.,(8,6,8),(0.,0.61078829147,1.),.UNSPECIFIED.);
#2697 = CARTESIAN_POINT('',(-5.397251,39.129524423931,14.452693360651));
#2698 = CARTESIAN_POINT('',(-5.397251,39.129524423931,14.577635215898));
#2699 = CARTESIAN_POINT('',(-5.415463018049,39.127012369024,
    14.702829145964));
#2700 = CARTESIAN_POINT('',(-5.452020693161,39.121969950901,
    14.826001665587));
#2701 = CARTESIAN_POINT('',(-5.507153362738,39.114310688305,
    14.944707526515));
#2702 = CARTESIAN_POINT('',(-5.581021378051,39.103902394654,
    15.05613600066));
#2703 = CARTESIAN_POINT('',(-5.67360716703,39.090570641705,
    15.156952140008));
#2704 = CARTESIAN_POINT('',(-5.854908708402,39.063731676716,
    15.2975840018));
#2705 = CARTESIAN_POINT('',(-5.933122398606,39.052001310658,
    15.346477294253));
#2706 = CARTESIAN_POINT('',(-6.018128859221,39.039054333656,
    15.387693864287));
#2707 = CARTESIAN_POINT('',(-6.108664870258,39.025018508983,
    15.419773345852));
#2708 = CARTESIAN_POINT('',(-6.203185393021,39.010081770053,
    15.44165361282));
#2709 = CARTESIAN_POINT('',(-6.299975827928,38.994487071666,
    15.452693396256));
#2710 = CARTESIAN_POINT('',(-6.397251366026,38.978521969924,
    15.45269336065));
#2711 = CYLINDRICAL_SURFACE('',#2712,1.);
#2712 = AXIS2_PLACEMENT_3D('',#2713,#2714,#2715);
#2713 = CARTESIAN_POINT('',(-6.397251,3.21E-15,14.452693360651));
#2714 = DIRECTION('',(0.,-1.,2.2E-16));
#2715 = DIRECTION('',(1.,0.,0.));
#2716 = ADVANCED_FACE('',(#2717),#2772,.T.);
#2717 = FACE_BOUND('',#2718,.T.);
#2718 = EDGE_LOOP('',(#2719,#2769,#2770,#2771));
#2719 = ORIENTED_EDGE('',*,*,#2720,.F.);
#2720 = EDGE_CURVE('',#2588,#2688,#2721,.T.);
#2721 = B_SPLINE_CURVE_WITH_KNOTS('',6,(#2722,#2723,#2724,#2725,#2726,
    #2727,#2728,#2729,#2730,#2731,#2732,#2733,#2734,#2735,#2736,#2737,
    #2738,#2739,#2740,#2741,#2742,#2743,#2744,#2745,#2746,#2747,#2748,
    #2749,#2750,#2751,#2752,#2753,#2754,#2755,#2756,#2757,#2758,#2759,
    #2760,#2761,#2762,#2763,#2764,#2765,#2766,#2767,#2768),
  .UNSPECIFIED.,.F.,.F.,(7,5,5,5,5,5,5,5,5,7),(0.,6.103808542142E-02,
    0.108888306552,0.263684421587,0.436336867023,0.608537676025,
    0.789318689667,0.842837276457,0.91054058214,1.),.UNSPECIFIED.);
#2722 = CARTESIAN_POINT('',(-11.03151456377,37.928296645503,
    45.547329547968));
#2723 = CARTESIAN_POINT('',(-11.34729242412,37.836452076317,
    45.293158942413));
#2724 = CARTESIAN_POINT('',(-11.65287432783,37.744151274621,
    45.032808008884));
#2725 = CARTESIAN_POINT('',(-11.94841753442,37.651725482299,
    44.76669105128));
#2726 = CARTESIAN_POINT('',(-12.23407843451,37.559481672436,
    44.49517921183));
#2727 = CARTESIAN_POINT('',(-12.51001278736,37.467703686756,
    44.218600274667));
#2728 = CARTESIAN_POINT('',(-12.98518880928,37.305275353704,
    43.716667583098));
#2729 = CARTESIAN_POINT('',(-13.18811655309,37.234345681305,
    43.49316071963));
#2730 = CARTESIAN_POINT('',(-13.38523109367,37.163991212884,
    43.266857333777));
#2731 = CARTESIAN_POINT('',(-13.5765996208,37.094332791769,
    43.037887017362));
#2732 = CARTESIAN_POINT('',(-13.7622846102,37.025485247611,
    42.806369499255));
#2733 = CARTESIAN_POINT('',(-14.52483782323,36.737809875406,
    41.815567516592));
#2734 = CARTESIAN_POINT('',(-15.04874039159,36.527581262567,
    41.032846959998));
#2735 = CARTESIAN_POINT('',(-15.51555870944,36.330713335372,
    40.228392437559));
#2736 = CARTESIAN_POINT('',(-15.92657586412,36.150409884451,
    39.405461304879));
#2737 = CARTESIAN_POINT('',(-16.28274966355,35.989341037961,
    38.566665020455));
#2738 = CARTESIAN_POINT('',(-16.92124659819,35.693963182872,
    36.763407646453));
#2739 = CARTESIAN_POINT('',(-17.19028531319,35.564896329451,
    35.795686060842));
#2740 = CARTESIAN_POINT('',(-17.39189563759,35.465795967609,
    34.815615211669));
#2741 = CARTESIAN_POINT('',(-17.52628365059,35.398940958931,
    33.827354171553));
#2742 = CARTESIAN_POINT('',(-17.5935247687,35.365490046272,
    32.834831918206));
#2743 = CARTESIAN_POINT('',(-17.5935247687,35.365490046272,
    30.851638249768));
#2744 = CARTESIAN_POINT('',(-17.52663497763,35.398766181964,
    29.861708649099));
#2745 = CARTESIAN_POINT('',(-17.39294820677,35.465272337827,
    28.876006965677));
#2746 = CARTESIAN_POINT('',(-17.19239017576,35.563861675281,
    27.898432989605));
#2747 = CARTESIAN_POINT('',(-16.92475784579,35.692278533362,
    26.933113567144));
#2748 = CARTESIAN_POINT('',(-16.23828265525,36.00997444943,
    24.98879893346));
#2749 = CARTESIAN_POINT('',(-15.81268496618,36.201914074368,
    24.011846345917));
#2750 = CARTESIAN_POINT('',(-15.31227454965,36.419588072896,
    23.057045321033));
#2751 = CARTESIAN_POINT('',(-14.73533318009,36.658670043033,
    22.128492564305));
#2752 = CARTESIAN_POINT('',(-14.07952129242,36.913830103669,
    21.231615876307));
#2753 = CARTESIAN_POINT('',(-13.12383186449,37.256795734381,
    20.119764928757));
#2754 = CARTESIAN_POINT('',(-12.89833975264,37.335981118762,
    19.86916241401));
#2755 = CARTESIAN_POINT('',(-12.66555687364,37.415848892718,
    19.62209420607));
#2756 = CARTESIAN_POINT('',(-12.42538392661,37.496223959616,
    19.37875136434));
#2757 = CARTESIAN_POINT('',(-12.17771902242,37.576919098913,
    19.139347572383));
#2758 = CARTESIAN_POINT('',(-11.59954115162,37.759970501354,
    18.606545088253));
#2759 = CARTESIAN_POINT('',(-11.26445921882,37.862401565298,
    18.315644970837));
#2760 = CARTESIAN_POINT('',(-10.91699707361,37.96462477789,
    18.031897459365));
#2761 = CARTESIAN_POINT('',(-10.55694964474,38.066197551956,
    17.755853766691));
#2762 = CARTESIAN_POINT('',(-10.18412160145,38.166638093245,
    17.488137644833));
#2763 = CARTESIAN_POINT('',(-9.288560090256,38.39595750522,
    16.887623686046));
#2764 = CARTESIAN_POINT('',(-8.755880938801,38.523672645692,
    16.561374074098));
#2765 = CARTESIAN_POINT('',(-8.200257618538,38.64724991267,
    16.252632638877));
#2766 = CARTESIAN_POINT('',(-7.621771119364,38.765264296794,
    15.963452014621));
#2767 = CARTESIAN_POINT('',(-7.020641113267,38.876209703821,
    15.696022530435));
#2768 = CARTESIAN_POINT('',(-6.397251366024,38.978521969925,
    15.452693360652));
#2769 = ORIENTED_EDGE('',*,*,#2603,.T.);
#2770 = ORIENTED_EDGE('',*,*,#972,.T.);
#2771 = ORIENTED_EDGE('',*,*,#2687,.T.);
#2772 = CYLINDRICAL_SURFACE('',#2773,17.593524768705);
#2773 = AXIS2_PLACEMENT_3D('',#2774,#2775,#2776);
#2774 = CARTESIAN_POINT('',(0.,7.07E-15,31.841936441007));
#2775 = DIRECTION('',(0.,-1.,2.2E-16));
#2776 = DIRECTION('',(1.,0.,0.));
#2777 = ADVANCED_FACE('',(#2778),#2797,.T.);
#2778 = FACE_BOUND('',#2779,.F.);
#2779 = EDGE_LOOP('',(#2780,#2781,#2789,#2796));
#2780 = ORIENTED_EDGE('',*,*,#1106,.F.);
#2781 = ORIENTED_EDGE('',*,*,#2782,.T.);
#2782 = EDGE_CURVE('',#1107,#2783,#2785,.T.);
#2783 = VERTEX_POINT('',#2784);
#2784 = CARTESIAN_POINT('',(35.5,0.,55.841934443504));
#2785 = LINE('',#2786,#2787);
#2786 = CARTESIAN_POINT('',(35.5,0.,0.));
#2787 = VECTOR('',#2788,1.);
#2788 = DIRECTION('',(0.,0.,1.));
#2789 = ORIENTED_EDGE('',*,*,#2790,.T.);
#2790 = EDGE_CURVE('',#2783,#2783,#2791,.T.);
#2791 = CIRCLE('',#2792,35.5);
#2792 = AXIS2_PLACEMENT_3D('',#2793,#2794,#2795);
#2793 = CARTESIAN_POINT('',(0.,0.,55.841934443504));
#2794 = DIRECTION('',(0.,0.,1.));
#2795 = DIRECTION('',(1.,0.,0.));
#2796 = ORIENTED_EDGE('',*,*,#2782,.F.);
#2797 = CYLINDRICAL_SURFACE('',#2798,35.5);
#2798 = AXIS2_PLACEMENT_3D('',#2799,#2800,#2801);
#2799 = CARTESIAN_POINT('',(0.,0.,0.));
#2800 = DIRECTION('',(-0.,-0.,-1.));
#2801 = DIRECTION('',(1.,0.,0.));
#2802 = ADVANCED_FACE('',(#2803,#2822,#2825),#2828,.F.);
#2803 = FACE_BOUND('',#2804,.F.);
#2804 = EDGE_LOOP('',(#2805,#2806,#2814,#2821));
#2805 = ORIENTED_EDGE('',*,*,#1167,.F.);
#2806 = ORIENTED_EDGE('',*,*,#2807,.T.);
#2807 = EDGE_CURVE('',#1168,#2808,#2810,.T.);
#2808 = VERTEX_POINT('',#2809);
#2809 = CARTESIAN_POINT('',(13.,0.,48.));
#2810 = LINE('',#2811,#2812);
#2811 = CARTESIAN_POINT('',(13.,0.,0.));
#2812 = VECTOR('',#2813,1.);
#2813 = DIRECTION('',(0.,0.,1.));
#2814 = ORIENTED_EDGE('',*,*,#2815,.T.);
#2815 = EDGE_CURVE('',#2808,#2808,#2816,.T.);
#2816 = CIRCLE('',#2817,13.);
#2817 = AXIS2_PLACEMENT_3D('',#2818,#2819,#2820);
#2818 = CARTESIAN_POINT('',(0.,0.,48.));
#2819 = DIRECTION('',(0.,0.,-1.));
#2820 = DIRECTION('',(1.,0.,0.));
#2821 = ORIENTED_EDGE('',*,*,#2807,.F.);
#2822 = FACE_BOUND('',#2823,.F.);
#2823 = EDGE_LOOP('',(#2824));
#2824 = ORIENTED_EDGE('',*,*,#1222,.F.);
#2825 = FACE_BOUND('',#2826,.F.);
#2826 = EDGE_LOOP('',(#2827));
#2827 = ORIENTED_EDGE('',*,*,#2285,.T.);
#2828 = CYLINDRICAL_SURFACE('',#2829,13.);
#2829 = AXIS2_PLACEMENT_3D('',#2830,#2831,#2832);
#2830 = CARTESIAN_POINT('',(0.,0.,0.));
#2831 = DIRECTION('',(0.,0.,-1.));
#2832 = DIRECTION('',(1.,0.,0.));
#2833 = ADVANCED_FACE('',(#2834),#2844,.T.);
#2834 = FACE_BOUND('',#2835,.F.);
#2835 = EDGE_LOOP('',(#2836,#2837,#2838,#2839,#2840,#2841,#2842,#2843));
#2836 = ORIENTED_EDGE('',*,*,#1425,.F.);
#2837 = ORIENTED_EDGE('',*,*,#1501,.F.);
#2838 = ORIENTED_EDGE('',*,*,#1566,.T.);
#2839 = ORIENTED_EDGE('',*,*,#1598,.T.);
#2840 = ORIENTED_EDGE('',*,*,#1667,.F.);
#2841 = ORIENTED_EDGE('',*,*,#1650,.T.);
#2842 = ORIENTED_EDGE('',*,*,#1540,.T.);
#2843 = ORIENTED_EDGE('',*,*,#1451,.F.);
#2844 = CYLINDRICAL_SURFACE('',#2845,39.5);
#2845 = AXIS2_PLACEMENT_3D('',#2846,#2847,#2848);
#2846 = CARTESIAN_POINT('',(0.,0.,0.));
#2847 = DIRECTION('',(-0.,-0.,-1.));
#2848 = DIRECTION('',(1.,0.,0.));
#2849 = ADVANCED_FACE('',(#2850),#2861,.T.);
#2850 = FACE_BOUND('',#2851,.F.);
#2851 = EDGE_LOOP('',(#2852,#2853,#2854,#2855,#2856,#2857,#2858,#2859,
    #2860));
#2852 = ORIENTED_EDGE('',*,*,#1728,.F.);
#2853 = ORIENTED_EDGE('',*,*,#1714,.F.);
#2854 = ORIENTED_EDGE('',*,*,#1792,.T.);
#2855 = ORIENTED_EDGE('',*,*,#1911,.F.);
#2856 = ORIENTED_EDGE('',*,*,#1892,.F.);
#2857 = ORIENTED_EDGE('',*,*,#1982,.F.);
#2858 = ORIENTED_EDGE('',*,*,#1940,.F.);
#2859 = ORIENTED_EDGE('',*,*,#1868,.T.);
#2860 = ORIENTED_EDGE('',*,*,#1766,.T.);
#2861 = CYLINDRICAL_SURFACE('',#2862,39.5);
#2862 = AXIS2_PLACEMENT_3D('',#2863,#2864,#2865);
#2863 = CARTESIAN_POINT('',(0.,0.,0.));
#2864 = DIRECTION('',(-0.,-0.,-1.));
#2865 = DIRECTION('',(1.,0.,0.));
#2866 = ADVANCED_FACE('',(#2867),#2877,.T.);
#2867 = FACE_BOUND('',#2868,.F.);
#2868 = EDGE_LOOP('',(#2869,#2870,#2871,#2872,#2873,#2874,#2875,#2876));
#2869 = ORIENTED_EDGE('',*,*,#2014,.F.);
#2870 = ORIENTED_EDGE('',*,*,#2076,.T.);
#2871 = ORIENTED_EDGE('',*,*,#2205,.T.);
#2872 = ORIENTED_EDGE('',*,*,#2228,.T.);
#2873 = ORIENTED_EDGE('',*,*,#2245,.T.);
#2874 = ORIENTED_EDGE('',*,*,#2162,.F.);
#2875 = ORIENTED_EDGE('',*,*,#2119,.F.);
#2876 = ORIENTED_EDGE('',*,*,#2029,.T.);
#2877 = CYLINDRICAL_SURFACE('',#2878,39.5);
#2878 = AXIS2_PLACEMENT_3D('',#2879,#2880,#2881);
#2879 = CARTESIAN_POINT('',(0.,0.,0.));
#2880 = DIRECTION('',(-0.,-0.,-1.));
#2881 = DIRECTION('',(1.,0.,0.));
#2882 = ADVANCED_FACE('',(#2883),#2894,.T.);
#2883 = FACE_BOUND('',#2884,.F.);
#2884 = EDGE_LOOP('',(#2885,#2886,#2887,#2888,#2889,#2890,#2891,#2892,
    #2893));
#2885 = ORIENTED_EDGE('',*,*,#2531,.T.);
#2886 = ORIENTED_EDGE('',*,*,#2497,.T.);
#2887 = ORIENTED_EDGE('',*,*,#2546,.T.);
#2888 = ORIENTED_EDGE('',*,*,#2648,.F.);
#2889 = ORIENTED_EDGE('',*,*,#2665,.T.);
#2890 = ORIENTED_EDGE('',*,*,#2695,.T.);
#2891 = ORIENTED_EDGE('',*,*,#2720,.F.);
#2892 = ORIENTED_EDGE('',*,*,#2587,.T.);
#2893 = ORIENTED_EDGE('',*,*,#2612,.T.);
#2894 = CYLINDRICAL_SURFACE('',#2895,39.5);
#2895 = AXIS2_PLACEMENT_3D('',#2896,#2897,#2898);
#2896 = CARTESIAN_POINT('',(0.,0.,0.));
#2897 = DIRECTION('',(-0.,-0.,-1.));
#2898 = DIRECTION('',(1.,0.,0.));
#2899 = ADVANCED_FACE('',(#2900,#2920),#2923,.F.);
#2900 = FACE_BOUND('',#2901,.F.);
#2901 = EDGE_LOOP('',(#2902,#2913));
#2902 = ORIENTED_EDGE('',*,*,#2903,.F.);
#2903 = EDGE_CURVE('',#2904,#2906,#2908,.T.);
#2904 = VERTEX_POINT('',#2905);
#2905 = CARTESIAN_POINT('',(39.999992335117,-2.021865507119E-02,
    55.841934443504));
#2906 = VERTEX_POINT('',#2907);
#2907 = CARTESIAN_POINT('',(-39.99998850265,-3.032799999986E-02,
    55.841934443504));
#2908 = CIRCLE('',#2909,40.);
#2909 = AXIS2_PLACEMENT_3D('',#2910,#2911,#2912);
#2910 = CARTESIAN_POINT('',(0.,0.,55.841934443504));
#2911 = DIRECTION('',(0.,0.,-1.));
#2912 = DIRECTION('',(1.,0.,0.));
#2913 = ORIENTED_EDGE('',*,*,#2914,.F.);
#2914 = EDGE_CURVE('',#2906,#2904,#2915,.T.);
#2915 = CIRCLE('',#2916,40.);
#2916 = AXIS2_PLACEMENT_3D('',#2917,#2918,#2919);
#2917 = CARTESIAN_POINT('',(0.,-6.0656E-02,55.841934443504));
#2918 = DIRECTION('',(0.,0.,-1.));
#2919 = DIRECTION('',(1.,0.,0.));
#2920 = FACE_BOUND('',#2921,.F.);
#2921 = EDGE_LOOP('',(#2922));
#2922 = ORIENTED_EDGE('',*,*,#2790,.F.);
#2923 = PLANE('',#2924);
#2924 = AXIS2_PLACEMENT_3D('',#2925,#2926,#2927);
#2925 = CARTESIAN_POINT('',(5.69E-15,0.2866215,55.841934443504));
#2926 = DIRECTION('',(0.,0.,1.));
#2927 = DIRECTION('',(1.,0.,0.));
#2928 = ADVANCED_FACE('',(#2929),#2932,.F.);
#2929 = FACE_BOUND('',#2930,.T.);
#2930 = EDGE_LOOP('',(#2931));
#2931 = ORIENTED_EDGE('',*,*,#2815,.T.);
#2932 = PLANE('',#2933);
#2933 = AXIS2_PLACEMENT_3D('',#2934,#2935,#2936);
#2934 = CARTESIAN_POINT('',(-4.2E-16,-1.15E-15,48.));
#2935 = DIRECTION('',(0.,0.,1.));
#2936 = DIRECTION('',(1.,0.,0.));
#2937 = ADVANCED_FACE('',(#2938,#2964),#2973,.T.);
#2938 = FACE_BOUND('',#2939,.F.);
#2939 = EDGE_LOOP('',(#2940,#2948,#2949,#2957));
#2940 = ORIENTED_EDGE('',*,*,#2941,.F.);
#2941 = EDGE_CURVE('',#2904,#2942,#2944,.T.);
#2942 = VERTEX_POINT('',#2943);
#2943 = CARTESIAN_POINT('',(39.999988502675,-3.032798260678E-02,
    58.841934443504));
#2944 = LINE('',#2945,#2946);
#2945 = CARTESIAN_POINT('',(40.,0.,0.));
#2946 = VECTOR('',#2947,1.);
#2947 = DIRECTION('',(0.,0.,1.));
#2948 = ORIENTED_EDGE('',*,*,#2903,.T.);
#2949 = ORIENTED_EDGE('',*,*,#2950,.F.);
#2950 = EDGE_CURVE('',#2951,#2906,#2953,.T.);
#2951 = VERTEX_POINT('',#2952);
#2952 = CARTESIAN_POINT('',(-39.99998850265,-3.032799999986E-02,
    58.841934443504));
#2953 = LINE('',#2954,#2955);
#2954 = CARTESIAN_POINT('',(-39.99998850265,-3.0328E-02,0.));
#2955 = VECTOR('',#2956,1.);
#2956 = DIRECTION('',(-0.,-0.,-1.));
#2957 = ORIENTED_EDGE('',*,*,#2958,.F.);
#2958 = EDGE_CURVE('',#2942,#2951,#2959,.T.);
#2959 = CIRCLE('',#2960,40.);
#2960 = AXIS2_PLACEMENT_3D('',#2961,#2962,#2963);
#2961 = CARTESIAN_POINT('',(0.,0.,58.841934443504));
#2962 = DIRECTION('',(0.,0.,-1.));
#2963 = DIRECTION('',(1.,0.,0.));
#2964 = FACE_BOUND('',#2965,.F.);
#2965 = EDGE_LOOP('',(#2966));
#2966 = ORIENTED_EDGE('',*,*,#2967,.T.);
#2967 = EDGE_CURVE('',#2904,#2904,#2968,.T.);
#2968 = CIRCLE('',#2969,40.);
#2969 = AXIS2_PLACEMENT_3D('',#2970,#2971,#2972);
#2970 = CARTESIAN_POINT('',(0.,0.,55.841934443504));
#2971 = DIRECTION('',(0.,0.,-1.));
#2972 = DIRECTION('',(1.,0.,0.));
#2973 = CYLINDRICAL_SURFACE('',#2974,40.);
#2974 = AXIS2_PLACEMENT_3D('',#2975,#2976,#2977);
#2975 = CARTESIAN_POINT('',(0.,0.,0.));
#2976 = DIRECTION('',(-0.,-0.,-1.));
#2977 = DIRECTION('',(1.,0.,0.));
#2978 = ADVANCED_FACE('',(#2979),#2991,.T.);
#2979 = FACE_BOUND('',#2980,.F.);
#2980 = EDGE_LOOP('',(#2981,#2982,#2983,#2990));
#2981 = ORIENTED_EDGE('',*,*,#2914,.T.);
#2982 = ORIENTED_EDGE('',*,*,#2941,.T.);
#2983 = ORIENTED_EDGE('',*,*,#2984,.F.);
#2984 = EDGE_CURVE('',#2951,#2942,#2985,.T.);
#2985 = CIRCLE('',#2986,40.);
#2986 = AXIS2_PLACEMENT_3D('',#2987,#2988,#2989);
#2987 = CARTESIAN_POINT('',(0.,-6.0656E-02,58.841934443504));
#2988 = DIRECTION('',(0.,0.,-1.));
#2989 = DIRECTION('',(1.,0.,0.));
#2990 = ORIENTED_EDGE('',*,*,#2950,.T.);
#2991 = CYLINDRICAL_SURFACE('',#2992,40.);
#2992 = AXIS2_PLACEMENT_3D('',#2993,#2994,#2995);
#2993 = CARTESIAN_POINT('',(0.,-6.0656E-02,0.));
#2994 = DIRECTION('',(-0.,-0.,-1.));
#2995 = DIRECTION('',(1.,0.,0.));
#2996 = ADVANCED_FACE('',(#2997,#3001),#3012,.F.);
#2997 = FACE_BOUND('',#2998,.F.);
#2998 = EDGE_LOOP('',(#2999,#3000));
#2999 = ORIENTED_EDGE('',*,*,#2984,.T.);
#3000 = ORIENTED_EDGE('',*,*,#2958,.T.);
#3001 = FACE_BOUND('',#3002,.F.);
#3002 = EDGE_LOOP('',(#3003));
#3003 = ORIENTED_EDGE('',*,*,#3004,.T.);
#3004 = EDGE_CURVE('',#3005,#3005,#3007,.T.);
#3005 = VERTEX_POINT('',#3006);
#3006 = CARTESIAN_POINT('',(35.5,0.,58.841934443504));
#3007 = CIRCLE('',#3008,35.5);
#3008 = AXIS2_PLACEMENT_3D('',#3009,#3010,#3011);
#3009 = CARTESIAN_POINT('',(0.,0.,58.841934443504));
#3010 = DIRECTION('',(0.,0.,1.));
#3011 = DIRECTION('',(1.,0.,0.));
#3012 = PLANE('',#3013);
#3013 = AXIS2_PLACEMENT_3D('',#3014,#3015,#3016);
#3014 = CARTESIAN_POINT('',(1.42E-15,0.2628255,58.841934443504));
#3015 = DIRECTION('',(-0.,-0.,-1.));
#3016 = DIRECTION('',(-1.,0.,0.));
#3017 = ADVANCED_FACE('',(#3018),#3021,.F.);
#3018 = FACE_BOUND('',#3019,.F.);
#3019 = EDGE_LOOP('',(#3020));
#3020 = ORIENTED_EDGE('',*,*,#2967,.F.);
#3021 = PLANE('',#3022);
#3022 = AXIS2_PLACEMENT_3D('',#3023,#3024,#3025);
#3023 = CARTESIAN_POINT('',(5.69E-15,0.2866215,55.841934443504));
#3024 = DIRECTION('',(0.,0.,1.));
#3025 = DIRECTION('',(1.,0.,0.));
#3026 = ADVANCED_FACE('',(#3027),#3046,.T.);
#3027 = FACE_BOUND('',#3028,.F.);
#3028 = EDGE_LOOP('',(#3029,#3030,#3038,#3045));
#3029 = ORIENTED_EDGE('',*,*,#3004,.F.);
#3030 = ORIENTED_EDGE('',*,*,#3031,.T.);
#3031 = EDGE_CURVE('',#3005,#3032,#3034,.T.);
#3032 = VERTEX_POINT('',#3033);
#3033 = CARTESIAN_POINT('',(35.5,0.,60.841934443504));
#3034 = LINE('',#3035,#3036);
#3035 = CARTESIAN_POINT('',(35.5,0.,0.));
#3036 = VECTOR('',#3037,1.);
#3037 = DIRECTION('',(0.,0.,1.));
#3038 = ORIENTED_EDGE('',*,*,#3039,.T.);
#3039 = EDGE_CURVE('',#3032,#3032,#3040,.T.);
#3040 = CIRCLE('',#3041,35.5);
#3041 = AXIS2_PLACEMENT_3D('',#3042,#3043,#3044);
#3042 = CARTESIAN_POINT('',(0.,0.,60.841934443504));
#3043 = DIRECTION('',(0.,0.,1.));
#3044 = DIRECTION('',(1.,0.,0.));
#3045 = ORIENTED_EDGE('',*,*,#3031,.F.);
#3046 = CYLINDRICAL_SURFACE('',#3047,35.5);
#3047 = AXIS2_PLACEMENT_3D('',#3048,#3049,#3050);
#3048 = CARTESIAN_POINT('',(0.,0.,0.));
#3049 = DIRECTION('',(-0.,-0.,-1.));
#3050 = DIRECTION('',(1.,0.,0.));
#3051 = ADVANCED_FACE('',(#3052,#3072),#3075,.F.);
#3052 = FACE_BOUND('',#3053,.F.);
#3053 = EDGE_LOOP('',(#3054,#3065));
#3054 = ORIENTED_EDGE('',*,*,#3055,.F.);
#3055 = EDGE_CURVE('',#3056,#3058,#3060,.T.);
#3056 = VERTEX_POINT('',#3057);
#3057 = CARTESIAN_POINT('',(39.999992335117,-2.021865507119E-02,
    60.841934443504));
#3058 = VERTEX_POINT('',#3059);
#3059 = CARTESIAN_POINT('',(-39.99998850265,-3.032799999986E-02,
    60.841934443504));
#3060 = CIRCLE('',#3061,40.);
#3061 = AXIS2_PLACEMENT_3D('',#3062,#3063,#3064);
#3062 = CARTESIAN_POINT('',(0.,0.,60.841934443504));
#3063 = DIRECTION('',(0.,0.,-1.));
#3064 = DIRECTION('',(1.,0.,0.));
#3065 = ORIENTED_EDGE('',*,*,#3066,.F.);
#3066 = EDGE_CURVE('',#3058,#3056,#3067,.T.);
#3067 = CIRCLE('',#3068,40.);
#3068 = AXIS2_PLACEMENT_3D('',#3069,#3070,#3071);
#3069 = CARTESIAN_POINT('',(0.,-6.0656E-02,60.841934443504));
#3070 = DIRECTION('',(0.,0.,-1.));
#3071 = DIRECTION('',(1.,0.,0.));
#3072 = FACE_BOUND('',#3073,.F.);
#3073 = EDGE_LOOP('',(#3074));
#3074 = ORIENTED_EDGE('',*,*,#3039,.F.);
#3075 = PLANE('',#3076);
#3076 = AXIS2_PLACEMENT_3D('',#3077,#3078,#3079);
#3077 = CARTESIAN_POINT('',(0.,0.2628255,60.841934443504));
#3078 = DIRECTION('',(0.,0.,1.));
#3079 = DIRECTION('',(1.,0.,0.));
#3080 = ADVANCED_FACE('',(#3081,#3107),#3116,.T.);
#3081 = FACE_BOUND('',#3082,.F.);
#3082 = EDGE_LOOP('',(#3083,#3091,#3092,#3100));
#3083 = ORIENTED_EDGE('',*,*,#3084,.F.);
#3084 = EDGE_CURVE('',#3056,#3085,#3087,.T.);
#3085 = VERTEX_POINT('',#3086);
#3086 = CARTESIAN_POINT('',(39.999988502675,-3.032798260678E-02,
    65.341934443504));
#3087 = LINE('',#3088,#3089);
#3088 = CARTESIAN_POINT('',(40.,0.,0.));
#3089 = VECTOR('',#3090,1.);
#3090 = DIRECTION('',(0.,0.,1.));
#3091 = ORIENTED_EDGE('',*,*,#3055,.T.);
#3092 = ORIENTED_EDGE('',*,*,#3093,.F.);
#3093 = EDGE_CURVE('',#3094,#3058,#3096,.T.);
#3094 = VERTEX_POINT('',#3095);
#3095 = CARTESIAN_POINT('',(-39.99998850265,-3.032799999986E-02,
    65.341934443504));
#3096 = LINE('',#3097,#3098);
#3097 = CARTESIAN_POINT('',(-39.99998850265,-3.0328E-02,0.));
#3098 = VECTOR('',#3099,1.);
#3099 = DIRECTION('',(-0.,-0.,-1.));
#3100 = ORIENTED_EDGE('',*,*,#3101,.F.);
#3101 = EDGE_CURVE('',#3085,#3094,#3102,.T.);
#3102 = CIRCLE('',#3103,40.);
#3103 = AXIS2_PLACEMENT_3D('',#3104,#3105,#3106);
#3104 = CARTESIAN_POINT('',(0.,0.,65.341934443504));
#3105 = DIRECTION('',(0.,0.,-1.));
#3106 = DIRECTION('',(1.,0.,0.));
#3107 = FACE_BOUND('',#3108,.F.);
#3108 = EDGE_LOOP('',(#3109));
#3109 = ORIENTED_EDGE('',*,*,#3110,.T.);
#3110 = EDGE_CURVE('',#3056,#3056,#3111,.T.);
#3111 = CIRCLE('',#3112,40.);
#3112 = AXIS2_PLACEMENT_3D('',#3113,#3114,#3115);
#3113 = CARTESIAN_POINT('',(0.,0.,60.841934443504));
#3114 = DIRECTION('',(0.,0.,-1.));
#3115 = DIRECTION('',(1.,0.,0.));
#3116 = CYLINDRICAL_SURFACE('',#3117,40.);
#3117 = AXIS2_PLACEMENT_3D('',#3118,#3119,#3120);
#3118 = CARTESIAN_POINT('',(0.,0.,0.));
#3119 = DIRECTION('',(-0.,-0.,-1.));
#3120 = DIRECTION('',(1.,0.,0.));
#3121 = ADVANCED_FACE('',(#3122),#3134,.T.);
#3122 = FACE_BOUND('',#3123,.F.);
#3123 = EDGE_LOOP('',(#3124,#3125,#3126,#3133));
#3124 = ORIENTED_EDGE('',*,*,#3066,.T.);
#3125 = ORIENTED_EDGE('',*,*,#3084,.T.);
#3126 = ORIENTED_EDGE('',*,*,#3127,.F.);
#3127 = EDGE_CURVE('',#3094,#3085,#3128,.T.);
#3128 = CIRCLE('',#3129,40.);
#3129 = AXIS2_PLACEMENT_3D('',#3130,#3131,#3132);
#3130 = CARTESIAN_POINT('',(0.,-6.0656E-02,65.341934443504));
#3131 = DIRECTION('',(0.,0.,-1.));
#3132 = DIRECTION('',(1.,0.,0.));
#3133 = ORIENTED_EDGE('',*,*,#3093,.T.);
#3134 = CYLINDRICAL_SURFACE('',#3135,40.);
#3135 = AXIS2_PLACEMENT_3D('',#3136,#3137,#3138);
#3136 = CARTESIAN_POINT('',(0.,-6.0656E-02,0.));
#3137 = DIRECTION('',(-0.,-0.,-1.));
#3138 = DIRECTION('',(1.,0.,0.));
#3139 = ADVANCED_FACE('',(#3140,#3144),#3155,.F.);
#3140 = FACE_BOUND('',#3141,.F.);
#3141 = EDGE_LOOP('',(#3142,#3143));
#3142 = ORIENTED_EDGE('',*,*,#3127,.T.);
#3143 = ORIENTED_EDGE('',*,*,#3101,.T.);
#3144 = FACE_BOUND('',#3145,.F.);
#3145 = EDGE_LOOP('',(#3146));
#3146 = ORIENTED_EDGE('',*,*,#3147,.T.);
#3147 = EDGE_CURVE('',#3148,#3148,#3150,.T.);
#3148 = VERTEX_POINT('',#3149);
#3149 = CARTESIAN_POINT('',(35.5,0.,65.341934443504));
#3150 = CIRCLE('',#3151,35.5);
#3151 = AXIS2_PLACEMENT_3D('',#3152,#3153,#3154);
#3152 = CARTESIAN_POINT('',(0.,0.,65.341934443504));
#3153 = DIRECTION('',(0.,0.,1.));
#3154 = DIRECTION('',(1.,0.,0.));
#3155 = PLANE('',#3156);
#3156 = AXIS2_PLACEMENT_3D('',#3157,#3158,#3159);
#3157 = CARTESIAN_POINT('',(1.42E-15,0.13773,65.341934443504));
#3158 = DIRECTION('',(-0.,-0.,-1.));
#3159 = DIRECTION('',(-1.,0.,0.));
#3160 = ADVANCED_FACE('',(#3161),#3164,.F.);
#3161 = FACE_BOUND('',#3162,.F.);
#3162 = EDGE_LOOP('',(#3163));
#3163 = ORIENTED_EDGE('',*,*,#3110,.F.);
#3164 = PLANE('',#3165);
#3165 = AXIS2_PLACEMENT_3D('',#3166,#3167,#3168);
#3166 = CARTESIAN_POINT('',(0.,0.2628255,60.841934443504));
#3167 = DIRECTION('',(0.,0.,1.));
#3168 = DIRECTION('',(1.,0.,0.));
#3169 = ADVANCED_FACE('',(#3170),#3189,.T.);
#3170 = FACE_BOUND('',#3171,.F.);
#3171 = EDGE_LOOP('',(#3172,#3173,#3181,#3188));
#3172 = ORIENTED_EDGE('',*,*,#3147,.F.);
#3173 = ORIENTED_EDGE('',*,*,#3174,.T.);
#3174 = EDGE_CURVE('',#3148,#3175,#3177,.T.);
#3175 = VERTEX_POINT('',#3176);
#3176 = CARTESIAN_POINT('',(35.5,0.,67.341934443504));
#3177 = LINE('',#3178,#3179);
#3178 = CARTESIAN_POINT('',(35.5,0.,0.));
#3179 = VECTOR('',#3180,1.);
#3180 = DIRECTION('',(0.,0.,1.));
#3181 = ORIENTED_EDGE('',*,*,#3182,.T.);
#3182 = EDGE_CURVE('',#3175,#3175,#3183,.T.);
#3183 = CIRCLE('',#3184,35.5);
#3184 = AXIS2_PLACEMENT_3D('',#3185,#3186,#3187);
#3185 = CARTESIAN_POINT('',(0.,0.,67.341934443504));
#3186 = DIRECTION('',(0.,0.,1.));
#3187 = DIRECTION('',(1.,0.,0.));
#3188 = ORIENTED_EDGE('',*,*,#3174,.F.);
#3189 = CYLINDRICAL_SURFACE('',#3190,35.5);
#3190 = AXIS2_PLACEMENT_3D('',#3191,#3192,#3193);
#3191 = CARTESIAN_POINT('',(0.,0.,0.));
#3192 = DIRECTION('',(-0.,-0.,-1.));
#3193 = DIRECTION('',(1.,0.,0.));
#3194 = ADVANCED_FACE('',(#3195,#3215),#3218,.F.);
#3195 = FACE_BOUND('',#3196,.F.);
#3196 = EDGE_LOOP('',(#3197,#3208));
#3197 = ORIENTED_EDGE('',*,*,#3198,.F.);
#3198 = EDGE_CURVE('',#3199,#3201,#3203,.T.);
#3199 = VERTEX_POINT('',#3200);
#3200 = CARTESIAN_POINT('',(39.999992335117,-2.021865507119E-02,
    67.341934443504));
#3201 = VERTEX_POINT('',#3202);
#3202 = CARTESIAN_POINT('',(-39.99998850265,-3.032799999986E-02,
    67.341934443504));
#3203 = CIRCLE('',#3204,40.);
#3204 = AXIS2_PLACEMENT_3D('',#3205,#3206,#3207);
#3205 = CARTESIAN_POINT('',(0.,0.,67.341934443504));
#3206 = DIRECTION('',(0.,0.,-1.));
#3207 = DIRECTION('',(1.,0.,0.));
#3208 = ORIENTED_EDGE('',*,*,#3209,.F.);
#3209 = EDGE_CURVE('',#3201,#3199,#3210,.T.);
#3210 = CIRCLE('',#3211,40.);
#3211 = AXIS2_PLACEMENT_3D('',#3212,#3213,#3214);
#3212 = CARTESIAN_POINT('',(0.,-6.0656E-02,67.341934443504));
#3213 = DIRECTION('',(0.,0.,-1.));
#3214 = DIRECTION('',(1.,0.,0.));
#3215 = FACE_BOUND('',#3216,.F.);
#3216 = EDGE_LOOP('',(#3217));
#3217 = ORIENTED_EDGE('',*,*,#3182,.F.);
#3218 = PLANE('',#3219);
#3219 = AXIS2_PLACEMENT_3D('',#3220,#3221,#3222);
#3220 = CARTESIAN_POINT('',(0.,0.13773,67.341934443504));
#3221 = DIRECTION('',(0.,0.,1.));
#3222 = DIRECTION('',(1.,0.,0.));
#3223 = ADVANCED_FACE('',(#3224,#3259),#3268,.T.);
#3224 = FACE_BOUND('',#3225,.F.);
#3225 = EDGE_LOOP('',(#3226,#3234,#3235,#3243,#3252));
#3226 = ORIENTED_EDGE('',*,*,#3227,.F.);
#3227 = EDGE_CURVE('',#3199,#3228,#3230,.T.);
#3228 = VERTEX_POINT('',#3229);
#3229 = CARTESIAN_POINT('',(40.,0.,71.8));
#3230 = LINE('',#3231,#3232);
#3231 = CARTESIAN_POINT('',(40.,0.,0.));
#3232 = VECTOR('',#3233,1.);
#3233 = DIRECTION('',(0.,0.,1.));
#3234 = ORIENTED_EDGE('',*,*,#3198,.T.);
#3235 = ORIENTED_EDGE('',*,*,#3236,.F.);
#3236 = EDGE_CURVE('',#3237,#3201,#3239,.T.);
#3237 = VERTEX_POINT('',#3238);
#3238 = CARTESIAN_POINT('',(-39.99998850265,-3.03280000079E-02,71.8));
#3239 = LINE('',#3240,#3241);
#3240 = CARTESIAN_POINT('',(-39.99998850265,-3.0328E-02,0.));
#3241 = VECTOR('',#3242,1.);
#3242 = DIRECTION('',(-0.,-0.,-1.));
#3243 = ORIENTED_EDGE('',*,*,#3244,.T.);
#3244 = EDGE_CURVE('',#3237,#3245,#3247,.T.);
#3245 = VERTEX_POINT('',#3246);
#3246 = CARTESIAN_POINT('',(40.,-6.0656E-02,71.8));
#3247 = CIRCLE('',#3248,40.);
#3248 = AXIS2_PLACEMENT_3D('',#3249,#3250,#3251);
#3249 = CARTESIAN_POINT('',(0.,0.,71.8));
#3250 = DIRECTION('',(0.,0.,1.));
#3251 = DIRECTION('',(1.,0.,0.));
#3252 = ORIENTED_EDGE('',*,*,#3253,.T.);
#3253 = EDGE_CURVE('',#3245,#3228,#3254,.T.);
#3254 = CIRCLE('',#3255,40.);
#3255 = AXIS2_PLACEMENT_3D('',#3256,#3257,#3258);
#3256 = CARTESIAN_POINT('',(0.,0.,71.8));
#3257 = DIRECTION('',(0.,0.,1.));
#3258 = DIRECTION('',(1.,0.,0.));
#3259 = FACE_BOUND('',#3260,.F.);
#3260 = EDGE_LOOP('',(#3261));
#3261 = ORIENTED_EDGE('',*,*,#3262,.T.);
#3262 = EDGE_CURVE('',#3199,#3199,#3263,.T.);
#3263 = CIRCLE('',#3264,40.);
#3264 = AXIS2_PLACEMENT_3D('',#3265,#3266,#3267);
#3265 = CARTESIAN_POINT('',(0.,0.,67.341934443504));
#3266 = DIRECTION('',(0.,0.,-1.));
#3267 = DIRECTION('',(1.,0.,0.));
#3268 = CYLINDRICAL_SURFACE('',#3269,40.);
#3269 = AXIS2_PLACEMENT_3D('',#3270,#3271,#3272);
#3270 = CARTESIAN_POINT('',(0.,0.,0.));
#3271 = DIRECTION('',(-0.,-0.,-1.));
#3272 = DIRECTION('',(1.,0.,0.));
#3273 = ADVANCED_FACE('',(#3274),#3286,.T.);
#3274 = FACE_BOUND('',#3275,.F.);
#3275 = EDGE_LOOP('',(#3276,#3277,#3278,#3285));
#3276 = ORIENTED_EDGE('',*,*,#3209,.T.);
#3277 = ORIENTED_EDGE('',*,*,#3227,.T.);
#3278 = ORIENTED_EDGE('',*,*,#3279,.T.);
#3279 = EDGE_CURVE('',#3228,#3237,#3280,.T.);
#3280 = CIRCLE('',#3281,40.);
#3281 = AXIS2_PLACEMENT_3D('',#3282,#3283,#3284);
#3282 = CARTESIAN_POINT('',(0.,-6.0656E-02,71.8));
#3283 = DIRECTION('',(0.,0.,1.));
#3284 = DIRECTION('',(1.,0.,0.));
#3285 = ORIENTED_EDGE('',*,*,#3236,.T.);
#3286 = CYLINDRICAL_SURFACE('',#3287,40.);
#3287 = AXIS2_PLACEMENT_3D('',#3288,#3289,#3290);
#3288 = CARTESIAN_POINT('',(0.,-6.0656E-02,0.));
#3289 = DIRECTION('',(-0.,-0.,-1.));
#3290 = DIRECTION('',(1.,0.,0.));
#3291 = ADVANCED_FACE('',(#3292,#3297),#3362,.T.);
#3292 = FACE_BOUND('',#3293,.T.);
#3293 = EDGE_LOOP('',(#3294,#3295,#3296));
#3294 = ORIENTED_EDGE('',*,*,#3253,.T.);
#3295 = ORIENTED_EDGE('',*,*,#3279,.T.);
#3296 = ORIENTED_EDGE('',*,*,#3244,.T.);
#3297 = FACE_BOUND('',#3298,.T.);
#3298 = EDGE_LOOP('',(#3299,#3310,#3319,#3328,#3337,#3346,#3355));
#3299 = ORIENTED_EDGE('',*,*,#3300,.F.);
#3300 = EDGE_CURVE('',#3301,#3303,#3305,.T.);
#3301 = VERTEX_POINT('',#3302);
#3302 = CARTESIAN_POINT('',(24.,18.,71.8));
#3303 = VERTEX_POINT('',#3304);
#3304 = CARTESIAN_POINT('',(-15.98867497007,17.32704165004,71.8));
#3305 = CIRCLE('',#3306,20.);
#3306 = AXIS2_PLACEMENT_3D('',#3307,#3308,#3309);
#3307 = CARTESIAN_POINT('',(4.,18.,71.8));
#3308 = DIRECTION('',(0.,0.,1.));
#3309 = DIRECTION('',(1.,0.,0.));
#3310 = ORIENTED_EDGE('',*,*,#3311,.F.);
#3311 = EDGE_CURVE('',#3312,#3301,#3314,.T.);
#3312 = VERTEX_POINT('',#3313);
#3313 = CARTESIAN_POINT('',(13.988674970073,0.67295834996,71.8));
#3314 = CIRCLE('',#3315,20.);
#3315 = AXIS2_PLACEMENT_3D('',#3316,#3317,#3318);
#3316 = CARTESIAN_POINT('',(4.,18.,71.8));
#3317 = DIRECTION('',(0.,0.,1.));
#3318 = DIRECTION('',(1.,0.,0.));
#3319 = ORIENTED_EDGE('',*,*,#3320,.F.);
#3320 = EDGE_CURVE('',#3321,#3312,#3323,.T.);
#3321 = VERTEX_POINT('',#3322);
#3322 = CARTESIAN_POINT('',(14.,0.,71.8));
#3323 = CIRCLE('',#3324,20.);
#3324 = AXIS2_PLACEMENT_3D('',#3325,#3326,#3327);
#3325 = CARTESIAN_POINT('',(-6.,0.,71.8));
#3326 = DIRECTION('',(0.,0.,1.));
#3327 = DIRECTION('',(1.,0.,0.));
#3328 = ORIENTED_EDGE('',*,*,#3329,.F.);
#3329 = EDGE_CURVE('',#3330,#3321,#3332,.T.);
#3330 = VERTEX_POINT('',#3331);
#3331 = CARTESIAN_POINT('',(13.988674970073,-0.67295834996,71.8));
#3332 = CIRCLE('',#3333,20.);
#3333 = AXIS2_PLACEMENT_3D('',#3334,#3335,#3336);
#3334 = CARTESIAN_POINT('',(-6.,0.,71.8));
#3335 = DIRECTION('',(0.,0.,1.));
#3336 = DIRECTION('',(1.,0.,0.));
#3337 = ORIENTED_EDGE('',*,*,#3338,.F.);
#3338 = EDGE_CURVE('',#3339,#3330,#3341,.T.);
#3339 = VERTEX_POINT('',#3340);
#3340 = CARTESIAN_POINT('',(24.,-18.,71.8));
#3341 = CIRCLE('',#3342,20.);
#3342 = AXIS2_PLACEMENT_3D('',#3343,#3344,#3345);
#3343 = CARTESIAN_POINT('',(4.,-18.,71.8));
#3344 = DIRECTION('',(0.,0.,1.));
#3345 = DIRECTION('',(1.,0.,0.));
#3346 = ORIENTED_EDGE('',*,*,#3347,.F.);
#3347 = EDGE_CURVE('',#3348,#3339,#3350,.T.);
#3348 = VERTEX_POINT('',#3349);
#3349 = CARTESIAN_POINT('',(-15.98867497007,-17.32704165004,71.8));
#3350 = CIRCLE('',#3351,20.);
#3351 = AXIS2_PLACEMENT_3D('',#3352,#3353,#3354);
#3352 = CARTESIAN_POINT('',(4.,-18.,71.8));
#3353 = DIRECTION('',(0.,0.,1.));
#3354 = DIRECTION('',(1.,0.,0.));
#3355 = ORIENTED_EDGE('',*,*,#3356,.F.);
#3356 = EDGE_CURVE('',#3303,#3348,#3357,.T.);
#3357 = CIRCLE('',#3358,20.);
#3358 = AXIS2_PLACEMENT_3D('',#3359,#3360,#3361);
#3359 = CARTESIAN_POINT('',(-6.,0.,71.8));
#3360 = DIRECTION('',(0.,0.,1.));
#3361 = DIRECTION('',(1.,0.,0.));
#3362 = PLANE('',#3363);
#3363 = AXIS2_PLACEMENT_3D('',#3364,#3365,#3366);
#3364 = CARTESIAN_POINT('',(-2.19E-15,2.74E-15,71.8));
#3365 = DIRECTION('',(0.,0.,1.));
#3366 = DIRECTION('',(1.,0.,0.));
#3367 = ADVANCED_FACE('',(#3368),#3371,.F.);
#3368 = FACE_BOUND('',#3369,.F.);
#3369 = EDGE_LOOP('',(#3370));
#3370 = ORIENTED_EDGE('',*,*,#3262,.F.);
#3371 = PLANE('',#3372);
#3372 = AXIS2_PLACEMENT_3D('',#3373,#3374,#3375);
#3373 = CARTESIAN_POINT('',(0.,0.13773,67.341934443504));
#3374 = DIRECTION('',(0.,0.,1.));
#3375 = DIRECTION('',(1.,0.,0.));
#3376 = ADVANCED_FACE('',(#3377),#3413,.F.);
#3377 = FACE_BOUND('',#3378,.F.);
#3378 = EDGE_LOOP('',(#3379,#3387,#3396,#3405,#3411,#3412));
#3379 = ORIENTED_EDGE('',*,*,#3380,.F.);
#3380 = EDGE_CURVE('',#3381,#3312,#3383,.T.);
#3381 = VERTEX_POINT('',#3382);
#3382 = CARTESIAN_POINT('',(13.988674970073,0.67295834996,70.8));
#3383 = LINE('',#3384,#3385);
#3384 = CARTESIAN_POINT('',(13.988674970073,0.672958349959,71.8));
#3385 = VECTOR('',#3386,1.);
#3386 = DIRECTION('',(0.,0.,1.));
#3387 = ORIENTED_EDGE('',*,*,#3388,.T.);
#3388 = EDGE_CURVE('',#3381,#3389,#3391,.T.);
#3389 = VERTEX_POINT('',#3390);
#3390 = CARTESIAN_POINT('',(24.,18.,70.8));
#3391 = CIRCLE('',#3392,20.);
#3392 = AXIS2_PLACEMENT_3D('',#3393,#3394,#3395);
#3393 = CARTESIAN_POINT('',(4.,18.,70.8));
#3394 = DIRECTION('',(0.,0.,1.));
#3395 = DIRECTION('',(1.,0.,0.));
#3396 = ORIENTED_EDGE('',*,*,#3397,.T.);
#3397 = EDGE_CURVE('',#3389,#3398,#3400,.T.);
#3398 = VERTEX_POINT('',#3399);
#3399 = CARTESIAN_POINT('',(-15.98867497007,17.32704165004,70.8));
#3400 = CIRCLE('',#3401,20.);
#3401 = AXIS2_PLACEMENT_3D('',#3402,#3403,#3404);
#3402 = CARTESIAN_POINT('',(4.,18.,70.8));
#3403 = DIRECTION('',(0.,0.,1.));
#3404 = DIRECTION('',(1.,0.,0.));
#3405 = ORIENTED_EDGE('',*,*,#3406,.T.);
#3406 = EDGE_CURVE('',#3398,#3303,#3407,.T.);
#3407 = LINE('',#3408,#3409);
#3408 = CARTESIAN_POINT('',(-15.98867497007,17.327041650041,71.8));
#3409 = VECTOR('',#3410,1.);
#3410 = DIRECTION('',(0.,0.,1.));
#3411 = ORIENTED_EDGE('',*,*,#3300,.F.);
#3412 = ORIENTED_EDGE('',*,*,#3311,.F.);
#3413 = CYLINDRICAL_SURFACE('',#3414,20.);
#3414 = AXIS2_PLACEMENT_3D('',#3415,#3416,#3417);
#3415 = CARTESIAN_POINT('',(4.,18.,71.8));
#3416 = DIRECTION('',(0.,0.,1.));
#3417 = DIRECTION('',(1.,0.,0.));
#3418 = ADVANCED_FACE('',(#3419),#3438,.F.);
#3419 = FACE_BOUND('',#3420,.F.);
#3420 = EDGE_LOOP('',(#3421,#3422,#3423,#3432));
#3421 = ORIENTED_EDGE('',*,*,#3356,.F.);
#3422 = ORIENTED_EDGE('',*,*,#3406,.F.);
#3423 = ORIENTED_EDGE('',*,*,#3424,.T.);
#3424 = EDGE_CURVE('',#3398,#3425,#3427,.T.);
#3425 = VERTEX_POINT('',#3426);
#3426 = CARTESIAN_POINT('',(-15.98867497007,-17.32704165004,70.8));
#3427 = CIRCLE('',#3428,20.);
#3428 = AXIS2_PLACEMENT_3D('',#3429,#3430,#3431);
#3429 = CARTESIAN_POINT('',(-6.,0.,70.8));
#3430 = DIRECTION('',(0.,0.,1.));
#3431 = DIRECTION('',(1.,0.,0.));
#3432 = ORIENTED_EDGE('',*,*,#3433,.T.);
#3433 = EDGE_CURVE('',#3425,#3348,#3434,.T.);
#3434 = LINE('',#3435,#3436);
#3435 = CARTESIAN_POINT('',(-15.98867497007,-17.32704165004,71.8));
#3436 = VECTOR('',#3437,1.);
#3437 = DIRECTION('',(0.,0.,1.));
#3438 = CYLINDRICAL_SURFACE('',#3439,20.);
#3439 = AXIS2_PLACEMENT_3D('',#3440,#3441,#3442);
#3440 = CARTESIAN_POINT('',(-6.,0.,71.8));
#3441 = DIRECTION('',(0.,0.,1.));
#3442 = DIRECTION('',(1.,0.,0.));
#3443 = ADVANCED_FACE('',(#3444),#3473,.F.);
#3444 = FACE_BOUND('',#3445,.F.);
#3445 = EDGE_LOOP('',(#3446,#3454,#3455,#3456,#3457,#3466));
#3446 = ORIENTED_EDGE('',*,*,#3447,.T.);
#3447 = EDGE_CURVE('',#3448,#3330,#3450,.T.);
#3448 = VERTEX_POINT('',#3449);
#3449 = CARTESIAN_POINT('',(13.988674970073,-0.67295834996,70.8));
#3450 = LINE('',#3451,#3452);
#3451 = CARTESIAN_POINT('',(13.988674970073,-0.672958349959,71.8));
#3452 = VECTOR('',#3453,1.);
#3453 = DIRECTION('',(0.,0.,1.));
#3454 = ORIENTED_EDGE('',*,*,#3338,.F.);
#3455 = ORIENTED_EDGE('',*,*,#3347,.F.);
#3456 = ORIENTED_EDGE('',*,*,#3433,.F.);
#3457 = ORIENTED_EDGE('',*,*,#3458,.T.);
#3458 = EDGE_CURVE('',#3425,#3459,#3461,.T.);
#3459 = VERTEX_POINT('',#3460);
#3460 = CARTESIAN_POINT('',(24.,-18.,70.8));
#3461 = CIRCLE('',#3462,20.);
#3462 = AXIS2_PLACEMENT_3D('',#3463,#3464,#3465);
#3463 = CARTESIAN_POINT('',(4.,-18.,70.8));
#3464 = DIRECTION('',(0.,0.,1.));
#3465 = DIRECTION('',(1.,0.,0.));
#3466 = ORIENTED_EDGE('',*,*,#3467,.T.);
#3467 = EDGE_CURVE('',#3459,#3448,#3468,.T.);
#3468 = CIRCLE('',#3469,20.);
#3469 = AXIS2_PLACEMENT_3D('',#3470,#3471,#3472);
#3470 = CARTESIAN_POINT('',(4.,-18.,70.8));
#3471 = DIRECTION('',(0.,0.,1.));
#3472 = DIRECTION('',(1.,0.,0.));
#3473 = CYLINDRICAL_SURFACE('',#3474,20.);
#3474 = AXIS2_PLACEMENT_3D('',#3475,#3476,#3477);
#3475 = CARTESIAN_POINT('',(4.,-18.,71.8));
#3476 = DIRECTION('',(0.,0.,1.));
#3477 = DIRECTION('',(1.,0.,0.));
#3478 = ADVANCED_FACE('',(#3479),#3501,.F.);
#3479 = FACE_BOUND('',#3480,.F.);
#3480 = EDGE_LOOP('',(#3481,#3482,#3483,#3484,#3485,#3494));
#3481 = ORIENTED_EDGE('',*,*,#3380,.T.);
#3482 = ORIENTED_EDGE('',*,*,#3320,.F.);
#3483 = ORIENTED_EDGE('',*,*,#3329,.F.);
#3484 = ORIENTED_EDGE('',*,*,#3447,.F.);
#3485 = ORIENTED_EDGE('',*,*,#3486,.T.);
#3486 = EDGE_CURVE('',#3448,#3487,#3489,.T.);
#3487 = VERTEX_POINT('',#3488);
#3488 = CARTESIAN_POINT('',(14.,0.,70.8));
#3489 = CIRCLE('',#3490,20.);
#3490 = AXIS2_PLACEMENT_3D('',#3491,#3492,#3493);
#3491 = CARTESIAN_POINT('',(-6.,0.,70.8));
#3492 = DIRECTION('',(0.,0.,1.));
#3493 = DIRECTION('',(1.,0.,0.));
#3494 = ORIENTED_EDGE('',*,*,#3495,.T.);
#3495 = EDGE_CURVE('',#3487,#3381,#3496,.T.);
#3496 = CIRCLE('',#3497,20.);
#3497 = AXIS2_PLACEMENT_3D('',#3498,#3499,#3500);
#3498 = CARTESIAN_POINT('',(-6.,0.,70.8));
#3499 = DIRECTION('',(0.,0.,1.));
#3500 = DIRECTION('',(1.,0.,0.));
#3501 = CYLINDRICAL_SURFACE('',#3502,20.);
#3502 = AXIS2_PLACEMENT_3D('',#3503,#3504,#3505);
#3503 = CARTESIAN_POINT('',(-6.,0.,71.8));
#3504 = DIRECTION('',(0.,0.,1.));
#3505 = DIRECTION('',(1.,0.,0.));
#3506 = ADVANCED_FACE('',(#3507,#3518),#3527,.T.);
#3507 = FACE_BOUND('',#3508,.T.);
#3508 = EDGE_LOOP('',(#3509));
#3509 = ORIENTED_EDGE('',*,*,#3510,.F.);
#3510 = EDGE_CURVE('',#3511,#3511,#3513,.T.);
#3511 = VERTEX_POINT('',#3512);
#3512 = CARTESIAN_POINT('',(13.99,0.,70.8));
#3513 = CIRCLE('',#3514,19.99);
#3514 = AXIS2_PLACEMENT_3D('',#3515,#3516,#3517);
#3515 = CARTESIAN_POINT('',(-6.,0.,70.8));
#3516 = DIRECTION('',(0.,0.,1.));
#3517 = DIRECTION('',(1.,0.,0.));
#3518 = FACE_BOUND('',#3519,.T.);
#3519 = EDGE_LOOP('',(#3520,#3521,#3522,#3523,#3524,#3525,#3526));
#3520 = ORIENTED_EDGE('',*,*,#3388,.T.);
#3521 = ORIENTED_EDGE('',*,*,#3397,.T.);
#3522 = ORIENTED_EDGE('',*,*,#3424,.T.);
#3523 = ORIENTED_EDGE('',*,*,#3458,.T.);
#3524 = ORIENTED_EDGE('',*,*,#3467,.T.);
#3525 = ORIENTED_EDGE('',*,*,#3486,.T.);
#3526 = ORIENTED_EDGE('',*,*,#3495,.T.);
#3527 = PLANE('',#3528);
#3528 = AXIS2_PLACEMENT_3D('',#3529,#3530,#3531);
#3529 = CARTESIAN_POINT('',(2.104317330326,-3.9E-16,70.8));
#3530 = DIRECTION('',(0.,0.,1.));
#3531 = DIRECTION('',(1.,0.,0.));
#3532 = ADVANCED_FACE('',(#3533),#3553,.T.);
#3533 = FACE_BOUND('',#3534,.F.);
#3534 = EDGE_LOOP('',(#3535,#3544,#3551,#3552));
#3535 = ORIENTED_EDGE('',*,*,#3536,.F.);
#3536 = EDGE_CURVE('',#3537,#3511,#3539,.T.);
#3537 = VERTEX_POINT('',#3538);
#3538 = CARTESIAN_POINT('',(13.5,0.,70.31));
#3539 = CIRCLE('',#3540,0.49);
#3540 = AXIS2_PLACEMENT_3D('',#3541,#3542,#3543);
#3541 = CARTESIAN_POINT('',(13.99,0.,70.31));
#3542 = DIRECTION('',(-0.,1.,0.));
#3543 = DIRECTION('',(1.,0.,0.));
#3544 = ORIENTED_EDGE('',*,*,#3545,.F.);
#3545 = EDGE_CURVE('',#3537,#3537,#3546,.T.);
#3546 = CIRCLE('',#3547,19.5);
#3547 = AXIS2_PLACEMENT_3D('',#3548,#3549,#3550);
#3548 = CARTESIAN_POINT('',(-6.,0.,70.31));
#3549 = DIRECTION('',(0.,0.,1.));
#3550 = DIRECTION('',(1.,0.,0.));
#3551 = ORIENTED_EDGE('',*,*,#3536,.T.);
#3552 = ORIENTED_EDGE('',*,*,#3510,.T.);
#3553 = TOROIDAL_SURFACE('',#3554,19.99,0.49);
#3554 = AXIS2_PLACEMENT_3D('',#3555,#3556,#3557);
#3555 = CARTESIAN_POINT('',(-6.,0.,70.31));
#3556 = DIRECTION('',(-0.,-0.,-1.));
#3557 = DIRECTION('',(1.,0.,0.));
#3558 = ADVANCED_FACE('',(#3559),#3578,.F.);
#3559 = FACE_BOUND('',#3560,.F.);
#3560 = EDGE_LOOP('',(#3561,#3569,#3570,#3571));
#3561 = ORIENTED_EDGE('',*,*,#3562,.F.);
#3562 = EDGE_CURVE('',#3537,#3563,#3565,.T.);
#3563 = VERTEX_POINT('',#3564);
#3564 = CARTESIAN_POINT('',(13.5,0.,59.8));
#3565 = LINE('',#3566,#3567);
#3566 = CARTESIAN_POINT('',(13.5,0.,71.8));
#3567 = VECTOR('',#3568,1.);
#3568 = DIRECTION('',(-0.,-0.,-1.));
#3569 = ORIENTED_EDGE('',*,*,#3545,.F.);
#3570 = ORIENTED_EDGE('',*,*,#3562,.T.);
#3571 = ORIENTED_EDGE('',*,*,#3572,.T.);
#3572 = EDGE_CURVE('',#3563,#3563,#3573,.T.);
#3573 = CIRCLE('',#3574,19.5);
#3574 = AXIS2_PLACEMENT_3D('',#3575,#3576,#3577);
#3575 = CARTESIAN_POINT('',(-6.,0.,59.8));
#3576 = DIRECTION('',(0.,0.,1.));
#3577 = DIRECTION('',(1.,0.,0.));
#3578 = CYLINDRICAL_SURFACE('',#3579,19.5);
#3579 = AXIS2_PLACEMENT_3D('',#3580,#3581,#3582);
#3580 = CARTESIAN_POINT('',(-6.,0.,71.8));
#3581 = DIRECTION('',(0.,0.,1.));
#3582 = DIRECTION('',(1.,0.,0.));
#3583 = ADVANCED_FACE('',(#3584),#3604,.F.);
#3584 = FACE_BOUND('',#3585,.F.);
#3585 = EDGE_LOOP('',(#3586,#3595,#3602,#3603));
#3586 = ORIENTED_EDGE('',*,*,#3587,.F.);
#3587 = EDGE_CURVE('',#3588,#3563,#3590,.T.);
#3588 = VERTEX_POINT('',#3589);
#3589 = CARTESIAN_POINT('',(10.5,0.,56.8));
#3590 = CIRCLE('',#3591,3.);
#3591 = AXIS2_PLACEMENT_3D('',#3592,#3593,#3594);
#3592 = CARTESIAN_POINT('',(10.5,0.,59.8));
#3593 = DIRECTION('',(0.,-1.,0.));
#3594 = DIRECTION('',(1.,0.,0.));
#3595 = ORIENTED_EDGE('',*,*,#3596,.T.);
#3596 = EDGE_CURVE('',#3588,#3588,#3597,.T.);
#3597 = CIRCLE('',#3598,16.5);
#3598 = AXIS2_PLACEMENT_3D('',#3599,#3600,#3601);
#3599 = CARTESIAN_POINT('',(-6.,0.,56.8));
#3600 = DIRECTION('',(0.,0.,1.));
#3601 = DIRECTION('',(1.,0.,0.));
#3602 = ORIENTED_EDGE('',*,*,#3587,.T.);
#3603 = ORIENTED_EDGE('',*,*,#3572,.F.);
#3604 = TOROIDAL_SURFACE('',#3605,16.5,3.);
#3605 = AXIS2_PLACEMENT_3D('',#3606,#3607,#3608);
#3606 = CARTESIAN_POINT('',(-6.,0.,59.8));
#3607 = DIRECTION('',(0.,0.,1.));
#3608 = DIRECTION('',(1.,0.,0.));
#3609 = ADVANCED_FACE('',(#3610,#3613),#3624,.T.);
#3610 = FACE_BOUND('',#3611,.T.);
#3611 = EDGE_LOOP('',(#3612));
#3612 = ORIENTED_EDGE('',*,*,#3596,.T.);
#3613 = FACE_BOUND('',#3614,.T.);
#3614 = EDGE_LOOP('',(#3615));
#3615 = ORIENTED_EDGE('',*,*,#3616,.F.);
#3616 = EDGE_CURVE('',#3617,#3617,#3619,.T.);
#3617 = VERTEX_POINT('',#3618);
#3618 = CARTESIAN_POINT('',(8.242640779134,-1.E-15,56.8));
#3619 = CIRCLE('',#3620,14.242640779134);
#3620 = AXIS2_PLACEMENT_3D('',#3621,#3622,#3623);
#3621 = CARTESIAN_POINT('',(-6.,0.,56.8));
#3622 = DIRECTION('',(-0.,0.,1.));
#3623 = DIRECTION('',(1.,-6.E-17,0.));
#3624 = PLANE('',#3625);
#3625 = AXIS2_PLACEMENT_3D('',#3626,#3627,#3628);
#3626 = CARTESIAN_POINT('',(-6.,3.3E-16,56.8));
#3627 = DIRECTION('',(0.,0.,1.));
#3628 = DIRECTION('',(1.,0.,0.));
#3629 = ADVANCED_FACE('',(#3630),#3650,.F.);
#3630 = FACE_BOUND('',#3631,.F.);
#3631 = EDGE_LOOP('',(#3632,#3641,#3648,#3649));
#3632 = ORIENTED_EDGE('',*,*,#3633,.F.);
#3633 = EDGE_CURVE('',#3634,#3617,#3636,.T.);
#3634 = VERTEX_POINT('',#3635);
#3635 = CARTESIAN_POINT('',(6.121320324503,-1.E-15,57.678679767512));
#3636 = CIRCLE('',#3637,3.);
#3637 = AXIS2_PLACEMENT_3D('',#3638,#3639,#3640);
#3638 = CARTESIAN_POINT('',(8.242640779134,-8.7E-16,59.8));
#3639 = DIRECTION('',(-6.E-17,-1.,0.));
#3640 = DIRECTION('',(1.,-6.E-17,0.));
#3641 = ORIENTED_EDGE('',*,*,#3642,.T.);
#3642 = EDGE_CURVE('',#3634,#3634,#3643,.T.);
#3643 = CIRCLE('',#3644,12.121320324503);
#3644 = AXIS2_PLACEMENT_3D('',#3645,#3646,#3647);
#3645 = CARTESIAN_POINT('',(-6.,0.,57.678679767512));
#3646 = DIRECTION('',(-0.,0.,1.));
#3647 = DIRECTION('',(1.,-6.E-17,0.));
#3648 = ORIENTED_EDGE('',*,*,#3633,.T.);
#3649 = ORIENTED_EDGE('',*,*,#3616,.F.);
#3650 = TOROIDAL_SURFACE('',#3651,14.242640779134,3.);
#3651 = AXIS2_PLACEMENT_3D('',#3652,#3653,#3654);
#3652 = CARTESIAN_POINT('',(-6.,0.,59.8));
#3653 = DIRECTION('',(0.,0.,1.));
#3654 = DIRECTION('',(1.,-6.E-17,0.));
#3655 = ADVANCED_FACE('',(#3656),#3674,.T.);
#3656 = FACE_BOUND('',#3657,.T.);
#3657 = EDGE_LOOP('',(#3658,#3665,#3672,#3673));
#3658 = ORIENTED_EDGE('',*,*,#3659,.T.);
#3659 = EDGE_CURVE('',#3634,#3660,#3662,.T.);
#3660 = VERTEX_POINT('',#3661);
#3661 = CARTESIAN_POINT('',(-4.646445371282,0.,68.446446590895));
#3662 = B_SPLINE_CURVE_WITH_KNOTS('',1,(#3663,#3664),.UNSPECIFIED.,.F.,
  .F.,(2,2),(0.,1.),.PIECEWISE_BEZIER_KNOTS.);
#3663 = CARTESIAN_POINT('',(7.,0.,56.8));
#3664 = CARTESIAN_POINT('',(-4.999998743363,0.,68.8));
#3665 = ORIENTED_EDGE('',*,*,#3666,.F.);
#3666 = EDGE_CURVE('',#3660,#3660,#3667,.T.);
#3667 = CIRCLE('',#3668,1.353554628718);
#3668 = AXIS2_PLACEMENT_3D('',#3669,#3670,#3671);
#3669 = CARTESIAN_POINT('',(-6.,0.,68.446446590895));
#3670 = DIRECTION('',(0.,0.,1.));
#3671 = DIRECTION('',(1.,0.,0.));
#3672 = ORIENTED_EDGE('',*,*,#3659,.F.);
#3673 = ORIENTED_EDGE('',*,*,#3642,.T.);
#3674 = CONICAL_SURFACE('',#3675,13.,0.785398111038);
#3675 = AXIS2_PLACEMENT_3D('',#3676,#3677,#3678);
#3676 = CARTESIAN_POINT('',(-6.,0.,56.8));
#3677 = DIRECTION('',(-0.,-0.,-1.));
#3678 = DIRECTION('',(1.,0.,0.));
#3679 = ADVANCED_FACE('',(#3680),#3699,.T.);
#3680 = FACE_BOUND('',#3681,.T.);
#3681 = EDGE_LOOP('',(#3682,#3690,#3691,#3692));
#3682 = ORIENTED_EDGE('',*,*,#3683,.F.);
#3683 = EDGE_CURVE('',#3660,#3684,#3686,.T.);
#3684 = VERTEX_POINT('',#3685);
#3685 = CARTESIAN_POINT('',(-5.499998743363,0.,68.8));
#3686 = LINE('',#3687,#3688);
#3687 = CARTESIAN_POINT('',(-5.499998743363,0.,68.8));
#3688 = VECTOR('',#3689,1.);
#3689 = DIRECTION('',(-0.923879522493,0.,0.382683456552));
#3690 = ORIENTED_EDGE('',*,*,#3666,.T.);
#3691 = ORIENTED_EDGE('',*,*,#3683,.T.);
#3692 = ORIENTED_EDGE('',*,*,#3693,.F.);
#3693 = EDGE_CURVE('',#3684,#3684,#3694,.T.);
#3694 = CIRCLE('',#3695,0.500001256637);
#3695 = AXIS2_PLACEMENT_3D('',#3696,#3697,#3698);
#3696 = CARTESIAN_POINT('',(-6.,0.,68.8));
#3697 = DIRECTION('',(0.,0.,1.));
#3698 = DIRECTION('',(1.,0.,0.));
#3699 = CONICAL_SURFACE('',#3700,0.500001256637,1.178097218916);
#3700 = AXIS2_PLACEMENT_3D('',#3701,#3702,#3703);
#3701 = CARTESIAN_POINT('',(-6.,0.,68.8));
#3702 = DIRECTION('',(-0.,-0.,-1.));
#3703 = DIRECTION('',(1.,0.,0.));
#3704 = ADVANCED_FACE('',(#3705),#3708,.T.);
#3705 = FACE_BOUND('',#3706,.T.);
#3706 = EDGE_LOOP('',(#3707));
#3707 = ORIENTED_EDGE('',*,*,#3693,.T.);
#3708 = PLANE('',#3709);
#3709 = AXIS2_PLACEMENT_3D('',#3710,#3711,#3712);
#3710 = CARTESIAN_POINT('',(-6.,0.,68.8));
#3711 = DIRECTION('',(0.,0.,1.));
#3712 = DIRECTION('',(1.,0.,0.));
#3713 = ( GEOMETRIC_REPRESENTATION_CONTEXT(3) 
GLOBAL_UNCERTAINTY_ASSIGNED_CONTEXT((#3717)) 
GLOBAL_UNIT_ASSIGNED_CONTEXT((#3714,#3715,#3716)) REPRESENTATION_CONTEXT
('Context #1','3D Context with UNIT and UNCERTAINTY') );
#3714 = ( LENGTH_UNIT() NAMED_UNIT(*) SI_UNIT(.MILLI.,.METRE.) );
#3715 = ( NAMED_UNIT(*) PLANE_ANGLE_UNIT() SI_UNIT($,.RADIAN.) );
#3716 = ( NAMED_UNIT(*) SI_UNIT($,.STERADIAN.) SOLID_ANGLE_UNIT() );
#3717 = UNCERTAINTY_MEASURE_WITH_UNIT(LENGTH_MEASURE(5.E-03),#3714,
  'distance_accuracy_value','confusion accuracy');
#3718 = PRODUCT_RELATED_PRODUCT_CATEGORY('part',$,(#7));
#3719 = MECHANICAL_DESIGN_GEOMETRIC_PRESENTATION_REPRESENTATION('',(
    #3720),#3713);
#3720 = STYLED_ITEM('color',(#3721),#15);
#3721 = PRESENTATION_STYLE_ASSIGNMENT((#3722,#3728));
#3722 = SURFACE_STYLE_USAGE(.BOTH.,#3723);
#3723 = SURFACE_SIDE_STYLE('',(#3724));
#3724 = SURFACE_STYLE_FILL_AREA(#3725);
#3725 = FILL_AREA_STYLE('',(#3726));
#3726 = FILL_AREA_STYLE_COLOUR('',#3727);
#3727 = COLOUR_RGB('',0.447058818107,0.474509808674,0.501960817233);
#3728 = CURVE_STYLE('',#3729,POSITIVE_LENGTH_MEASURE(0.1),#3730);
#3729 = DRAUGHTING_PRE_DEFINED_CURVE_FONT('continuous');
#3730 = COLOUR_RGB('',9.803921802644E-02,9.803921802644E-02,
  9.803921802644E-02);
ENDSEC;
END-ISO-10303-21;
